snapshot_ts_utc,snapshot_type,sport,event_id,commence_time,home_team,away_team,bookmaker,last_update,market,outcome,price,point
2026-09-20T19:46:24+00:00,manual,nfl,9d14f87600f6edc74dbcb5c74edf6246,2026-09-20T17:02:22Z,New England Patriots,Pittsburgh Steelers,draftkings,2026-09-20T19:45:25Z,spreads,New England Patriots,-547,-16.5
2026-09-20T19:46:24+00:00,manual,nfl,9d14f87600f6edc74dbcb5c74edf6246,2026-09-20T17:02:22Z,New England Patriots,Pittsburgh Steelers,draftkings,2026-09-20T19:45:25Z,spreads,Pittsburgh Steelers,381,16.5
2026-09-20T19:46:24+00:00,manual,nfl,9d14f87600f6edc74dbcb5c74edf6246,2026-09-20T17:02:22Z,New England Patriots,Pittsburgh Steelers,draftkings,2026-09-20T19:45:25Z,totals,Over,181,23.5
2026-09-20T19:46:24+00:00,manual,nfl,9d14f87600f6edc74dbcb5c74edf6246,2026-09-20T17:02:22Z,New England Patriots,Pittsburgh Steelers,draftkings,2026-09-20T19:45:25Z,totals,Under,-243,23.5
2026-09-20T19:46:24+00:00,manual,nfl,9d14f87600f6edc74dbcb5c74edf6246,2026-09-20T17:02:22Z,New England Patriots,Pittsburgh Steelers,fanduel,2026-09-20T19:45:45Z,spreads,New England Patriots,-650,-16.5
2026-09-20T19:46:24+00:00,manual,nfl,9d14f87600f6edc74dbcb5c74edf6246,2026-09-20T17:02:22Z,New England Patriots,Pittsburgh Steelers,fanduel,2026-09-20T19:45:45Z,spreads,Pittsburgh Steelers,390,16.5
2026-09-20T19:46:24+00:00,manual,nfl,9d14f87600f6edc74dbcb5c74edf6246,2026-09-20T17:02:22Z,New England Patriots,Pittsburgh Steelers,fanduel,2026-09-20T19:45:45Z,totals,Over,178,23.5
2026-09-20T19:46:24+00:00,manual,nfl,9d14f87600f6edc74dbcb5c74edf6246,2026-09-20T17:02:22Z,New England Patriots,Pittsburgh Steelers,fanduel,2026-09-20T19:45:45Z,totals,Under,-245,23.5
2026-09-20T19:46:24+00:00,manual,nfl,9d14f87600f6edc74dbcb5c74edf6246,2026-09-20T17:02:22Z,New England Patriots,Pittsburgh Steelers,betmgm,2026-09-20T19:45:25Z,spreads,New England Patriots,-600,-16.5
2026-09-20T19:46:24+00:00,manual,nfl,9d14f87600f6edc74dbcb5c74edf6246,2026-09-20T17:02:22Z,New England Patriots,Pittsburgh Steelers,betmgm,2026-09-20T19:45:25Z,spreads,Pittsburgh Steelers,380,16.5
2026-09-20T19:46:24+00:00,manual,nfl,9d14f87600f6edc74dbcb5c74edf6246,2026-09-20T17:02:22Z,New England Patriots,Pittsburgh Steelers,betmgm,2026-09-20T19:45:25Z,totals,Over,230,23.5
2026-09-20T19:46:24+00:00,manual,nfl,9d14f87600f6edc74dbcb5c74edf6246,2026-09-20T17:02:22Z,New England Patriots,Pittsburgh Steelers,betmgm,2026-09-20T19:45:25Z,totals,Under,-325,23.5
2026-09-20T19:46:24+00:00,manual,nfl,9d14f87600f6edc74dbcb5c74edf6246,2026-09-20T17:02:22Z,New England Patriots,Pittsburgh Steelers,pinnacle,2026-09-20T19:46:05Z,spreads,New England Patriots,-249,-16.5
2026-09-20T19:46:24+00:00,manual,nfl,9d14f87600f6edc74dbcb5c74edf6246,2026-09-20T17:02:22Z,New England Patriots,Pittsburgh Steelers,pinnacle,2026-09-20T19:46:05Z,spreads,Pittsburgh Steelers,194,16.5
2026-09-20T19:46:24+00:00,manual,nfl,9d14f87600f6edc74dbcb5c74edf6246,2026-09-20T17:02:22Z,New England Patriots,Pittsburgh Steelers,pinnacle,2026-09-20T19:46:05Z,totals,Over,110,29.5
2026-09-20T19:46:24+00:00,manual,nfl,9d14f87600f6edc74dbcb5c74edf6246,2026-09-20T17:02:22Z,New England Patriots,Pittsburgh Steelers,pinnacle,2026-09-20T19:46:05Z,totals,Under,-138,29.5
2026-09-20T19:46:24+00:00,manual,nfl,9d14f87600f6edc74dbcb5c74edf6246,2026-09-20T17:02:22Z,New England Patriots,Pittsburgh Steelers,bovada,2026-09-20T19:41:44Z,spreads,New England Patriots,145,-11.5
2026-09-20T19:46:24+00:00,manual,nfl,9d14f87600f6edc74dbcb5c74edf6246,2026-09-20T17:02:22Z,New England Patriots,Pittsburgh Steelers,bovada,2026-09-20T19:41:44Z,spreads,Pittsburgh Steelers,-190,11.5
2026-09-20T19:46:24+00:00,manual,nfl,2143ade9684fd876b68a4e8cbf451f05,2026-09-20T17:02:38Z,Baltimore Ravens,New Orleans Saints,draftkings,2026-09-20T19:45:25Z,h2h,Baltimore Ravens,219,
2026-09-20T19:46:24+00:00,manual,nfl,2143ade9684fd876b68a4e8cbf451f05,2026-09-20T17:02:38Z,Baltimore Ravens,New Orleans Saints,draftkings,2026-09-20T19:45:25Z,h2h,New Orleans Saints,-297,
2026-09-20T19:46:24+00:00,manual,nfl,2143ade9684fd876b68a4e8cbf451f05,2026-09-20T17:02:38Z,Baltimore Ravens,New Orleans Saints,fanduel,2026-09-20T19:45:06Z,h2h,Baltimore Ravens,340,
2026-09-20T19:46:24+00:00,manual,nfl,2143ade9684fd876b68a4e8cbf451f05,2026-09-20T17:02:38Z,Baltimore Ravens,New Orleans Saints,fanduel,2026-09-20T19:45:06Z,h2h,New Orleans Saints,-500,
2026-09-20T19:46:24+00:00,manual,nfl,2143ade9684fd876b68a4e8cbf451f05,2026-09-20T17:02:38Z,Baltimore Ravens,New Orleans Saints,betmgm,2026-09-20T19:45:25Z,totals,Over,-112,37.5
2026-09-20T19:46:24+00:00,manual,nfl,2143ade9684fd876b68a4e8cbf451f05,2026-09-20T17:02:38Z,Baltimore Ravens,New Orleans Saints,betmgm,2026-09-20T19:45:25Z,totals,Under,-115,37.5
2026-09-20T19:46:24+00:00,manual,nfl,2143ade9684fd876b68a4e8cbf451f05,2026-09-20T17:02:38Z,Baltimore Ravens,New Orleans Saints,pinnacle,2026-09-20T19:46:05Z,h2h,Baltimore Ravens,390,
2026-09-20T19:46:24+00:00,manual,nfl,2143ade9684fd876b68a4e8cbf451f05,2026-09-20T17:02:38Z,Baltimore Ravens,New Orleans Saints,pinnacle,2026-09-20T19:46:05Z,h2h,New Orleans Saints,-530,
2026-09-20T19:46:24+00:00,manual,nfl,2143ade9684fd876b68a4e8cbf451f05,2026-09-20T17:02:38Z,Baltimore Ravens,New Orleans Saints,bovada,2026-09-20T19:44:06Z,h2h,Baltimore Ravens,350,
2026-09-20T19:46:24+00:00,manual,nfl,2143ade9684fd876b68a4e8cbf451f05,2026-09-20T17:02:38Z,Baltimore Ravens,New Orleans Saints,bovada,2026-09-20T19:44:06Z,h2h,New Orleans Saints,-550,
2026-09-20T19:46:24+00:00,manual,nfl,0283a29e1b38ef78b29b904fd56a16dd,2026-09-20T17:02:38Z,Chicago Bears,Minnesota Vikings,draftkings,2026-09-20T19:45:25Z,h2h,Chicago Bears,1180,
2026-09-20T19:46:24+00:00,manual,nfl,0283a29e1b38ef78b29b904fd56a16dd,2026-09-20T17:02:38Z,Chicago Bears,Minnesota Vikings,draftkings,2026-09-20T19:45:25Z,h2h,Minnesota Vikings,-2200,
2026-09-20T19:46:24+00:00,manual,nfl,0283a29e1b38ef78b29b904fd56a16dd,2026-09-20T17:02:38Z,Chicago Bears,Minnesota Vikings,draftkings,2026-09-20T19:45:25Z,spreads,Chicago Bears,-154,3.5
2026-09-20T19:46:24+00:00,manual,nfl,0283a29e1b38ef78b29b904fd56a16dd,2026-09-20T17:02:38Z,Chicago Bears,Minnesota Vikings,draftkings,2026-09-20T19:45:25Z,spreads,Minnesota Vikings,116,-3.5
2026-09-20T19:46:24+00:00,manual,nfl,0283a29e1b38ef78b29b904fd56a16dd,2026-09-20T17:02:38Z,Chicago Bears,Minnesota Vikings,draftkings,2026-09-20T19:45:25Z,totals,Over,-126,11.5
2026-09-20T19:46:24+00:00,manual,nfl,0283a29e1b38ef78b29b904fd56a16dd,2026-09-20T17:02:38Z,Chicago Bears,Minnesota Vikings,draftkings,2026-09-20T19:45:25Z,totals,Under,-105,11.5
2026-09-20T19:46:24+00:00,manual,nfl,0283a29e1b38ef78b29b904fd56a16dd,2026-09-20T17:02:38Z,Chicago Bears,Minnesota Vikings,fanduel,2026-09-20T19:45:45Z,h2h,Chicago Bears,1100,
2026-09-20T19:46:24+00:00,manual,nfl,0283a29e1b38ef78b29b904fd56a16dd,2026-09-20T17:02:38Z,Chicago Bears,Minnesota Vikings,fanduel,2026-09-20T19:45:45Z,h2h,Minnesota Vikings,-4000,
2026-09-20T19:46:24+00:00,manual,nfl,0283a29e1b38ef78b29b904fd56a16dd,2026-09-20T17:02:38Z,Chicago Bears,Minnesota Vikings,betmgm,2026-09-20T19:45:25Z,h2h,Chicago Bears,750,
2026-09-20T19:46:24+00:00,manual,nfl,0283a29e1b38ef78b29b904fd56a16dd,2026-09-20T17:02:38Z,Chicago Bears,Minnesota Vikings,betmgm,2026-09-20T19:45:25Z,h2h,Minnesota Vikings,-1200,
2026-09-20T19:46:24+00:00,manual,nfl,0283a29e1b38ef78b29b904fd56a16dd,2026-09-20T17:02:38Z,Chicago Bears,Minnesota Vikings,betmgm,2026-09-20T19:45:25Z,spreads,Chicago Bears,-120,3.5
2026-09-20T19:46:24+00:00,manual,nfl,0283a29e1b38ef78b29b904fd56a16dd,2026-09-20T17:02:38Z,Chicago Bears,Minnesota Vikings,betmgm,2026-09-20T19:45:25Z,spreads,Minnesota Vikings,-110,-3.5
2026-09-20T19:46:24+00:00,manual,nfl,0283a29e1b38ef78b29b904fd56a16dd,2026-09-20T17:02:38Z,Chicago Bears,Minnesota Vikings,bovada,2026-09-20T19:44:06Z,h2h,Chicago Bears,600,
2026-09-20T19:46:24+00:00,manual,nfl,0283a29e1b38ef78b29b904fd56a16dd,2026-09-20T17:02:38Z,Chicago Bears,Minnesota Vikings,bovada,2026-09-20T19:44:06Z,h2h,Minnesota Vikings,-1100,
2026-09-20T19:46:24+00:00,manual,nfl,36ad2fa722f4915ef23d2c81351261de,2026-09-20T17:02:38Z,Houston Texans,Cincinnati Bengals,draftkings,2026-09-20T19:45:25Z,h2h,Cincinnati Bengals,-3900,
2026-09-20T19:46:24+00:00,manual,nfl,36ad2fa722f4915ef23d2c81351261de,2026-09-20T17:02:38Z,Houston Texans,Cincinnati Bengals,draftkings,2026-09-20T19:45:25Z,h2h,Houston Texans,1800,
2026-09-20T19:46:24+00:00,manual,nfl,36ad2fa722f4915ef23d2c81351261de,2026-09-20T17:02:38Z,Houston Texans,Cincinnati Bengals,draftkings,2026-09-20T19:45:25Z,spreads,Cincinnati Bengals,-127,-13.5
2026-09-20T19:46:24+00:00,manual,nfl,36ad2fa722f4915ef23d2c81351261de,2026-09-20T17:02:38Z,Houston Texans,Cincinnati Bengals,draftkings,2026-09-20T19:45:25Z,spreads,Houston Texans,-103,13.5
2026-09-20T19:46:24+00:00,manual,nfl,36ad2fa722f4915ef23d2c81351261de,2026-09-20T17:02:38Z,Houston Texans,Cincinnati Bengals,draftkings,2026-09-20T19:45:25Z,totals,Over,105,33.5
2026-09-20T19:46:24+00:00,manual,nfl,36ad2fa722f4915ef23d2c81351261de,2026-09-20T17:02:38Z,Houston Texans,Cincinnati Bengals,draftkings,2026-09-20T19:45:25Z,totals,Under,-138,33.5
2026-09-20T19:46:24+00:00,manual,nfl,36ad2fa722f4915ef23d2c81351261de,2026-09-20T17:02:38Z,Houston Texans,Cincinnati Bengals,fanduel,2026-09-20T19:45:45Z,h2h,Cincinnati Bengals,-4000,
2026-09-20T19:46:24+00:00,manual,nfl,36ad2fa722f4915ef23d2c81351261de,2026-09-20T17:02:38Z,Houston Texans,Cincinnati Bengals,fanduel,2026-09-20T19:45:45Z,h2h,Houston Texans,1100,
2026-09-20T19:46:24+00:00,manual,nfl,36ad2fa722f4915ef23d2c81351261de,2026-09-20T17:02:38Z,Houston Texans,Cincinnati Bengals,fanduel,2026-09-20T19:45:45Z,spreads,Cincinnati Bengals,-112,-13.5
2026-09-20T19:46:24+00:00,manual,nfl,36ad2fa722f4915ef23d2c81351261de,2026-09-20T17:02:38Z,Houston Texans,Cincinnati Bengals,fanduel,2026-09-20T19:45:45Z,spreads,Houston Texans,-118,13.5
2026-09-20T19:46:24+00:00,manual,nfl,36ad2fa722f4915ef23d2c81351261de,2026-09-20T17:02:38Z,Houston Texans,Cincinnati Bengals,fanduel,2026-09-20T19:45:45Z,totals,Over,128,33.5
2026-09-20T19:46:24+00:00,manual,nfl,36ad2fa722f4915ef23d2c81351261de,2026-09-20T17:02:38Z,Houston Texans,Cincinnati Bengals,fanduel,2026-09-20T19:45:45Z,totals,Under,-172,33.5
2026-09-20T19:46:24+00:00,manual,nfl,36ad2fa722f4915ef23d2c81351261de,2026-09-20T17:02:38Z,Houston Texans,Cincinnati Bengals,betmgm,2026-09-20T19:45:25Z,h2h,Cincinnati Bengals,-5000,
2026-09-20T19:46:24+00:00,manual,nfl,36ad2fa722f4915ef23d2c81351261de,2026-09-20T17:02:38Z,Houston Texans,Cincinnati Bengals,betmgm,2026-09-20T19:45:25Z,h2h,Houston Texans,2000,
2026-09-20T19:46:24+00:00,manual,nfl,36ad2fa722f4915ef23d2c81351261de,2026-09-20T17:02:38Z,Houston Texans,Cincinnati Bengals,betmgm,2026-09-20T19:45:25Z,spreads,Cincinnati Bengals,-118,-11.5
2026-09-20T19:46:24+00:00,manual,nfl,36ad2fa722f4915ef23d2c81351261de,2026-09-20T17:02:38Z,Houston Texans,Cincinnati Bengals,betmgm,2026-09-20T19:45:25Z,spreads,Houston Texans,-112,11.5
2026-09-20T19:46:24+00:00,manual,nfl,36ad2fa722f4915ef23d2c81351261de,2026-09-20T17:02:38Z,Houston Texans,Cincinnati Bengals,betmgm,2026-09-20T19:45:25Z,totals,Over,120,33.5
2026-09-20T19:46:24+00:00,manual,nfl,36ad2fa722f4915ef23d2c81351261de,2026-09-20T17:02:38Z,Houston Texans,Cincinnati Bengals,betmgm,2026-09-20T19:45:25Z,totals,Under,-145,33.5
2026-09-20T19:46:24+00:00,manual,nfl,36ad2fa722f4915ef23d2c81351261de,2026-09-20T17:02:38Z,Houston Texans,Cincinnati Bengals,bovada,2026-09-20T19:44:06Z,h2h,Cincinnati Bengals,-2800,
2026-09-20T19:46:24+00:00,manual,nfl,36ad2fa722f4915ef23d2c81351261de,2026-09-20T17:02:38Z,Houston Texans,Cincinnati Bengals,bovada,2026-09-20T19:44:06Z,h2h,Houston Texans,1100,
2026-09-20T19:46:24+00:00,manual,nfl,36ad2fa722f4915ef23d2c81351261de,2026-09-20T17:02:38Z,Houston Texans,Cincinnati Bengals,bovada,2026-09-20T19:44:06Z,spreads,Cincinnati Bengals,-135,-13.5
2026-09-20T19:46:24+00:00,manual,nfl,36ad2fa722f4915ef23d2c81351261de,2026-09-20T17:02:38Z,Houston Texans,Cincinnati Bengals,bovada,2026-09-20T19:44:06Z,spreads,Houston Texans,105,13.5
2026-09-20T19:46:24+00:00,manual,nfl,36ad2fa722f4915ef23d2c81351261de,2026-09-20T17:02:38Z,Houston Texans,Cincinnati Bengals,bovada,2026-09-20T19:44:06Z,totals,Over,-120,33.0
2026-09-20T19:46:24+00:00,manual,nfl,36ad2fa722f4915ef23d2c81351261de,2026-09-20T17:02:38Z,Houston Texans,Cincinnati Bengals,bovada,2026-09-20T19:44:06Z,totals,Under,-110,33.0
2026-09-20T19:46:24+00:00,manual,nfl,0636ebff776d43f8c829a36713c80b22,2026-09-20T17:02:40Z,Tampa Bay Buccaneers,Cleveland Browns,draftkings,2026-09-20T19:45:25Z,h2h,Cleveland Browns,166,
2026-09-20T19:46:24+00:00,manual,nfl,0636ebff776d43f8c829a36713c80b22,2026-09-20T17:02:40Z,Tampa Bay Buccaneers,Cleveland Browns,draftkings,2026-09-20T19:45:25Z,h2h,Tampa Bay Buccaneers,-222,
2026-09-20T19:46:24+00:00,manual,nfl,0636ebff776d43f8c829a36713c80b22,2026-09-20T17:02:40Z,Tampa Bay Buccaneers,Cleveland Browns,draftkings,2026-09-20T19:45:25Z,spreads,Cleveland Browns,151,2.5
2026-09-20T19:46:24+00:00,manual,nfl,0636ebff776d43f8c829a36713c80b22,2026-09-20T17:02:40Z,Tampa Bay Buccaneers,Cleveland Browns,draftkings,2026-09-20T19:45:25Z,spreads,Tampa Bay Buccaneers,-203,-2.5
2026-09-20T19:46:24+00:00,manual,nfl,0636ebff776d43f8c829a36713c80b22,2026-09-20T17:02:40Z,Tampa Bay Buccaneers,Cleveland Browns,draftkings,2026-09-20T19:45:25Z,totals,Over,-146,41.5
2026-09-20T19:46:24+00:00,manual,nfl,0636ebff776d43f8c829a36713c80b22,2026-09-20T17:02:40Z,Tampa Bay Buccaneers,Cleveland Browns,draftkings,2026-09-20T19:45:25Z,totals,Under,110,41.5
2026-09-20T19:46:24+00:00,manual,nfl,0636ebff776d43f8c829a36713c80b22,2026-09-20T17:02:40Z,Tampa Bay Buccaneers,Cleveland Browns,fanduel,2026-09-20T19:45:45Z,h2h,Cleveland Browns,190,
2026-09-20T19:46:24+00:00,manual,nfl,0636ebff776d43f8c829a36713c80b22,2026-09-20T17:02:40Z,Tampa Bay Buccaneers,Cleveland Browns,fanduel,2026-09-20T19:45:45Z,h2h,Tampa Bay Buccaneers,-250,
2026-09-20T19:46:24+00:00,manual,nfl,0636ebff776d43f8c829a36713c80b22,2026-09-20T17:02:40Z,Tampa Bay Buccaneers,Cleveland Browns,fanduel,2026-09-20T19:45:45Z,spreads,Cleveland Browns,162,2.5
2026-09-20T19:46:24+00:00,manual,nfl,0636ebff776d43f8c829a36713c80b22,2026-09-20T17:02:40Z,Tampa Bay Buccaneers,Cleveland Browns,fanduel,2026-09-20T19:45:45Z,spreads,Tampa Bay Buccaneers,-220,-2.5
2026-09-20T19:46:24+00:00,manual,nfl,0636ebff776d43f8c829a36713c80b22,2026-09-20T17:02:40Z,Tampa Bay Buccaneers,Cleveland Browns,fanduel,2026-09-20T19:45:45Z,totals,Over,-136,41.5
2026-09-20T19:46:24+00:00,manual,nfl,0636ebff776d43f8c829a36713c80b22,2026-09-20T17:02:40Z,Tampa Bay Buccaneers,Cleveland Browns,fanduel,2026-09-20T19:45:45Z,totals,Under,102,41.5
2026-09-20T19:46:24+00:00,manual,nfl,0636ebff776d43f8c829a36713c80b22,2026-09-20T17:02:40Z,Tampa Bay Buccaneers,Cleveland Browns,betmgm,2026-09-20T19:45:25Z,spreads,Cleveland Browns,165,2.5
2026-09-20T19:46:24+00:00,manual,nfl,0636ebff776d43f8c829a36713c80b22,2026-09-20T17:02:40Z,Tampa Bay Buccaneers,Cleveland Browns,betmgm,2026-09-20T19:45:25Z,spreads,Tampa Bay Buccaneers,-220,-2.5
2026-09-20T19:46:24+00:00,manual,nfl,0636ebff776d43f8c829a36713c80b22,2026-09-20T17:02:40Z,Tampa Bay Buccaneers,Cleveland Browns,betmgm,2026-09-20T19:45:25Z,totals,Over,-120,41.5
2026-09-20T19:46:24+00:00,manual,nfl,0636ebff776d43f8c829a36713c80b22,2026-09-20T17:02:40Z,Tampa Bay Buccaneers,Cleveland Browns,betmgm,2026-09-20T19:45:25Z,totals,Under,100,41.5
2026-09-20T19:46:24+00:00,manual,nfl,0636ebff776d43f8c829a36713c80b22,2026-09-20T17:02:40Z,Tampa Bay Buccaneers,Cleveland Browns,pinnacle,2026-09-20T19:46:05Z,h2h,Cleveland Browns,249,
2026-09-20T19:46:24+00:00,manual,nfl,0636ebff776d43f8c829a36713c80b22,2026-09-20T17:02:40Z,Tampa Bay Buccaneers,Cleveland Browns,pinnacle,2026-09-20T19:46:05Z,h2h,Tampa Bay Buccaneers,-311,
2026-09-20T19:46:24+00:00,manual,nfl,0636ebff776d43f8c829a36713c80b22,2026-09-20T17:02:40Z,Tampa Bay Buccaneers,Cleveland Browns,bovada,2026-09-20T19:44:06Z,h2h,Cleveland Browns,190,
2026-09-20T19:46:24+00:00,manual,nfl,0636ebff776d43f8c829a36713c80b22,2026-09-20T17:02:40Z,Tampa Bay Buccaneers,Cleveland Browns,bovada,2026-09-20T19:44:06Z,h2h,Tampa Bay Buccaneers,-260,
2026-09-20T19:46:24+00:00,manual,nfl,fafc649c455e32a0f2ba1bd06e2039bc,2026-09-20T17:02:50Z,Tennessee Titans,Philadelphia Eagles,draftkings,2026-09-20T19:45:25Z,h2h,Philadelphia Eagles,178,
2026-09-20T19:46:24+00:00,manual,nfl,fafc649c455e32a0f2ba1bd06e2039bc,2026-09-20T17:02:50Z,Tennessee Titans,Philadelphia Eagles,draftkings,2026-09-20T19:45:25Z,h2h,Tennessee Titans,-239,
2026-09-20T19:46:24+00:00,manual,nfl,fafc649c455e32a0f2ba1bd06e2039bc,2026-09-20T17:02:50Z,Tennessee Titans,Philadelphia Eagles,draftkings,2026-09-20T19:45:25Z,spreads,Philadelphia Eagles,160,2.5
2026-09-20T19:46:24+00:00,manual,nfl,fafc649c455e32a0f2ba1bd06e2039bc,2026-09-20T17:02:50Z,Tennessee Titans,Philadelphia Eagles,draftkings,2026-09-20T19:45:25Z,spreads,Tennessee Titans,-213,-2.5
2026-09-20T19:46:24+00:00,manual,nfl,fafc649c455e32a0f2ba1bd06e2039bc,2026-09-20T17:02:50Z,Tennessee Titans,Philadelphia Eagles,draftkings,2026-09-20T19:45:25Z,totals,Over,101,37.5
2026-09-20T19:46:24+00:00,manual,nfl,fafc649c455e32a0f2ba1bd06e2039bc,2026-09-20T17:02:50Z,Tennessee Titans,Philadelphia Eagles,draftkings,2026-09-20T19:45:25Z,totals,Under,-133,37.5
2026-09-20T19:46:24+00:00,manual,nfl,fafc649c455e32a0f2ba1bd06e2039bc,2026-09-20T17:02:50Z,Tennessee Titans,Philadelphia Eagles,fanduel,2026-09-20T19:45:45Z,h2h,Philadelphia Eagles,162,
2026-09-20T19:46:24+00:00,manual,nfl,fafc649c455e32a0f2ba1bd06e2039bc,2026-09-20T17:02:50Z,Tennessee Titans,Philadelphia Eagles,fanduel,2026-09-20T19:45:45Z,h2h,Tennessee Titans,-210,
2026-09-20T19:46:24+00:00,manual,nfl,fafc649c455e32a0f2ba1bd06e2039bc,2026-09-20T17:02:50Z,Tennessee Titans,Philadelphia Eagles,fanduel,2026-09-20T19:45:45Z,totals,Over,-120,37.5
2026-09-20T19:46:24+00:00,manual,nfl,fafc649c455e32a0f2ba1bd06e2039bc,2026-09-20T17:02:50Z,Tennessee Titans,Philadelphia Eagles,fanduel,2026-09-20T19:45:45Z,totals,Under,-110,37.5
2026-09-20T19:46:24+00:00,manual,nfl,fafc649c455e32a0f2ba1bd06e2039bc,2026-09-20T17:02:50Z,Tennessee Titans,Philadelphia Eagles,betmgm,2026-09-20T19:45:25Z,h2h,Philadelphia Eagles,155,
2026-09-20T19:46:24+00:00,manual,nfl,fafc649c455e32a0f2ba1bd06e2039bc,2026-09-20T17:02:50Z,Tennessee Titans,Philadelphia Eagles,betmgm,2026-09-20T19:45:25Z,h2h,Tennessee Titans,-190,
2026-09-20T19:46:24+00:00,manual,nfl,fafc649c455e32a0f2ba1bd06e2039bc,2026-09-20T17:02:50Z,Tennessee Titans,Philadelphia Eagles,betmgm,2026-09-20T19:45:25Z,totals,Over,-108,38.5
2026-09-20T19:46:24+00:00,manual,nfl,fafc649c455e32a0f2ba1bd06e2039bc,2026-09-20T17:02:50Z,Tennessee Titans,Philadelphia Eagles,betmgm,2026-09-20T19:45:25Z,totals,Under,-125,38.5
2026-09-20T19:46:24+00:00,manual,nfl,fafc649c455e32a0f2ba1bd06e2039bc,2026-09-20T17:02:50Z,Tennessee Titans,Philadelphia Eagles,pinnacle,2026-09-20T19:37:35Z,h2h,Philadelphia Eagles,-321,
2026-09-20T19:46:24+00:00,manual,nfl,fafc649c455e32a0f2ba1bd06e2039bc,2026-09-20T17:02:50Z,Tennessee Titans,Philadelphia Eagles,pinnacle,2026-09-20T19:37:35Z,h2h,Tennessee Titans,245,
2026-09-20T19:46:24+00:00,manual,nfl,fafc649c455e32a0f2ba1bd06e2039bc,2026-09-20T17:02:50Z,Tennessee Titans,Philadelphia Eagles,pinnacle,2026-09-20T19:37:35Z,spreads,Philadelphia Eagles,-144,-3.0
2026-09-20T19:46:24+00:00,manual,nfl,fafc649c455e32a0f2ba1bd06e2039bc,2026-09-20T17:02:50Z,Tennessee Titans,Philadelphia Eagles,pinnacle,2026-09-20T19:37:35Z,spreads,Tennessee Titans,116,3.0
2026-09-20T19:46:24+00:00,manual,nfl,fafc649c455e32a0f2ba1bd06e2039bc,2026-09-20T17:02:50Z,Tennessee Titans,Philadelphia Eagles,pinnacle,2026-09-20T19:37:35Z,totals,Over,-114,41.0
2026-09-20T19:46:24+00:00,manual,nfl,fafc649c455e32a0f2ba1bd06e2039bc,2026-09-20T17:02:50Z,Tennessee Titans,Philadelphia Eagles,pinnacle,2026-09-20T19:37:35Z,totals,Under,-112,41.0
2026-09-20T19:46:24+00:00,manual,nfl,fafc649c455e32a0f2ba1bd06e2039bc,2026-09-20T17:02:50Z,Tennessee Titans,Philadelphia Eagles,bovada,2026-09-20T19:44:06Z,h2h,Philadelphia Eagles,160,
2026-09-20T19:46:24+00:00,manual,nfl,fafc649c455e32a0f2ba1bd06e2039bc,2026-09-20T17:02:50Z,Tennessee Titans,Philadelphia Eagles,bovada,2026-09-20T19:44:06Z,h2h,Tennessee Titans,-210,
2026-09-20T19:46:24+00:00,manual,nfl,fafc649c455e32a0f2ba1bd06e2039bc,2026-09-20T17:02:50Z,Tennessee Titans,Philadelphia Eagles,bovada,2026-09-20T19:44:06Z,totals,Over,-115,40.5
2026-09-20T19:46:24+00:00,manual,nfl,fafc649c455e32a0f2ba1bd06e2039bc,2026-09-20T17:02:50Z,Tennessee Titans,Philadelphia Eagles,bovada,2026-09-20T19:44:06Z,totals,Under,-115,40.5
2026-09-20T19:46:24+00:00,manual,nfl,aee7eae1849ebb103b9bf233e9741392,2026-09-20T17:02:58Z,Atlanta Falcons,Carolina Panthers,draftkings,2026-09-20T19:45:25Z,spreads,Atlanta Falcons,112,30.5
2026-09-20T19:46:24+00:00,manual,nfl,aee7eae1849ebb103b9bf233e9741392,2026-09-20T17:02:58Z,Atlanta Falcons,Carolina Panthers,draftkings,2026-09-20T19:45:25Z,spreads,Carolina Panthers,-148,-30.5
2026-09-20T19:46:24+00:00,manual,nfl,aee7eae1849ebb103b9bf233e9741392,2026-09-20T17:02:58Z,Atlanta Falcons,Carolina Panthers,draftkings,2026-09-20T19:45:25Z,totals,Over,-111,43.5
2026-09-20T19:46:24+00:00,manual,nfl,aee7eae1849ebb103b9bf233e9741392,2026-09-20T17:02:58Z,Atlanta Falcons,Carolina Panthers,draftkings,2026-09-20T19:45:25Z,totals,Under,-118,43.5
2026-09-20T19:46:24+00:00,manual,nfl,aee7eae1849ebb103b9bf233e9741392,2026-09-20T17:02:58Z,Atlanta Falcons,Carolina Panthers,fanduel,2026-09-20T19:45:45Z,spreads,Atlanta Falcons,102,30.5
2026-09-20T19:46:24+00:00,manual,nfl,aee7eae1849ebb103b9bf233e9741392,2026-09-20T17:02:58Z,Atlanta Falcons,Carolina Panthers,fanduel,2026-09-20T19:45:45Z,spreads,Carolina Panthers,-136,-30.5
2026-09-20T19:46:24+00:00,manual,nfl,aee7eae1849ebb103b9bf233e9741392,2026-09-20T17:02:58Z,Atlanta Falcons,Carolina Panthers,fanduel,2026-09-20T19:45:45Z,totals,Over,-114,43.5
2026-09-20T19:46:24+00:00,manual,nfl,aee7eae1849ebb103b9bf233e9741392,2026-09-20T17:02:58Z,Atlanta Falcons,Carolina Panthers,fanduel,2026-09-20T19:45:45Z,totals,Under,-114,43.5
2026-09-20T19:46:24+00:00,manual,nfl,aee7eae1849ebb103b9bf233e9741392,2026-09-20T17:02:58Z,Atlanta Falcons,Carolina Panthers,betmgm,2026-09-20T19:45:25Z,spreads,Atlanta Falcons,115,29.5
2026-09-20T19:46:24+00:00,manual,nfl,aee7eae1849ebb103b9bf233e9741392,2026-09-20T17:02:58Z,Atlanta Falcons,Carolina Panthers,betmgm,2026-09-20T19:45:25Z,spreads,Carolina Panthers,-150,-29.5
2026-09-20T19:46:24+00:00,manual,nfl,aee7eae1849ebb103b9bf233e9741392,2026-09-20T17:02:58Z,Atlanta Falcons,Carolina Panthers,betmgm,2026-09-20T19:45:25Z,totals,Over,-120,43.5
2026-09-20T19:46:24+00:00,manual,nfl,aee7eae1849ebb103b9bf233e9741392,2026-09-20T17:02:58Z,Atlanta Falcons,Carolina Panthers,betmgm,2026-09-20T19:45:25Z,totals,Under,100,43.5
2026-09-20T19:46:24+00:00,manual,nfl,aee7eae1849ebb103b9bf233e9741392,2026-09-20T17:02:58Z,Atlanta Falcons,Carolina Panthers,pinnacle,2026-09-20T19:37:35Z,spreads,Atlanta Falcons,-104,24.0
2026-09-20T19:46:24+00:00,manual,nfl,aee7eae1849ebb103b9bf233e9741392,2026-09-20T17:02:58Z,Atlanta Falcons,Carolina Panthers,pinnacle,2026-09-20T19:37:35Z,spreads,Carolina Panthers,-117,-24.0
2026-09-20T19:46:24+00:00,manual,nfl,aee7eae1849ebb103b9bf233e9741392,2026-09-20T17:02:58Z,Atlanta Falcons,Carolina Panthers,pinnacle,2026-09-20T19:37:35Z,totals,Over,105,43.5
2026-09-20T19:46:24+00:00,manual,nfl,aee7eae1849ebb103b9bf233e9741392,2026-09-20T17:02:58Z,Atlanta Falcons,Carolina Panthers,pinnacle,2026-09-20T19:37:35Z,totals,Under,-132,43.5
2026-09-20T19:46:24+00:00,manual,nfl,aee7eae1849ebb103b9bf233e9741392,2026-09-20T17:02:58Z,Atlanta Falcons,Carolina Panthers,bovada,2026-09-20T19:44:06Z,spreads,Atlanta Falcons,125,30.5
2026-09-20T19:46:24+00:00,manual,nfl,aee7eae1849ebb103b9bf233e9741392,2026-09-20T17:02:58Z,Atlanta Falcons,Carolina Panthers,bovada,2026-09-20T19:44:06Z,spreads,Carolina Panthers,-165,-30.5
2026-09-20T19:46:24+00:00,manual,nfl,4aeee070bb6ec60bdfae4dede61b9014,2026-09-20T17:03:51Z,New York Jets,Green Bay Packers,draftkings,2026-09-20T19:45:25Z,h2h,Green Bay Packers,547,
2026-09-20T19:46:24+00:00,manual,nfl,4aeee070bb6ec60bdfae4dede61b9014,2026-09-20T17:03:51Z,New York Jets,Green Bay Packers,draftkings,2026-09-20T19:45:25Z,h2h,New York Jets,-830,
2026-09-20T19:46:24+00:00,manual,nfl,4aeee070bb6ec60bdfae4dede61b9014,2026-09-20T17:03:51Z,New York Jets,Green Bay Packers,draftkings,2026-09-20T19:45:25Z,spreads,Green Bay Packers,-101,6.5
2026-09-20T19:46:24+00:00,manual,nfl,4aeee070bb6ec60bdfae4dede61b9014,2026-09-20T17:03:51Z,New York Jets,Green Bay Packers,draftkings,2026-09-20T19:45:25Z,spreads,New York Jets,-130,-6.5
2026-09-20T19:46:24+00:00,manual,nfl,4aeee070bb6ec60bdfae4dede61b9014,2026-09-20T17:03:51Z,New York Jets,Green Bay Packers,draftkings,2026-09-20T19:45:25Z,totals,Over,-116,33.5
2026-09-20T19:46:24+00:00,manual,nfl,4aeee070bb6ec60bdfae4dede61b9014,2026-09-20T17:03:51Z,New York Jets,Green Bay Packers,draftkings,2026-09-20T19:45:25Z,totals,Under,-114,33.5
2026-09-20T19:46:24+00:00,manual,nfl,4aeee070bb6ec60bdfae4dede61b9014,2026-09-20T17:03:51Z,New York Jets,Green Bay Packers,fanduel,2026-09-20T19:45:45Z,h2h,Green Bay Packers,450,
2026-09-20T19:46:24+00:00,manual,nfl,4aeee070bb6ec60bdfae4dede61b9014,2026-09-20T17:03:51Z,New York Jets,Green Bay Packers,fanduel,2026-09-20T19:45:45Z,h2h,New York Jets,-720,
2026-09-20T19:46:24+00:00,manual,nfl,4aeee070bb6ec60bdfae4dede61b9014,2026-09-20T17:03:51Z,New York Jets,Green Bay Packers,fanduel,2026-09-20T19:45:45Z,spreads,Green Bay Packers,-118,6.5
2026-09-20T19:46:24+00:00,manual,nfl,4aeee070bb6ec60bdfae4dede61b9014,2026-09-20T17:03:51Z,New York Jets,Green Bay Packers,fanduel,2026-09-20T19:45:45Z,spreads,New York Jets,-112,-6.5
2026-09-20T19:46:24+00:00,manual,nfl,4aeee070bb6ec60bdfae4dede61b9014,2026-09-20T17:03:51Z,New York Jets,Green Bay Packers,fanduel,2026-09-20T19:45:45Z,totals,Over,-125,33.5
2026-09-20T19:46:24+00:00,manual,nfl,4aeee070bb6ec60bdfae4dede61b9014,2026-09-20T17:03:51Z,New York Jets,Green Bay Packers,fanduel,2026-09-20T19:45:45Z,totals,Under,-106,33.5
2026-09-20T19:46:24+00:00,manual,nfl,4aeee070bb6ec60bdfae4dede61b9014,2026-09-20T17:03:51Z,New York Jets,Green Bay Packers,betmgm,2026-09-20T19:45:25Z,h2h,Green Bay Packers,500,
2026-09-20T19:46:24+00:00,manual,nfl,4aeee070bb6ec60bdfae4dede61b9014,2026-09-20T17:03:51Z,New York Jets,Green Bay Packers,betmgm,2026-09-20T19:45:25Z,h2h,New York Jets,-700,
2026-09-20T19:46:24+00:00,manual,nfl,4aeee070bb6ec60bdfae4dede61b9014,2026-09-20T17:03:51Z,New York Jets,Green Bay Packers,betmgm,2026-09-20T19:45:25Z,spreads,Green Bay Packers,-102,6.5
2026-09-20T19:46:24+00:00,manual,nfl,4aeee070bb6ec60bdfae4dede61b9014,2026-09-20T17:03:51Z,New York Jets,Green Bay Packers,betmgm,2026-09-20T19:45:25Z,spreads,New York Jets,-118,-6.5
2026-09-20T19:46:24+00:00,manual,nfl,4aeee070bb6ec60bdfae4dede61b9014,2026-09-20T17:03:51Z,New York Jets,Green Bay Packers,betmgm,2026-09-20T19:45:25Z,totals,Over,-110,33.5
2026-09-20T19:46:24+00:00,manual,nfl,4aeee070bb6ec60bdfae4dede61b9014,2026-09-20T17:03:51Z,New York Jets,Green Bay Packers,betmgm,2026-09-20T19:45:25Z,totals,Under,-118,33.5
2026-09-20T19:46:24+00:00,manual,nfl,4aeee070bb6ec60bdfae4dede61b9014,2026-09-20T17:03:51Z,New York Jets,Green Bay Packers,pinnacle,2026-09-20T19:37:35Z,h2h,Green Bay Packers,301,
2026-09-20T19:46:24+00:00,manual,nfl,4aeee070bb6ec60bdfae4dede61b9014,2026-09-20T17:03:51Z,New York Jets,Green Bay Packers,pinnacle,2026-09-20T19:37:35Z,h2h,New York Jets,-372,
2026-09-20T19:46:24+00:00,manual,nfl,4aeee070bb6ec60bdfae4dede61b9014,2026-09-20T17:03:51Z,New York Jets,Green Bay Packers,pinnacle,2026-09-20T19:37:35Z,spreads,Green Bay Packers,-120,6.5
2026-09-20T19:46:24+00:00,manual,nfl,4aeee070bb6ec60bdfae4dede61b9014,2026-09-20T17:03:51Z,New York Jets,Green Bay Packers,pinnacle,2026-09-20T19:37:35Z,spreads,New York Jets,103,-6.5
2026-09-20T19:46:24+00:00,manual,nfl,4aeee070bb6ec60bdfae4dede61b9014,2026-09-20T17:03:51Z,New York Jets,Green Bay Packers,pinnacle,2026-09-20T19:37:35Z,totals,Over,-119,31.5
2026-09-20T19:46:24+00:00,manual,nfl,4aeee070bb6ec60bdfae4dede61b9014,2026-09-20T17:03:51Z,New York Jets,Green Bay Packers,pinnacle,2026-09-20T19:37:35Z,totals,Under,-101,31.5
2026-09-20T19:46:24+00:00,manual,nfl,4aeee070bb6ec60bdfae4dede61b9014,2026-09-20T17:03:51Z,New York Jets,Green Bay Packers,bovada,2026-09-20T19:44:06Z,h2h,Green Bay Packers,425,
2026-09-20T19:46:24+00:00,manual,nfl,4aeee070bb6ec60bdfae4dede61b9014,2026-09-20T17:03:51Z,New York Jets,Green Bay Packers,bovada,2026-09-20T19:44:06Z,h2h,New York Jets,-700,
2026-09-20T19:46:24+00:00,manual,nfl,4aeee070bb6ec60bdfae4dede61b9014,2026-09-20T17:03:51Z,New York Jets,Green Bay Packers,bovada,2026-09-20T19:44:06Z,spreads,Green Bay Packers,-115,6.5
2026-09-20T19:46:24+00:00,manual,nfl,4aeee070bb6ec60bdfae4dede61b9014,2026-09-20T17:03:51Z,New York Jets,Green Bay Packers,bovada,2026-09-20T19:44:06Z,spreads,New York Jets,-115,-6.5
2026-09-20T19:46:24+00:00,manual,nfl,4aeee070bb6ec60bdfae4dede61b9014,2026-09-20T17:03:51Z,New York Jets,Green Bay Packers,bovada,2026-09-20T19:44:06Z,totals,Over,-115,33.5
2026-09-20T19:46:24+00:00,manual,nfl,4aeee070bb6ec60bdfae4dede61b9014,2026-09-20T17:03:51Z,New York Jets,Green Bay Packers,bovada,2026-09-20T19:44:06Z,totals,Under,-115,33.5
2026-09-20T19:46:24+00:00,manual,nfl,1fd6628c781f556a7a19638e97d7107f,2026-09-20T20:05:00Z,Denver Broncos,Jacksonville Jaguars,draftkings,2026-09-20T19:45:25Z,h2h,Denver Broncos,-148,
2026-09-20T19:46:24+00:00,manual,nfl,1fd6628c781f556a7a19638e97d7107f,2026-09-20T20:05:00Z,Denver Broncos,Jacksonville Jaguars,draftkings,2026-09-20T19:45:25Z,h2h,Jacksonville Jaguars,124,
2026-09-20T19:46:24+00:00,manual,nfl,1fd6628c781f556a7a19638e97d7107f,2026-09-20T20:05:00Z,Denver Broncos,Jacksonville Jaguars,draftkings,2026-09-20T19:45:25Z,spreads,Denver Broncos,-115,-2.5
2026-09-20T19:46:24+00:00,manual,nfl,1fd6628c781f556a7a19638e97d7107f,2026-09-20T20:05:00Z,Denver Broncos,Jacksonville Jaguars,draftkings,2026-09-20T19:45:25Z,spreads,Jacksonville Jaguars,-105,2.5
2026-09-20T19:46:24+00:00,manual,nfl,1fd6628c781f556a7a19638e97d7107f,2026-09-20T20:05:00Z,Denver Broncos,Jacksonville Jaguars,draftkings,2026-09-20T19:45:25Z,totals,Over,-110,45.5
2026-09-20T19:46:24+00:00,manual,nfl,1fd6628c781f556a7a19638e97d7107f,2026-09-20T20:05:00Z,Denver Broncos,Jacksonville Jaguars,draftkings,2026-09-20T19:45:25Z,totals,Under,-110,45.5
2026-09-20T19:46:24+00:00,manual,nfl,1fd6628c781f556a7a19638e97d7107f,2026-09-20T20:05:00Z,Denver Broncos,Jacksonville Jaguars,lowvig,2026-09-20T19:45:45Z,h2h,Denver Broncos,-142,
2026-09-20T19:46:24+00:00,manual,nfl,1fd6628c781f556a7a19638e97d7107f,2026-09-20T20:05:00Z,Denver Broncos,Jacksonville Jaguars,lowvig,2026-09-20T19:45:45Z,h2h,Jacksonville Jaguars,122,
2026-09-20T19:46:24+00:00,manual,nfl,1fd6628c781f556a7a19638e97d7107f,2026-09-20T20:05:00Z,Denver Broncos,Jacksonville Jaguars,lowvig,2026-09-20T19:45:45Z,spreads,Denver Broncos,-112,-2.5
2026-09-20T19:46:24+00:00,manual,nfl,1fd6628c781f556a7a19638e97d7107f,2026-09-20T20:05:00Z,Denver Broncos,Jacksonville Jaguars,lowvig,2026-09-20T19:45:45Z,spreads,Jacksonville Jaguars,101,2.5
2026-09-20T19:46:24+00:00,manual,nfl,1fd6628c781f556a7a19638e97d7107f,2026-09-20T20:05:00Z,Denver Broncos,Jacksonville Jaguars,lowvig,2026-09-20T19:45:45Z,totals,Over,-113,45.5
2026-09-20T19:46:24+00:00,manual,nfl,1fd6628c781f556a7a19638e97d7107f,2026-09-20T20:05:00Z,Denver Broncos,Jacksonville Jaguars,lowvig,2026-09-20T19:45:45Z,totals,Under,-102,45.5
2026-09-20T19:46:24+00:00,manual,nfl,1fd6628c781f556a7a19638e97d7107f,2026-09-20T20:05:00Z,Denver Broncos,Jacksonville Jaguars,betonlineag,2026-09-20T19:46:05Z,h2h,Denver Broncos,-142,
2026-09-20T19:46:24+00:00,manual,nfl,1fd6628c781f556a7a19638e97d7107f,2026-09-20T20:05:00Z,Denver Broncos,Jacksonville Jaguars,betonlineag,2026-09-20T19:46:05Z,h2h,Jacksonville Jaguars,122,
2026-09-20T19:46:24+00:00,manual,nfl,1fd6628c781f556a7a19638e97d7107f,2026-09-20T20:05:00Z,Denver Broncos,Jacksonville Jaguars,betonlineag,2026-09-20T19:46:05Z,spreads,Denver Broncos,-118,-2.5
2026-09-20T19:46:24+00:00,manual,nfl,1fd6628c781f556a7a19638e97d7107f,2026-09-20T20:05:00Z,Denver Broncos,Jacksonville Jaguars,betonlineag,2026-09-20T19:46:05Z,spreads,Jacksonville Jaguars,-102,2.5
2026-09-20T19:46:24+00:00,manual,nfl,1fd6628c781f556a7a19638e97d7107f,2026-09-20T20:05:00Z,Denver Broncos,Jacksonville Jaguars,betonlineag,2026-09-20T19:46:05Z,totals,Over,-115,45.5
2026-09-20T19:46:24+00:00,manual,nfl,1fd6628c781f556a7a19638e97d7107f,2026-09-20T20:05:00Z,Denver Broncos,Jacksonville Jaguars,betonlineag,2026-09-20T19:46:05Z,totals,Under,-105,45.5
2026-09-20T19:46:24+00:00,manual,nfl,1fd6628c781f556a7a19638e97d7107f,2026-09-20T20:05:00Z,Denver Broncos,Jacksonville Jaguars,fanduel,2026-09-20T19:45:45Z,h2h,Denver Broncos,-146,
2026-09-20T19:46:24+00:00,manual,nfl,1fd6628c781f556a7a19638e97d7107f,2026-09-20T20:05:00Z,Denver Broncos,Jacksonville Jaguars,fanduel,2026-09-20T19:45:45Z,h2h,Jacksonville Jaguars,124,
2026-09-20T19:46:24+00:00,manual,nfl,1fd6628c781f556a7a19638e97d7107f,2026-09-20T20:05:00Z,Denver Broncos,Jacksonville Jaguars,fanduel,2026-09-20T19:45:45Z,spreads,Denver Broncos,-120,-2.5
2026-09-20T19:46:24+00:00,manual,nfl,1fd6628c781f556a7a19638e97d7107f,2026-09-20T20:05:00Z,Denver Broncos,Jacksonville Jaguars,fanduel,2026-09-20T19:45:45Z,spreads,Jacksonville Jaguars,-102,2.5
2026-09-20T19:46:24+00:00,manual,nfl,1fd6628c781f556a7a19638e97d7107f,2026-09-20T20:05:00Z,Denver Broncos,Jacksonville Jaguars,fanduel,2026-09-20T19:45:45Z,totals,Over,-105,45.5
2026-09-20T19:46:24+00:00,manual,nfl,1fd6628c781f556a7a19638e97d7107f,2026-09-20T20:05:00Z,Denver Broncos,Jacksonville Jaguars,fanduel,2026-09-20T19:45:45Z,totals,Under,-115,45.5
2026-09-20T19:46:24+00:00,manual,nfl,1fd6628c781f556a7a19638e97d7107f,2026-09-20T20:05:00Z,Denver Broncos,Jacksonville Jaguars,betmgm,2026-09-20T19:45:25Z,h2h,Denver Broncos,-145,
2026-09-20T19:46:24+00:00,manual,nfl,1fd6628c781f556a7a19638e97d7107f,2026-09-20T20:05:00Z,Denver Broncos,Jacksonville Jaguars,betmgm,2026-09-20T19:45:25Z,h2h,Jacksonville Jaguars,120,
2026-09-20T19:46:24+00:00,manual,nfl,1fd6628c781f556a7a19638e97d7107f,2026-09-20T20:05:00Z,Denver Broncos,Jacksonville Jaguars,betmgm,2026-09-20T19:45:25Z,spreads,Denver Broncos,-118,-2.5
2026-09-20T19:46:24+00:00,manual,nfl,1fd6628c781f556a7a19638e97d7107f,2026-09-20T20:05:00Z,Denver Broncos,Jacksonville Jaguars,betmgm,2026-09-20T19:45:25Z,spreads,Jacksonville Jaguars,-102,2.5
2026-09-20T19:46:24+00:00,manual,nfl,1fd6628c781f556a7a19638e97d7107f,2026-09-20T20:05:00Z,Denver Broncos,Jacksonville Jaguars,betmgm,2026-09-20T19:45:25Z,totals,Over,-110,45.5
2026-09-20T19:46:24+00:00,manual,nfl,1fd6628c781f556a7a19638e97d7107f,2026-09-20T20:05:00Z,Denver Broncos,Jacksonville Jaguars,betmgm,2026-09-20T19:45:25Z,totals,Under,-108,45.5
2026-09-20T19:46:24+00:00,manual,nfl,1fd6628c781f556a7a19638e97d7107f,2026-09-20T20:05:00Z,Denver Broncos,Jacksonville Jaguars,bovada,2026-09-20T19:44:06Z,h2h,Denver Broncos,-140,
2026-09-20T19:46:24+00:00,manual,nfl,1fd6628c781f556a7a19638e97d7107f,2026-09-20T20:05:00Z,Denver Broncos,Jacksonville Jaguars,bovada,2026-09-20T19:44:06Z,h2h,Jacksonville Jaguars,120,
2026-09-20T19:46:24+00:00,manual,nfl,1fd6628c781f556a7a19638e97d7107f,2026-09-20T20:05:00Z,Denver Broncos,Jacksonville Jaguars,bovada,2026-09-20T19:44:06Z,spreads,Denver Broncos,-115,-2.5
2026-09-20T19:46:24+00:00,manual,nfl,1fd6628c781f556a7a19638e97d7107f,2026-09-20T20:05:00Z,Denver Broncos,Jacksonville Jaguars,bovada,2026-09-20T19:44:06Z,spreads,Jacksonville Jaguars,-105,2.5
2026-09-20T19:46:24+00:00,manual,nfl,1fd6628c781f556a7a19638e97d7107f,2026-09-20T20:05:00Z,Denver Broncos,Jacksonville Jaguars,bovada,2026-09-20T19:44:06Z,totals,Over,-110,45.5
2026-09-20T19:46:24+00:00,manual,nfl,1fd6628c781f556a7a19638e97d7107f,2026-09-20T20:05:00Z,Denver Broncos,Jacksonville Jaguars,bovada,2026-09-20T19:44:06Z,totals,Under,-110,45.5
2026-09-20T19:46:24+00:00,manual,nfl,1fd6628c781f556a7a19638e97d7107f,2026-09-20T20:05:00Z,Denver Broncos,Jacksonville Jaguars,pinnacle,2026-09-20T19:46:05Z,h2h,Denver Broncos,-138,
2026-09-20T19:46:24+00:00,manual,nfl,1fd6628c781f556a7a19638e97d7107f,2026-09-20T20:05:00Z,Denver Broncos,Jacksonville Jaguars,pinnacle,2026-09-20T19:46:05Z,h2h,Jacksonville Jaguars,125,
2026-09-20T19:46:24+00:00,manual,nfl,1fd6628c781f556a7a19638e97d7107f,2026-09-20T20:05:00Z,Denver Broncos,Jacksonville Jaguars,pinnacle,2026-09-20T19:46:05Z,spreads,Denver Broncos,-109,-2.5
2026-09-20T19:46:24+00:00,manual,nfl,1fd6628c781f556a7a19638e97d7107f,2026-09-20T20:05:00Z,Denver Broncos,Jacksonville Jaguars,pinnacle,2026-09-20T19:46:05Z,spreads,Jacksonville Jaguars,-101,2.5
2026-09-20T19:46:24+00:00,manual,nfl,1fd6628c781f556a7a19638e97d7107f,2026-09-20T20:05:00Z,Denver Broncos,Jacksonville Jaguars,pinnacle,2026-09-20T19:46:05Z,totals,Over,-104,45.5
2026-09-20T19:46:24+00:00,manual,nfl,1fd6628c781f556a7a19638e97d7107f,2026-09-20T20:05:00Z,Denver Broncos,Jacksonville Jaguars,pinnacle,2026-09-20T19:46:05Z,totals,Under,-108,45.5
2026-09-20T19:46:24+00:00,manual,nfl,71b3b83747589efdc5baef2c5cf811bf,2026-09-20T20:05:00Z,Los Angeles Chargers,Las Vegas Raiders,draftkings,2026-09-20T19:45:25Z,h2h,Las Vegas Raiders,260,
2026-09-20T19:46:24+00:00,manual,nfl,71b3b83747589efdc5baef2c5cf811bf,2026-09-20T20:05:00Z,Los Angeles Chargers,Las Vegas Raiders,draftkings,2026-09-20T19:45:25Z,h2h,Los Angeles Chargers,-325,
2026-09-20T19:46:24+00:00,manual,nfl,71b3b83747589efdc5baef2c5cf811bf,2026-09-20T20:05:00Z,Los Angeles Chargers,Las Vegas Raiders,draftkings,2026-09-20T19:45:25Z,spreads,Las Vegas Raiders,102,6.5
2026-09-20T19:46:24+00:00,manual,nfl,71b3b83747589efdc5baef2c5cf811bf,2026-09-20T20:05:00Z,Los Angeles Chargers,Las Vegas Raiders,draftkings,2026-09-20T19:45:25Z,spreads,Los Angeles Chargers,-122,-6.5
2026-09-20T19:46:24+00:00,manual,nfl,71b3b83747589efdc5baef2c5cf811bf,2026-09-20T20:05:00Z,Los Angeles Chargers,Las Vegas Raiders,draftkings,2026-09-20T19:45:25Z,totals,Over,-110,43.5
2026-09-20T19:46:24+00:00,manual,nfl,71b3b83747589efdc5baef2c5cf811bf,2026-09-20T20:05:00Z,Los Angeles Chargers,Las Vegas Raiders,draftkings,2026-09-20T19:45:25Z,totals,Under,-110,43.5
2026-09-20T19:46:24+00:00,manual,nfl,71b3b83747589efdc5baef2c5cf811bf,2026-09-20T20:05:00Z,Los Angeles Chargers,Las Vegas Raiders,lowvig,2026-09-20T19:45:45Z,h2h,Las Vegas Raiders,254,
2026-09-20T19:46:24+00:00,manual,nfl,71b3b83747589efdc5baef2c5cf811bf,2026-09-20T20:05:00Z,Los Angeles Chargers,Las Vegas Raiders,lowvig,2026-09-20T19:45:45Z,h2h,Los Angeles Chargers,-312,
2026-09-20T19:46:24+00:00,manual,nfl,71b3b83747589efdc5baef2c5cf811bf,2026-09-20T20:05:00Z,Los Angeles Chargers,Las Vegas Raiders,lowvig,2026-09-20T19:45:45Z,spreads,Las Vegas Raiders,-102,6.5
2026-09-20T19:46:24+00:00,manual,nfl,71b3b83747589efdc5baef2c5cf811bf,2026-09-20T20:05:00Z,Los Angeles Chargers,Las Vegas Raiders,lowvig,2026-09-20T19:45:45Z,spreads,Los Angeles Chargers,-108,-6.5
2026-09-20T19:46:24+00:00,manual,nfl,71b3b83747589efdc5baef2c5cf811bf,2026-09-20T20:05:00Z,Los Angeles Chargers,Las Vegas Raiders,lowvig,2026-09-20T19:45:45Z,totals,Over,-107,43.5
2026-09-20T19:46:24+00:00,manual,nfl,71b3b83747589efdc5baef2c5cf811bf,2026-09-20T20:05:00Z,Los Angeles Chargers,Las Vegas Raiders,lowvig,2026-09-20T19:45:45Z,totals,Under,-107,43.5
2026-09-20T19:46:24+00:00,manual,nfl,71b3b83747589efdc5baef2c5cf811bf,2026-09-20T20:05:00Z,Los Angeles Chargers,Las Vegas Raiders,betonlineag,2026-09-20T19:46:05Z,h2h,Las Vegas Raiders,254,
2026-09-20T19:46:24+00:00,manual,nfl,71b3b83747589efdc5baef2c5cf811bf,2026-09-20T20:05:00Z,Los Angeles Chargers,Las Vegas Raiders,betonlineag,2026-09-20T19:46:05Z,h2h,Los Angeles Chargers,-312,
2026-09-20T19:46:24+00:00,manual,nfl,71b3b83747589efdc5baef2c5cf811bf,2026-09-20T20:05:00Z,Los Angeles Chargers,Las Vegas Raiders,betonlineag,2026-09-20T19:46:05Z,spreads,Las Vegas Raiders,-105,6.5
2026-09-20T19:46:24+00:00,manual,nfl,71b3b83747589efdc5baef2c5cf811bf,2026-09-20T20:05:00Z,Los Angeles Chargers,Las Vegas Raiders,betonlineag,2026-09-20T19:46:05Z,spreads,Los Angeles Chargers,-115,-6.5
2026-09-20T19:46:24+00:00,manual,nfl,71b3b83747589efdc5baef2c5cf811bf,2026-09-20T20:05:00Z,Los Angeles Chargers,Las Vegas Raiders,betonlineag,2026-09-20T19:46:05Z,totals,Over,-110,43.5
2026-09-20T19:46:24+00:00,manual,nfl,71b3b83747589efdc5baef2c5cf811bf,2026-09-20T20:05:00Z,Los Angeles Chargers,Las Vegas Raiders,betonlineag,2026-09-20T19:46:05Z,totals,Under,-110,43.5
2026-09-20T19:46:24+00:00,manual,nfl,71b3b83747589efdc5baef2c5cf811bf,2026-09-20T20:05:00Z,Los Angeles Chargers,Las Vegas Raiders,fanduel,2026-09-20T19:45:45Z,h2h,Las Vegas Raiders,250,
2026-09-20T19:46:24+00:00,manual,nfl,71b3b83747589efdc5baef2c5cf811bf,2026-09-20T20:05:00Z,Los Angeles Chargers,Las Vegas Raiders,fanduel,2026-09-20T19:45:45Z,h2h,Los Angeles Chargers,-310,
2026-09-20T19:46:24+00:00,manual,nfl,71b3b83747589efdc5baef2c5cf811bf,2026-09-20T20:05:00Z,Los Angeles Chargers,Las Vegas Raiders,fanduel,2026-09-20T19:45:45Z,spreads,Las Vegas Raiders,-105,6.5
2026-09-20T19:46:24+00:00,manual,nfl,71b3b83747589efdc5baef2c5cf811bf,2026-09-20T20:05:00Z,Los Angeles Chargers,Las Vegas Raiders,fanduel,2026-09-20T19:45:45Z,spreads,Los Angeles Chargers,-115,-6.5
2026-09-20T19:46:24+00:00,manual,nfl,71b3b83747589efdc5baef2c5cf811bf,2026-09-20T20:05:00Z,Los Angeles Chargers,Las Vegas Raiders,fanduel,2026-09-20T19:45:45Z,totals,Over,-110,43.5
2026-09-20T19:46:24+00:00,manual,nfl,71b3b83747589efdc5baef2c5cf811bf,2026-09-20T20:05:00Z,Los Angeles Chargers,Las Vegas Raiders,fanduel,2026-09-20T19:45:45Z,totals,Under,-110,43.5
2026-09-20T19:46:24+00:00,manual,nfl,71b3b83747589efdc5baef2c5cf811bf,2026-09-20T20:05:00Z,Los Angeles Chargers,Las Vegas Raiders,betmgm,2026-09-20T19:45:25Z,h2h,Las Vegas Raiders,250,
2026-09-20T19:46:24+00:00,manual,nfl,71b3b83747589efdc5baef2c5cf811bf,2026-09-20T20:05:00Z,Los Angeles Chargers,Las Vegas Raiders,betmgm,2026-09-20T19:45:25Z,h2h,Los Angeles Chargers,-300,
2026-09-20T19:46:24+00:00,manual,nfl,71b3b83747589efdc5baef2c5cf811bf,2026-09-20T20:05:00Z,Los Angeles Chargers,Las Vegas Raiders,betmgm,2026-09-20T19:45:25Z,spreads,Las Vegas Raiders,-102,6.5
2026-09-20T19:46:24+00:00,manual,nfl,71b3b83747589efdc5baef2c5cf811bf,2026-09-20T20:05:00Z,Los Angeles Chargers,Las Vegas Raiders,betmgm,2026-09-20T19:45:25Z,spreads,Los Angeles Chargers,-115,-6.5
2026-09-20T19:46:24+00:00,manual,nfl,71b3b83747589efdc5baef2c5cf811bf,2026-09-20T20:05:00Z,Los Angeles Chargers,Las Vegas Raiders,betmgm,2026-09-20T19:45:25Z,totals,Over,-110,43.5
2026-09-20T19:46:24+00:00,manual,nfl,71b3b83747589efdc5baef2c5cf811bf,2026-09-20T20:05:00Z,Los Angeles Chargers,Las Vegas Raiders,betmgm,2026-09-20T19:45:25Z,totals,Under,-108,43.5
2026-09-20T19:46:24+00:00,manual,nfl,71b3b83747589efdc5baef2c5cf811bf,2026-09-20T20:05:00Z,Los Angeles Chargers,Las Vegas Raiders,pinnacle,2026-09-20T19:46:05Z,h2h,Las Vegas Raiders,252,
2026-09-20T19:46:24+00:00,manual,nfl,71b3b83747589efdc5baef2c5cf811bf,2026-09-20T20:05:00Z,Los Angeles Chargers,Las Vegas Raiders,pinnacle,2026-09-20T19:46:05Z,h2h,Los Angeles Chargers,-292,
2026-09-20T19:46:24+00:00,manual,nfl,71b3b83747589efdc5baef2c5cf811bf,2026-09-20T20:05:00Z,Los Angeles Chargers,Las Vegas Raiders,pinnacle,2026-09-20T19:46:05Z,spreads,Las Vegas Raiders,-103,6.5
2026-09-20T19:46:24+00:00,manual,nfl,71b3b83747589efdc5baef2c5cf811bf,2026-09-20T20:05:00Z,Los Angeles Chargers,Las Vegas Raiders,pinnacle,2026-09-20T19:46:05Z,spreads,Los Angeles Chargers,-107,-6.5
2026-09-20T19:46:24+00:00,manual,nfl,71b3b83747589efdc5baef2c5cf811bf,2026-09-20T20:05:00Z,Los Angeles Chargers,Las Vegas Raiders,pinnacle,2026-09-20T19:46:05Z,totals,Over,-113,43.0
2026-09-20T19:46:24+00:00,manual,nfl,71b3b83747589efdc5baef2c5cf811bf,2026-09-20T20:05:00Z,Los Angeles Chargers,Las Vegas Raiders,pinnacle,2026-09-20T19:46:05Z,totals,Under,101,43.0
2026-09-20T19:46:24+00:00,manual,nfl,71b3b83747589efdc5baef2c5cf811bf,2026-09-20T20:05:00Z,Los Angeles Chargers,Las Vegas Raiders,bovada,2026-09-20T19:44:06Z,h2h,Las Vegas Raiders,250,
2026-09-20T19:46:24+00:00,manual,nfl,71b3b83747589efdc5baef2c5cf811bf,2026-09-20T20:05:00Z,Los Angeles Chargers,Las Vegas Raiders,bovada,2026-09-20T19:44:06Z,h2h,Los Angeles Chargers,-300,
2026-09-20T19:46:24+00:00,manual,nfl,71b3b83747589efdc5baef2c5cf811bf,2026-09-20T20:05:00Z,Los Angeles Chargers,Las Vegas Raiders,bovada,2026-09-20T19:44:06Z,spreads,Las Vegas Raiders,-110,6.5
2026-09-20T19:46:24+00:00,manual,nfl,71b3b83747589efdc5baef2c5cf811bf,2026-09-20T20:05:00Z,Los Angeles Chargers,Las Vegas Raiders,bovada,2026-09-20T19:44:06Z,spreads,Los Angeles Chargers,-110,-6.5
2026-09-20T19:46:24+00:00,manual,nfl,71b3b83747589efdc5baef2c5cf811bf,2026-09-20T20:05:00Z,Los Angeles Chargers,Las Vegas Raiders,bovada,2026-09-20T19:44:06Z,totals,Over,-110,43.5
2026-09-20T19:46:24+00:00,manual,nfl,71b3b83747589efdc5baef2c5cf811bf,2026-09-20T20:05:00Z,Los Angeles Chargers,Las Vegas Raiders,bovada,2026-09-20T19:44:06Z,totals,Under,-110,43.5
2026-09-20T19:46:24+00:00,manual,nfl,4dd8020192a544385db42374e5555303,2026-09-20T20:25:00Z,Arizona Cardinals,Seattle Seahawks,draftkings,2026-09-20T19:45:25Z,h2h,Arizona Cardinals,180,
2026-09-20T19:46:24+00:00,manual,nfl,4dd8020192a544385db42374e5555303,2026-09-20T20:25:00Z,Arizona Cardinals,Seattle Seahawks,draftkings,2026-09-20T19:45:25Z,h2h,Seattle Seahawks,-218,
2026-09-20T19:46:24+00:00,manual,nfl,4dd8020192a544385db42374e5555303,2026-09-20T20:25:00Z,Arizona Cardinals,Seattle Seahawks,draftkings,2026-09-20T19:45:25Z,spreads,Arizona Cardinals,100,3.5
2026-09-20T19:46:24+00:00,manual,nfl,4dd8020192a544385db42374e5555303,2026-09-20T20:25:00Z,Arizona Cardinals,Seattle Seahawks,draftkings,2026-09-20T19:45:25Z,spreads,Seattle Seahawks,-120,-3.5
2026-09-20T19:46:24+00:00,manual,nfl,4dd8020192a544385db42374e5555303,2026-09-20T20:25:00Z,Arizona Cardinals,Seattle Seahawks,draftkings,2026-09-20T19:45:25Z,totals,Over,-115,40.5
2026-09-20T19:46:24+00:00,manual,nfl,4dd8020192a544385db42374e5555303,2026-09-20T20:25:00Z,Arizona Cardinals,Seattle Seahawks,draftkings,2026-09-20T19:45:25Z,totals,Under,-105,40.5
2026-09-20T19:46:24+00:00,manual,nfl,4dd8020192a544385db42374e5555303,2026-09-20T20:25:00Z,Arizona Cardinals,Seattle Seahawks,lowvig,2026-09-20T19:45:45Z,h2h,Arizona Cardinals,174,
2026-09-20T19:46:24+00:00,manual,nfl,4dd8020192a544385db42374e5555303,2026-09-20T20:25:00Z,Arizona Cardinals,Seattle Seahawks,lowvig,2026-09-20T19:45:45Z,h2h,Seattle Seahawks,-200,
2026-09-20T19:46:24+00:00,manual,nfl,4dd8020192a544385db42374e5555303,2026-09-20T20:25:00Z,Arizona Cardinals,Seattle Seahawks,lowvig,2026-09-20T19:45:45Z,spreads,Arizona Cardinals,-108,4.0
2026-09-20T19:46:24+00:00,manual,nfl,4dd8020192a544385db42374e5555303,2026-09-20T20:25:00Z,Arizona Cardinals,Seattle Seahawks,lowvig,2026-09-20T19:45:45Z,spreads,Seattle Seahawks,-102,-4.0
2026-09-20T19:46:24+00:00,manual,nfl,4dd8020192a544385db42374e5555303,2026-09-20T20:25:00Z,Arizona Cardinals,Seattle Seahawks,lowvig,2026-09-20T19:45:45Z,totals,Over,-116,40.5
2026-09-20T19:46:24+00:00,manual,nfl,4dd8020192a544385db42374e5555303,2026-09-20T20:25:00Z,Arizona Cardinals,Seattle Seahawks,lowvig,2026-09-20T19:45:45Z,totals,Under,101,40.5
2026-09-20T19:46:24+00:00,manual,nfl,4dd8020192a544385db42374e5555303,2026-09-20T20:25:00Z,Arizona Cardinals,Seattle Seahawks,betonlineag,2026-09-20T19:46:05Z,h2h,Arizona Cardinals,174,
2026-09-20T19:46:24+00:00,manual,nfl,4dd8020192a544385db42374e5555303,2026-09-20T20:25:00Z,Arizona Cardinals,Seattle Seahawks,betonlineag,2026-09-20T19:46:05Z,h2h,Seattle Seahawks,-200,
2026-09-20T19:46:24+00:00,manual,nfl,4dd8020192a544385db42374e5555303,2026-09-20T20:25:00Z,Arizona Cardinals,Seattle Seahawks,betonlineag,2026-09-20T19:46:05Z,spreads,Arizona Cardinals,-113,4.0
2026-09-20T19:46:24+00:00,manual,nfl,4dd8020192a544385db42374e5555303,2026-09-20T20:25:00Z,Arizona Cardinals,Seattle Seahawks,betonlineag,2026-09-20T19:46:05Z,spreads,Seattle Seahawks,-107,-4.0
2026-09-20T19:46:24+00:00,manual,nfl,4dd8020192a544385db42374e5555303,2026-09-20T20:25:00Z,Arizona Cardinals,Seattle Seahawks,betonlineag,2026-09-20T19:46:05Z,totals,Over,-116,40.5
2026-09-20T19:46:24+00:00,manual,nfl,4dd8020192a544385db42374e5555303,2026-09-20T20:25:00Z,Arizona Cardinals,Seattle Seahawks,betonlineag,2026-09-20T19:46:05Z,totals,Under,-104,40.5
2026-09-20T19:46:24+00:00,manual,nfl,4dd8020192a544385db42374e5555303,2026-09-20T20:25:00Z,Arizona Cardinals,Seattle Seahawks,fanduel,2026-09-20T19:45:45Z,h2h,Arizona Cardinals,176,
2026-09-20T19:46:24+00:00,manual,nfl,4dd8020192a544385db42374e5555303,2026-09-20T20:25:00Z,Arizona Cardinals,Seattle Seahawks,fanduel,2026-09-20T19:45:45Z,h2h,Seattle Seahawks,-210,
2026-09-20T19:46:24+00:00,manual,nfl,4dd8020192a544385db42374e5555303,2026-09-20T20:25:00Z,Arizona Cardinals,Seattle Seahawks,fanduel,2026-09-20T19:45:45Z,spreads,Arizona Cardinals,-120,4.5
2026-09-20T19:46:24+00:00,manual,nfl,4dd8020192a544385db42374e5555303,2026-09-20T20:25:00Z,Arizona Cardinals,Seattle Seahawks,fanduel,2026-09-20T19:45:45Z,spreads,Seattle Seahawks,-102,-4.5
2026-09-20T19:46:24+00:00,manual,nfl,4dd8020192a544385db42374e5555303,2026-09-20T20:25:00Z,Arizona Cardinals,Seattle Seahawks,fanduel,2026-09-20T19:45:45Z,totals,Over,-102,41.5
2026-09-20T19:46:24+00:00,manual,nfl,4dd8020192a544385db42374e5555303,2026-09-20T20:25:00Z,Arizona Cardinals,Seattle Seahawks,fanduel,2026-09-20T19:45:45Z,totals,Under,-120,41.5
2026-09-20T19:46:24+00:00,manual,nfl,4dd8020192a544385db42374e5555303,2026-09-20T20:25:00Z,Arizona Cardinals,Seattle Seahawks,betmgm,2026-09-20T19:45:25Z,h2h,Arizona Cardinals,185,
2026-09-20T19:46:24+00:00,manual,nfl,4dd8020192a544385db42374e5555303,2026-09-20T20:25:00Z,Arizona Cardinals,Seattle Seahawks,betmgm,2026-09-20T19:45:25Z,h2h,Seattle Seahawks,-220,
2026-09-20T19:46:24+00:00,manual,nfl,4dd8020192a544385db42374e5555303,2026-09-20T20:25:00Z,Arizona Cardinals,Seattle Seahawks,betmgm,2026-09-20T19:45:25Z,spreads,Arizona Cardinals,-105,4.0
2026-09-20T19:46:24+00:00,manual,nfl,4dd8020192a544385db42374e5555303,2026-09-20T20:25:00Z,Arizona Cardinals,Seattle Seahawks,betmgm,2026-09-20T19:45:25Z,spreads,Seattle Seahawks,-105,-4.0
2026-09-20T19:46:24+00:00,manual,nfl,4dd8020192a544385db42374e5555303,2026-09-20T20:25:00Z,Arizona Cardinals,Seattle Seahawks,betmgm,2026-09-20T19:45:25Z,totals,Over,-110,41.0
2026-09-20T19:46:24+00:00,manual,nfl,4dd8020192a544385db42374e5555303,2026-09-20T20:25:00Z,Arizona Cardinals,Seattle Seahawks,betmgm,2026-09-20T19:45:25Z,totals,Under,-108,41.0
2026-09-20T19:46:24+00:00,manual,nfl,4dd8020192a544385db42374e5555303,2026-09-20T20:25:00Z,Arizona Cardinals,Seattle Seahawks,pinnacle,2026-09-20T19:46:05Z,h2h,Arizona Cardinals,176,
2026-09-20T19:46:24+00:00,manual,nfl,4dd8020192a544385db42374e5555303,2026-09-20T20:25:00Z,Arizona Cardinals,Seattle Seahawks,pinnacle,2026-09-20T19:46:05Z,h2h,Seattle Seahawks,-198,
2026-09-20T19:46:24+00:00,manual,nfl,4dd8020192a544385db42374e5555303,2026-09-20T20:25:00Z,Arizona Cardinals,Seattle Seahawks,pinnacle,2026-09-20T19:46:05Z,spreads,Arizona Cardinals,-108,4.0
2026-09-20T19:46:24+00:00,manual,nfl,4dd8020192a544385db42374e5555303,2026-09-20T20:25:00Z,Arizona Cardinals,Seattle Seahawks,pinnacle,2026-09-20T19:46:05Z,spreads,Seattle Seahawks,-102,-4.0
2026-09-20T19:46:24+00:00,manual,nfl,4dd8020192a544385db42374e5555303,2026-09-20T20:25:00Z,Arizona Cardinals,Seattle Seahawks,pinnacle,2026-09-20T19:46:05Z,totals,Over,100,41.5
2026-09-20T19:46:24+00:00,manual,nfl,4dd8020192a544385db42374e5555303,2026-09-20T20:25:00Z,Arizona Cardinals,Seattle Seahawks,pinnacle,2026-09-20T19:46:05Z,totals,Under,-112,41.5
2026-09-20T19:46:24+00:00,manual,nfl,4dd8020192a544385db42374e5555303,2026-09-20T20:25:00Z,Arizona Cardinals,Seattle Seahawks,bovada,2026-09-20T19:44:06Z,h2h,Arizona Cardinals,175,
2026-09-20T19:46:24+00:00,manual,nfl,4dd8020192a544385db42374e5555303,2026-09-20T20:25:00Z,Arizona Cardinals,Seattle Seahawks,bovada,2026-09-20T19:44:06Z,h2h,Seattle Seahawks,-210,
2026-09-20T19:46:24+00:00,manual,nfl,4dd8020192a544385db42374e5555303,2026-09-20T20:25:00Z,Arizona Cardinals,Seattle Seahawks,bovada,2026-09-20T19:44:06Z,spreads,Arizona Cardinals,-115,4.0
2026-09-20T19:46:24+00:00,manual,nfl,4dd8020192a544385db42374e5555303,2026-09-20T20:25:00Z,Arizona Cardinals,Seattle Seahawks,bovada,2026-09-20T19:44:06Z,spreads,Seattle Seahawks,-105,-4.0
2026-09-20T19:46:24+00:00,manual,nfl,4dd8020192a544385db42374e5555303,2026-09-20T20:25:00Z,Arizona Cardinals,Seattle Seahawks,bovada,2026-09-20T19:44:06Z,totals,Over,-110,41.0
2026-09-20T19:46:24+00:00,manual,nfl,4dd8020192a544385db42374e5555303,2026-09-20T20:25:00Z,Arizona Cardinals,Seattle Seahawks,bovada,2026-09-20T19:44:06Z,totals,Under,-110,41.0
2026-09-20T19:46:24+00:00,manual,nfl,85ef85098ddd22fe4ecf45e7e3c0a9c0,2026-09-20T20:25:00Z,Dallas Cowboys,Washington Commanders,draftkings,2026-09-20T19:45:25Z,h2h,Dallas Cowboys,-218,
2026-09-20T19:46:24+00:00,manual,nfl,85ef85098ddd22fe4ecf45e7e3c0a9c0,2026-09-20T20:25:00Z,Dallas Cowboys,Washington Commanders,draftkings,2026-09-20T19:45:25Z,h2h,Washington Commanders,180,
2026-09-20T19:46:24+00:00,manual,nfl,85ef85098ddd22fe4ecf45e7e3c0a9c0,2026-09-20T20:25:00Z,Dallas Cowboys,Washington Commanders,draftkings,2026-09-20T19:45:25Z,spreads,Dallas Cowboys,-120,-3.5
2026-09-20T19:46:24+00:00,manual,nfl,85ef85098ddd22fe4ecf45e7e3c0a9c0,2026-09-20T20:25:00Z,Dallas Cowboys,Washington Commanders,draftkings,2026-09-20T19:45:25Z,spreads,Washington Commanders,100,3.5
2026-09-20T19:46:24+00:00,manual,nfl,85ef85098ddd22fe4ecf45e7e3c0a9c0,2026-09-20T20:25:00Z,Dallas Cowboys,Washington Commanders,draftkings,2026-09-20T19:45:25Z,totals,Over,-105,51.5
2026-09-20T19:46:24+00:00,manual,nfl,85ef85098ddd22fe4ecf45e7e3c0a9c0,2026-09-20T20:25:00Z,Dallas Cowboys,Washington Commanders,draftkings,2026-09-20T19:45:25Z,totals,Under,-115,51.5
2026-09-20T19:46:24+00:00,manual,nfl,85ef85098ddd22fe4ecf45e7e3c0a9c0,2026-09-20T20:25:00Z,Dallas Cowboys,Washington Commanders,lowvig,2026-09-20T19:45:45Z,h2h,Dallas Cowboys,-207,
2026-09-20T19:46:24+00:00,manual,nfl,85ef85098ddd22fe4ecf45e7e3c0a9c0,2026-09-20T20:25:00Z,Dallas Cowboys,Washington Commanders,lowvig,2026-09-20T19:45:45Z,h2h,Washington Commanders,178,
2026-09-20T19:46:24+00:00,manual,nfl,85ef85098ddd22fe4ecf45e7e3c0a9c0,2026-09-20T20:25:00Z,Dallas Cowboys,Washington Commanders,lowvig,2026-09-20T19:45:45Z,spreads,Dallas Cowboys,-103,-4.0
2026-09-20T19:46:24+00:00,manual,nfl,85ef85098ddd22fe4ecf45e7e3c0a9c0,2026-09-20T20:25:00Z,Dallas Cowboys,Washington Commanders,lowvig,2026-09-20T19:45:45Z,spreads,Washington Commanders,-107,4.0
2026-09-20T19:46:24+00:00,manual,nfl,85ef85098ddd22fe4ecf45e7e3c0a9c0,2026-09-20T20:25:00Z,Dallas Cowboys,Washington Commanders,lowvig,2026-09-20T19:45:45Z,totals,Over,-109,51.0
2026-09-20T19:46:24+00:00,manual,nfl,85ef85098ddd22fe4ecf45e7e3c0a9c0,2026-09-20T20:25:00Z,Dallas Cowboys,Washington Commanders,lowvig,2026-09-20T19:45:45Z,totals,Under,-105,51.0
2026-09-20T19:46:24+00:00,manual,nfl,85ef85098ddd22fe4ecf45e7e3c0a9c0,2026-09-20T20:25:00Z,Dallas Cowboys,Washington Commanders,betonlineag,2026-09-20T19:46:05Z,h2h,Dallas Cowboys,-207,
2026-09-20T19:46:24+00:00,manual,nfl,85ef85098ddd22fe4ecf45e7e3c0a9c0,2026-09-20T20:25:00Z,Dallas Cowboys,Washington Commanders,betonlineag,2026-09-20T19:46:05Z,h2h,Washington Commanders,178,
2026-09-20T19:46:24+00:00,manual,nfl,85ef85098ddd22fe4ecf45e7e3c0a9c0,2026-09-20T20:25:00Z,Dallas Cowboys,Washington Commanders,betonlineag,2026-09-20T19:46:05Z,spreads,Dallas Cowboys,-108,-4.0
2026-09-20T19:46:24+00:00,manual,nfl,85ef85098ddd22fe4ecf45e7e3c0a9c0,2026-09-20T20:25:00Z,Dallas Cowboys,Washington Commanders,betonlineag,2026-09-20T19:46:05Z,spreads,Washington Commanders,-112,4.0
2026-09-20T19:46:24+00:00,manual,nfl,85ef85098ddd22fe4ecf45e7e3c0a9c0,2026-09-20T20:25:00Z,Dallas Cowboys,Washington Commanders,betonlineag,2026-09-20T19:46:05Z,totals,Over,-112,51.0
2026-09-20T19:46:24+00:00,manual,nfl,85ef85098ddd22fe4ecf45e7e3c0a9c0,2026-09-20T20:25:00Z,Dallas Cowboys,Washington Commanders,betonlineag,2026-09-20T19:46:05Z,totals,Under,-108,51.0
2026-09-20T19:46:24+00:00,manual,nfl,85ef85098ddd22fe4ecf45e7e3c0a9c0,2026-09-20T20:25:00Z,Dallas Cowboys,Washington Commanders,fanduel,2026-09-20T19:45:45Z,h2h,Dallas Cowboys,-215,
2026-09-20T19:46:24+00:00,manual,nfl,85ef85098ddd22fe4ecf45e7e3c0a9c0,2026-09-20T20:25:00Z,Dallas Cowboys,Washington Commanders,fanduel,2026-09-20T19:45:45Z,h2h,Washington Commanders,180,
2026-09-20T19:46:24+00:00,manual,nfl,85ef85098ddd22fe4ecf45e7e3c0a9c0,2026-09-20T20:25:00Z,Dallas Cowboys,Washington Commanders,fanduel,2026-09-20T19:45:45Z,spreads,Dallas Cowboys,-106,-4.5
2026-09-20T19:46:24+00:00,manual,nfl,85ef85098ddd22fe4ecf45e7e3c0a9c0,2026-09-20T20:25:00Z,Dallas Cowboys,Washington Commanders,fanduel,2026-09-20T19:45:45Z,spreads,Washington Commanders,-114,4.5
2026-09-20T19:46:24+00:00,manual,nfl,85ef85098ddd22fe4ecf45e7e3c0a9c0,2026-09-20T20:25:00Z,Dallas Cowboys,Washington Commanders,fanduel,2026-09-20T19:45:45Z,totals,Over,-118,50.5
2026-09-20T19:46:24+00:00,manual,nfl,85ef85098ddd22fe4ecf45e7e3c0a9c0,2026-09-20T20:25:00Z,Dallas Cowboys,Washington Commanders,fanduel,2026-09-20T19:45:45Z,totals,Under,-104,50.5
2026-09-20T19:46:24+00:00,manual,nfl,85ef85098ddd22fe4ecf45e7e3c0a9c0,2026-09-20T20:25:00Z,Dallas Cowboys,Washington Commanders,betmgm,2026-09-20T19:45:25Z,h2h,Dallas Cowboys,-210,
2026-09-20T19:46:24+00:00,manual,nfl,85ef85098ddd22fe4ecf45e7e3c0a9c0,2026-09-20T20:25:00Z,Dallas Cowboys,Washington Commanders,betmgm,2026-09-20T19:45:25Z,h2h,Washington Commanders,175,
2026-09-20T19:46:24+00:00,manual,nfl,85ef85098ddd22fe4ecf45e7e3c0a9c0,2026-09-20T20:25:00Z,Dallas Cowboys,Washington Commanders,betmgm,2026-09-20T19:45:25Z,spreads,Dallas Cowboys,-105,-4.0
2026-09-20T19:46:24+00:00,manual,nfl,85ef85098ddd22fe4ecf45e7e3c0a9c0,2026-09-20T20:25:00Z,Dallas Cowboys,Washington Commanders,betmgm,2026-09-20T19:45:25Z,spreads,Washington Commanders,-105,4.0
2026-09-20T19:46:24+00:00,manual,nfl,85ef85098ddd22fe4ecf45e7e3c0a9c0,2026-09-20T20:25:00Z,Dallas Cowboys,Washington Commanders,betmgm,2026-09-20T19:45:25Z,totals,Over,-110,51.0
2026-09-20T19:46:24+00:00,manual,nfl,85ef85098ddd22fe4ecf45e7e3c0a9c0,2026-09-20T20:25:00Z,Dallas Cowboys,Washington Commanders,betmgm,2026-09-20T19:45:25Z,totals,Under,-108,51.0
2026-09-20T19:46:24+00:00,manual,nfl,85ef85098ddd22fe4ecf45e7e3c0a9c0,2026-09-20T20:25:00Z,Dallas Cowboys,Washington Commanders,pinnacle,2026-09-20T19:46:05Z,h2h,Dallas Cowboys,-198,
2026-09-20T19:46:24+00:00,manual,nfl,85ef85098ddd22fe4ecf45e7e3c0a9c0,2026-09-20T20:25:00Z,Dallas Cowboys,Washington Commanders,pinnacle,2026-09-20T19:46:05Z,h2h,Washington Commanders,176,
2026-09-20T19:46:24+00:00,manual,nfl,85ef85098ddd22fe4ecf45e7e3c0a9c0,2026-09-20T20:25:00Z,Dallas Cowboys,Washington Commanders,pinnacle,2026-09-20T19:46:05Z,spreads,Dallas Cowboys,-103,-4.0
2026-09-20T19:46:24+00:00,manual,nfl,85ef85098ddd22fe4ecf45e7e3c0a9c0,2026-09-20T20:25:00Z,Dallas Cowboys,Washington Commanders,pinnacle,2026-09-20T19:46:05Z,spreads,Washington Commanders,-107,4.0
2026-09-20T19:46:24+00:00,manual,nfl,85ef85098ddd22fe4ecf45e7e3c0a9c0,2026-09-20T20:25:00Z,Dallas Cowboys,Washington Commanders,pinnacle,2026-09-20T19:46:05Z,totals,Over,-108,51.0
2026-09-20T19:46:24+00:00,manual,nfl,85ef85098ddd22fe4ecf45e7e3c0a9c0,2026-09-20T20:25:00Z,Dallas Cowboys,Washington Commanders,pinnacle,2026-09-20T19:46:05Z,totals,Under,-104,51.0
2026-09-20T19:46:24+00:00,manual,nfl,85ef85098ddd22fe4ecf45e7e3c0a9c0,2026-09-20T20:25:00Z,Dallas Cowboys,Washington Commanders,bovada,2026-09-20T19:44:06Z,h2h,Dallas Cowboys,-210,
2026-09-20T19:46:24+00:00,manual,nfl,85ef85098ddd22fe4ecf45e7e3c0a9c0,2026-09-20T20:25:00Z,Dallas Cowboys,Washington Commanders,bovada,2026-09-20T19:44:06Z,h2h,Washington Commanders,175,
2026-09-20T19:46:24+00:00,manual,nfl,85ef85098ddd22fe4ecf45e7e3c0a9c0,2026-09-20T20:25:00Z,Dallas Cowboys,Washington Commanders,bovada,2026-09-20T19:44:06Z,spreads,Dallas Cowboys,-110,-4.0
2026-09-20T19:46:24+00:00,manual,nfl,85ef85098ddd22fe4ecf45e7e3c0a9c0,2026-09-20T20:25:00Z,Dallas Cowboys,Washington Commanders,bovada,2026-09-20T19:44:06Z,spreads,Washington Commanders,-110,4.0
2026-09-20T19:46:24+00:00,manual,nfl,85ef85098ddd22fe4ecf45e7e3c0a9c0,2026-09-20T20:25:00Z,Dallas Cowboys,Washington Commanders,bovada,2026-09-20T19:44:06Z,totals,Over,-110,51.0
2026-09-20T19:46:24+00:00,manual,nfl,85ef85098ddd22fe4ecf45e7e3c0a9c0,2026-09-20T20:25:00Z,Dallas Cowboys,Washington Commanders,bovada,2026-09-20T19:44:06Z,totals,Under,-110,51.0
2026-09-20T19:46:24+00:00,manual,nfl,68bc55903f50af4af4766adcc89fcc61,2026-09-20T20:25:00Z,San Francisco 49ers,Miami Dolphins,draftkings,2026-09-20T19:45:25Z,h2h,Miami Dolphins,600,
2026-09-20T19:46:24+00:00,manual,nfl,68bc55903f50af4af4766adcc89fcc61,2026-09-20T20:25:00Z,San Francisco 49ers,Miami Dolphins,draftkings,2026-09-20T19:45:25Z,h2h,San Francisco 49ers,-900,
2026-09-20T19:46:24+00:00,manual,nfl,68bc55903f50af4af4766adcc89fcc61,2026-09-20T20:25:00Z,San Francisco 49ers,Miami Dolphins,draftkings,2026-09-20T19:45:25Z,spreads,Miami Dolphins,-105,12.5
2026-09-20T19:46:24+00:00,manual,nfl,68bc55903f50af4af4766adcc89fcc61,2026-09-20T20:25:00Z,San Francisco 49ers,Miami Dolphins,draftkings,2026-09-20T19:45:25Z,spreads,San Francisco 49ers,-115,-12.5
2026-09-20T19:46:24+00:00,manual,nfl,68bc55903f50af4af4766adcc89fcc61,2026-09-20T20:25:00Z,San Francisco 49ers,Miami Dolphins,draftkings,2026-09-20T19:45:25Z,totals,Over,-115,44.5
2026-09-20T19:46:24+00:00,manual,nfl,68bc55903f50af4af4766adcc89fcc61,2026-09-20T20:25:00Z,San Francisco 49ers,Miami Dolphins,draftkings,2026-09-20T19:45:25Z,totals,Under,-105,44.5
2026-09-20T19:46:24+00:00,manual,nfl,68bc55903f50af4af4766adcc89fcc61,2026-09-20T20:25:00Z,San Francisco 49ers,Miami Dolphins,lowvig,2026-09-20T19:45:45Z,h2h,Miami Dolphins,686,
2026-09-20T19:46:24+00:00,manual,nfl,68bc55903f50af4af4766adcc89fcc61,2026-09-20T20:25:00Z,San Francisco 49ers,Miami Dolphins,lowvig,2026-09-20T19:45:45Z,h2h,San Francisco 49ers,-1050,
2026-09-20T19:46:24+00:00,manual,nfl,68bc55903f50af4af4766adcc89fcc61,2026-09-20T20:25:00Z,San Francisco 49ers,Miami Dolphins,lowvig,2026-09-20T19:45:45Z,spreads,Miami Dolphins,-110,13.5
2026-09-20T19:46:24+00:00,manual,nfl,68bc55903f50af4af4766adcc89fcc61,2026-09-20T20:25:00Z,San Francisco 49ers,Miami Dolphins,lowvig,2026-09-20T19:45:45Z,spreads,San Francisco 49ers,100,-13.5
2026-09-20T19:46:24+00:00,manual,nfl,68bc55903f50af4af4766adcc89fcc61,2026-09-20T20:25:00Z,San Francisco 49ers,Miami Dolphins,lowvig,2026-09-20T19:45:45Z,totals,Over,-107,45.0
2026-09-20T19:46:24+00:00,manual,nfl,68bc55903f50af4af4766adcc89fcc61,2026-09-20T20:25:00Z,San Francisco 49ers,Miami Dolphins,lowvig,2026-09-20T19:45:45Z,totals,Under,-107,45.0
2026-09-20T19:46:24+00:00,manual,nfl,68bc55903f50af4af4766adcc89fcc61,2026-09-20T20:25:00Z,San Francisco 49ers,Miami Dolphins,betonlineag,2026-09-20T19:46:05Z,h2h,Miami Dolphins,686,
2026-09-20T19:46:24+00:00,manual,nfl,68bc55903f50af4af4766adcc89fcc61,2026-09-20T20:25:00Z,San Francisco 49ers,Miami Dolphins,betonlineag,2026-09-20T19:46:05Z,h2h,San Francisco 49ers,-1050,
2026-09-20T19:46:24+00:00,manual,nfl,68bc55903f50af4af4766adcc89fcc61,2026-09-20T20:25:00Z,San Francisco 49ers,Miami Dolphins,betonlineag,2026-09-20T19:46:05Z,spreads,Miami Dolphins,-115,13.5
2026-09-20T19:46:24+00:00,manual,nfl,68bc55903f50af4af4766adcc89fcc61,2026-09-20T20:25:00Z,San Francisco 49ers,Miami Dolphins,betonlineag,2026-09-20T19:46:05Z,spreads,San Francisco 49ers,-105,-13.5
2026-09-20T19:46:24+00:00,manual,nfl,68bc55903f50af4af4766adcc89fcc61,2026-09-20T20:25:00Z,San Francisco 49ers,Miami Dolphins,betonlineag,2026-09-20T19:46:05Z,totals,Over,-110,45.0
2026-09-20T19:46:24+00:00,manual,nfl,68bc55903f50af4af4766adcc89fcc61,2026-09-20T20:25:00Z,San Francisco 49ers,Miami Dolphins,betonlineag,2026-09-20T19:46:05Z,totals,Under,-110,45.0
2026-09-20T19:46:24+00:00,manual,nfl,68bc55903f50af4af4766adcc89fcc61,2026-09-20T20:25:00Z,San Francisco 49ers,Miami Dolphins,fanduel,2026-09-20T19:45:45Z,h2h,Miami Dolphins,660,
2026-09-20T19:46:24+00:00,manual,nfl,68bc55903f50af4af4766adcc89fcc61,2026-09-20T20:25:00Z,San Francisco 49ers,Miami Dolphins,fanduel,2026-09-20T19:45:45Z,h2h,San Francisco 49ers,-1000,
2026-09-20T19:46:24+00:00,manual,nfl,68bc55903f50af4af4766adcc89fcc61,2026-09-20T20:25:00Z,San Francisco 49ers,Miami Dolphins,fanduel,2026-09-20T19:45:45Z,spreads,Miami Dolphins,-115,13.5
2026-09-20T19:46:24+00:00,manual,nfl,68bc55903f50af4af4766adcc89fcc61,2026-09-20T20:25:00Z,San Francisco 49ers,Miami Dolphins,fanduel,2026-09-20T19:45:45Z,spreads,San Francisco 49ers,-105,-13.5
2026-09-20T19:46:24+00:00,manual,nfl,68bc55903f50af4af4766adcc89fcc61,2026-09-20T20:25:00Z,San Francisco 49ers,Miami Dolphins,fanduel,2026-09-20T19:45:45Z,totals,Over,-102,45.5
2026-09-20T19:46:24+00:00,manual,nfl,68bc55903f50af4af4766adcc89fcc61,2026-09-20T20:25:00Z,San Francisco 49ers,Miami Dolphins,fanduel,2026-09-20T19:45:45Z,totals,Under,-120,45.5
2026-09-20T19:46:24+00:00,manual,nfl,68bc55903f50af4af4766adcc89fcc61,2026-09-20T20:25:00Z,San Francisco 49ers,Miami Dolphins,betmgm,2026-09-20T19:45:25Z,h2h,Miami Dolphins,675,
2026-09-20T19:46:24+00:00,manual,nfl,68bc55903f50af4af4766adcc89fcc61,2026-09-20T20:25:00Z,San Francisco 49ers,Miami Dolphins,betmgm,2026-09-20T19:45:25Z,h2h,San Francisco 49ers,-1000,
2026-09-20T19:46:24+00:00,manual,nfl,68bc55903f50af4af4766adcc89fcc61,2026-09-20T20:25:00Z,San Francisco 49ers,Miami Dolphins,betmgm,2026-09-20T19:45:25Z,spreads,Miami Dolphins,-105,13.0
2026-09-20T19:46:24+00:00,manual,nfl,68bc55903f50af4af4766adcc89fcc61,2026-09-20T20:25:00Z,San Francisco 49ers,Miami Dolphins,betmgm,2026-09-20T19:45:25Z,spreads,San Francisco 49ers,-112,-13.0
2026-09-20T19:46:24+00:00,manual,nfl,68bc55903f50af4af4766adcc89fcc61,2026-09-20T20:25:00Z,San Francisco 49ers,Miami Dolphins,betmgm,2026-09-20T19:45:25Z,totals,Over,-108,45.0
2026-09-20T19:46:24+00:00,manual,nfl,68bc55903f50af4af4766adcc89fcc61,2026-09-20T20:25:00Z,San Francisco 49ers,Miami Dolphins,betmgm,2026-09-20T19:45:25Z,totals,Under,-110,45.0
2026-09-20T19:46:24+00:00,manual,nfl,68bc55903f50af4af4766adcc89fcc61,2026-09-20T20:25:00Z,San Francisco 49ers,Miami Dolphins,pinnacle,2026-09-20T19:46:05Z,h2h,Miami Dolphins,709,
2026-09-20T19:46:24+00:00,manual,nfl,68bc55903f50af4af4766adcc89fcc61,2026-09-20T20:25:00Z,San Francisco 49ers,Miami Dolphins,pinnacle,2026-09-20T19:46:05Z,h2h,San Francisco 49ers,-985,
2026-09-20T19:46:24+00:00,manual,nfl,68bc55903f50af4af4766adcc89fcc61,2026-09-20T20:25:00Z,San Francisco 49ers,Miami Dolphins,pinnacle,2026-09-20T19:46:05Z,spreads,Miami Dolphins,-110,13.5
2026-09-20T19:46:24+00:00,manual,nfl,68bc55903f50af4af4766adcc89fcc61,2026-09-20T20:25:00Z,San Francisco 49ers,Miami Dolphins,pinnacle,2026-09-20T19:46:05Z,spreads,San Francisco 49ers,100,-13.5
2026-09-20T19:46:24+00:00,manual,nfl,68bc55903f50af4af4766adcc89fcc61,2026-09-20T20:25:00Z,San Francisco 49ers,Miami Dolphins,pinnacle,2026-09-20T19:46:05Z,totals,Over,101,45.5
2026-09-20T19:46:24+00:00,manual,nfl,68bc55903f50af4af4766adcc89fcc61,2026-09-20T20:25:00Z,San Francisco 49ers,Miami Dolphins,pinnacle,2026-09-20T19:46:05Z,totals,Under,-114,45.5
2026-09-20T19:46:24+00:00,manual,nfl,68bc55903f50af4af4766adcc89fcc61,2026-09-20T20:25:00Z,San Francisco 49ers,Miami Dolphins,bovada,2026-09-20T19:44:06Z,h2h,Miami Dolphins,700,
2026-09-20T19:46:24+00:00,manual,nfl,68bc55903f50af4af4766adcc89fcc61,2026-09-20T20:25:00Z,San Francisco 49ers,Miami Dolphins,bovada,2026-09-20T19:44:06Z,h2h,San Francisco 49ers,-1200,
2026-09-20T19:46:24+00:00,manual,nfl,68bc55903f50af4af4766adcc89fcc61,2026-09-20T20:25:00Z,San Francisco 49ers,Miami Dolphins,bovada,2026-09-20T19:44:06Z,spreads,Miami Dolphins,-105,13.0
2026-09-20T19:46:24+00:00,manual,nfl,68bc55903f50af4af4766adcc89fcc61,2026-09-20T20:25:00Z,San Francisco 49ers,Miami Dolphins,bovada,2026-09-20T19:44:06Z,spreads,San Francisco 49ers,-115,-13.0
2026-09-20T19:46:24+00:00,manual,nfl,68bc55903f50af4af4766adcc89fcc61,2026-09-20T20:25:00Z,San Francisco 49ers,Miami Dolphins,bovada,2026-09-20T19:44:06Z,totals,Over,-110,45.0
2026-09-20T19:46:24+00:00,manual,nfl,68bc55903f50af4af4766adcc89fcc61,2026-09-20T20:25:00Z,San Francisco 49ers,Miami Dolphins,bovada,2026-09-20T19:44:06Z,totals,Under,-110,45.0
2026-09-20T19:46:24+00:00,manual,nfl,50bc247030707d823b9c3581d7eb5760,2026-09-21T00:20:00Z,Kansas City Chiefs,Indianapolis Colts,draftkings,2026-09-20T19:45:25Z,h2h,Indianapolis Colts,215,
2026-09-20T19:46:24+00:00,manual,nfl,50bc247030707d823b9c3581d7eb5760,2026-09-21T00:20:00Z,Kansas City Chiefs,Indianapolis Colts,draftkings,2026-09-20T19:45:25Z,h2h,Kansas City Chiefs,-265,
2026-09-20T19:46:24+00:00,manual,nfl,50bc247030707d823b9c3581d7eb5760,2026-09-21T00:20:00Z,Kansas City Chiefs,Indianapolis Colts,draftkings,2026-09-20T19:45:25Z,spreads,Indianapolis Colts,-112,6.0
2026-09-20T19:46:24+00:00,manual,nfl,50bc247030707d823b9c3581d7eb5760,2026-09-21T00:20:00Z,Kansas City Chiefs,Indianapolis Colts,draftkings,2026-09-20T19:45:25Z,spreads,Kansas City Chiefs,-108,-6.0
2026-09-20T19:46:24+00:00,manual,nfl,50bc247030707d823b9c3581d7eb5760,2026-09-21T00:20:00Z,Kansas City Chiefs,Indianapolis Colts,draftkings,2026-09-20T19:45:25Z,totals,Over,-102,46.5
2026-09-20T19:46:24+00:00,manual,nfl,50bc247030707d823b9c3581d7eb5760,2026-09-21T00:20:00Z,Kansas City Chiefs,Indianapolis Colts,draftkings,2026-09-20T19:45:25Z,totals,Under,-118,46.5
2026-09-20T19:46:24+00:00,manual,nfl,50bc247030707d823b9c3581d7eb5760,2026-09-21T00:20:00Z,Kansas City Chiefs,Indianapolis Colts,betonlineag,2026-09-20T19:46:05Z,h2h,Indianapolis Colts,222,
2026-09-20T19:46:24+00:00,manual,nfl,50bc247030707d823b9c3581d7eb5760,2026-09-21T00:20:00Z,Kansas City Chiefs,Indianapolis Colts,betonlineag,2026-09-20T19:46:05Z,h2h,Kansas City Chiefs,-270,
2026-09-20T19:46:24+00:00,manual,nfl,50bc247030707d823b9c3581d7eb5760,2026-09-21T00:20:00Z,Kansas City Chiefs,Indianapolis Colts,betonlineag,2026-09-20T19:46:05Z,spreads,Indianapolis Colts,-115,6.0
2026-09-20T19:46:24+00:00,manual,nfl,50bc247030707d823b9c3581d7eb5760,2026-09-21T00:20:00Z,Kansas City Chiefs,Indianapolis Colts,betonlineag,2026-09-20T19:46:05Z,spreads,Kansas City Chiefs,-105,-6.0
2026-09-20T19:46:24+00:00,manual,nfl,50bc247030707d823b9c3581d7eb5760,2026-09-21T00:20:00Z,Kansas City Chiefs,Indianapolis Colts,betonlineag,2026-09-20T19:46:05Z,totals,Over,-110,46.0
2026-09-20T19:46:24+00:00,manual,nfl,50bc247030707d823b9c3581d7eb5760,2026-09-21T00:20:00Z,Kansas City Chiefs,Indianapolis Colts,betonlineag,2026-09-20T19:46:05Z,totals,Under,-110,46.0
2026-09-20T19:46:24+00:00,manual,nfl,50bc247030707d823b9c3581d7eb5760,2026-09-21T00:20:00Z,Kansas City Chiefs,Indianapolis Colts,lowvig,2026-09-20T19:45:45Z,h2h,Indianapolis Colts,222,
2026-09-20T19:46:24+00:00,manual,nfl,50bc247030707d823b9c3581d7eb5760,2026-09-21T00:20:00Z,Kansas City Chiefs,Indianapolis Colts,lowvig,2026-09-20T19:45:45Z,h2h,Kansas City Chiefs,-270,
2026-09-20T19:46:24+00:00,manual,nfl,50bc247030707d823b9c3581d7eb5760,2026-09-21T00:20:00Z,Kansas City Chiefs,Indianapolis Colts,lowvig,2026-09-20T19:45:45Z,spreads,Indianapolis Colts,-110,6.0
2026-09-20T19:46:24+00:00,manual,nfl,50bc247030707d823b9c3581d7eb5760,2026-09-21T00:20:00Z,Kansas City Chiefs,Indianapolis Colts,lowvig,2026-09-20T19:45:45Z,spreads,Kansas City Chiefs,100,-6.0
2026-09-20T19:46:24+00:00,manual,nfl,50bc247030707d823b9c3581d7eb5760,2026-09-21T00:20:00Z,Kansas City Chiefs,Indianapolis Colts,lowvig,2026-09-20T19:45:45Z,totals,Over,-107,46.0
2026-09-20T19:46:24+00:00,manual,nfl,50bc247030707d823b9c3581d7eb5760,2026-09-21T00:20:00Z,Kansas City Chiefs,Indianapolis Colts,lowvig,2026-09-20T19:45:45Z,totals,Under,-107,46.0
2026-09-20T19:46:24+00:00,manual,nfl,50bc247030707d823b9c3581d7eb5760,2026-09-21T00:20:00Z,Kansas City Chiefs,Indianapolis Colts,fanduel,2026-09-20T19:45:45Z,h2h,Indianapolis Colts,235,
2026-09-20T19:46:24+00:00,manual,nfl,50bc247030707d823b9c3581d7eb5760,2026-09-21T00:20:00Z,Kansas City Chiefs,Indianapolis Colts,fanduel,2026-09-20T19:45:45Z,h2h,Kansas City Chiefs,-290,
2026-09-20T19:46:24+00:00,manual,nfl,50bc247030707d823b9c3581d7eb5760,2026-09-21T00:20:00Z,Kansas City Chiefs,Indianapolis Colts,fanduel,2026-09-20T19:45:45Z,spreads,Indianapolis Colts,-120,6.5
2026-09-20T19:46:24+00:00,manual,nfl,50bc247030707d823b9c3581d7eb5760,2026-09-21T00:20:00Z,Kansas City Chiefs,Indianapolis Colts,fanduel,2026-09-20T19:45:45Z,spreads,Kansas City Chiefs,-102,-6.5
2026-09-20T19:46:24+00:00,manual,nfl,50bc247030707d823b9c3581d7eb5760,2026-09-21T00:20:00Z,Kansas City Chiefs,Indianapolis Colts,fanduel,2026-09-20T19:45:45Z,totals,Over,-115,45.5
2026-09-20T19:46:24+00:00,manual,nfl,50bc247030707d823b9c3581d7eb5760,2026-09-21T00:20:00Z,Kansas City Chiefs,Indianapolis Colts,fanduel,2026-09-20T19:45:45Z,totals,Under,-105,45.5
2026-09-20T19:46:24+00:00,manual,nfl,50bc247030707d823b9c3581d7eb5760,2026-09-21T00:20:00Z,Kansas City Chiefs,Indianapolis Colts,betmgm,2026-09-20T19:45:25Z,h2h,Indianapolis Colts,225,
2026-09-20T19:46:24+00:00,manual,nfl,50bc247030707d823b9c3581d7eb5760,2026-09-21T00:20:00Z,Kansas City Chiefs,Indianapolis Colts,betmgm,2026-09-20T19:45:25Z,h2h,Kansas City Chiefs,-275,
2026-09-20T19:46:24+00:00,manual,nfl,50bc247030707d823b9c3581d7eb5760,2026-09-21T00:20:00Z,Kansas City Chiefs,Indianapolis Colts,betmgm,2026-09-20T19:45:25Z,totals,Over,-108,46.0
2026-09-20T19:46:24+00:00,manual,nfl,50bc247030707d823b9c3581d7eb5760,2026-09-21T00:20:00Z,Kansas City Chiefs,Indianapolis Colts,betmgm,2026-09-20T19:45:25Z,totals,Under,-110,46.0
2026-09-20T19:46:24+00:00,manual,nfl,50bc247030707d823b9c3581d7eb5760,2026-09-21T00:20:00Z,Kansas City Chiefs,Indianapolis Colts,bovada,2026-09-20T19:44:06Z,h2h,Indianapolis Colts,235,
2026-09-20T19:46:24+00:00,manual,nfl,50bc247030707d823b9c3581d7eb5760,2026-09-21T00:20:00Z,Kansas City Chiefs,Indianapolis Colts,bovada,2026-09-20T19:44:06Z,h2h,Kansas City Chiefs,-285,
2026-09-20T19:46:24+00:00,manual,nfl,50bc247030707d823b9c3581d7eb5760,2026-09-21T00:20:00Z,Kansas City Chiefs,Indianapolis Colts,bovada,2026-09-20T19:44:06Z,spreads,Indianapolis Colts,-110,5.5
2026-09-20T19:46:24+00:00,manual,nfl,50bc247030707d823b9c3581d7eb5760,2026-09-21T00:20:00Z,Kansas City Chiefs,Indianapolis Colts,bovada,2026-09-20T19:44:06Z,spreads,Kansas City Chiefs,-110,-5.5
2026-09-20T19:46:24+00:00,manual,nfl,50bc247030707d823b9c3581d7eb5760,2026-09-21T00:20:00Z,Kansas City Chiefs,Indianapolis Colts,bovada,2026-09-20T19:44:06Z,totals,Over,105,46.0
2026-09-20T19:46:24+00:00,manual,nfl,50bc247030707d823b9c3581d7eb5760,2026-09-21T00:20:00Z,Kansas City Chiefs,Indianapolis Colts,bovada,2026-09-20T19:44:06Z,totals,Under,-125,46.0
2026-09-20T19:46:24+00:00,manual,nfl,50bc247030707d823b9c3581d7eb5760,2026-09-21T00:20:00Z,Kansas City Chiefs,Indianapolis Colts,pinnacle,2026-09-20T19:46:05Z,h2h,Indianapolis Colts,237,
2026-09-20T19:46:24+00:00,manual,nfl,50bc247030707d823b9c3581d7eb5760,2026-09-21T00:20:00Z,Kansas City Chiefs,Indianapolis Colts,pinnacle,2026-09-20T19:46:05Z,h2h,Kansas City Chiefs,-273,
2026-09-20T19:46:24+00:00,manual,nfl,50bc247030707d823b9c3581d7eb5760,2026-09-21T00:20:00Z,Kansas City Chiefs,Indianapolis Colts,pinnacle,2026-09-20T19:46:05Z,spreads,Indianapolis Colts,-115,6.0
2026-09-20T19:46:24+00:00,manual,nfl,50bc247030707d823b9c3581d7eb5760,2026-09-21T00:20:00Z,Kansas City Chiefs,Indianapolis Colts,pinnacle,2026-09-20T19:46:05Z,spreads,Kansas City Chiefs,104,-6.0
2026-09-20T19:46:24+00:00,manual,nfl,50bc247030707d823b9c3581d7eb5760,2026-09-21T00:20:00Z,Kansas City Chiefs,Indianapolis Colts,pinnacle,2026-09-20T19:46:05Z,totals,Over,-105,46.0
2026-09-20T19:46:24+00:00,manual,nfl,50bc247030707d823b9c3581d7eb5760,2026-09-21T00:20:00Z,Kansas City Chiefs,Indianapolis Colts,pinnacle,2026-09-20T19:46:05Z,totals,Under,-107,46.0
2026-09-20T19:46:24+00:00,manual,nfl,32367f882fac1a0c20a6335619922025,2026-09-22T00:15:00Z,Los Angeles Rams,New York Giants,draftkings,2026-09-20T19:45:25Z,h2h,Los Angeles Rams,-285,
2026-09-20T19:46:24+00:00,manual,nfl,32367f882fac1a0c20a6335619922025,2026-09-22T00:15:00Z,Los Angeles Rams,New York Giants,draftkings,2026-09-20T19:45:25Z,h2h,New York Giants,230,
2026-09-20T19:46:24+00:00,manual,nfl,32367f882fac1a0c20a6335619922025,2026-09-22T00:15:00Z,Los Angeles Rams,New York Giants,draftkings,2026-09-20T19:45:25Z,spreads,Los Angeles Rams,-115,-6.5
2026-09-20T19:46:24+00:00,manual,nfl,32367f882fac1a0c20a6335619922025,2026-09-22T00:15:00Z,Los Angeles Rams,New York Giants,draftkings,2026-09-20T19:45:25Z,spreads,New York Giants,-105,6.5
2026-09-20T19:46:24+00:00,manual,nfl,32367f882fac1a0c20a6335619922025,2026-09-22T00:15:00Z,Los Angeles Rams,New York Giants,draftkings,2026-09-20T19:45:25Z,totals,Over,-110,47.5
2026-09-20T19:46:24+00:00,manual,nfl,32367f882fac1a0c20a6335619922025,2026-09-22T00:15:00Z,Los Angeles Rams,New York Giants,draftkings,2026-09-20T19:45:25Z,totals,Under,-110,47.5
2026-09-20T19:46:24+00:00,manual,nfl,32367f882fac1a0c20a6335619922025,2026-09-22T00:15:00Z,Los Angeles Rams,New York Giants,betonlineag,2026-09-20T19:46:05Z,h2h,Los Angeles Rams,-315,
2026-09-20T19:46:24+00:00,manual,nfl,32367f882fac1a0c20a6335619922025,2026-09-22T00:15:00Z,Los Angeles Rams,New York Giants,betonlineag,2026-09-20T19:46:05Z,h2h,New York Giants,256,
2026-09-20T19:46:24+00:00,manual,nfl,32367f882fac1a0c20a6335619922025,2026-09-22T00:15:00Z,Los Angeles Rams,New York Giants,betonlineag,2026-09-20T19:46:05Z,spreads,Los Angeles Rams,-117,-6.5
2026-09-20T19:46:24+00:00,manual,nfl,32367f882fac1a0c20a6335619922025,2026-09-22T00:15:00Z,Los Angeles Rams,New York Giants,betonlineag,2026-09-20T19:46:05Z,spreads,New York Giants,-103,6.5
2026-09-20T19:46:24+00:00,manual,nfl,32367f882fac1a0c20a6335619922025,2026-09-22T00:15:00Z,Los Angeles Rams,New York Giants,betonlineag,2026-09-20T19:46:05Z,totals,Over,-110,47.5
2026-09-20T19:46:24+00:00,manual,nfl,32367f882fac1a0c20a6335619922025,2026-09-22T00:15:00Z,Los Angeles Rams,New York Giants,betonlineag,2026-09-20T19:46:05Z,totals,Under,-110,47.5
2026-09-20T19:46:24+00:00,manual,nfl,32367f882fac1a0c20a6335619922025,2026-09-22T00:15:00Z,Los Angeles Rams,New York Giants,lowvig,2026-09-20T19:45:45Z,h2h,Los Angeles Rams,-315,
2026-09-20T19:46:24+00:00,manual,nfl,32367f882fac1a0c20a6335619922025,2026-09-22T00:15:00Z,Los Angeles Rams,New York Giants,lowvig,2026-09-20T19:45:45Z,h2h,New York Giants,256,
2026-09-20T19:46:24+00:00,manual,nfl,32367f882fac1a0c20a6335619922025,2026-09-22T00:15:00Z,Los Angeles Rams,New York Giants,lowvig,2026-09-20T19:45:45Z,spreads,Los Angeles Rams,-114,-6.5
2026-09-20T19:46:24+00:00,manual,nfl,32367f882fac1a0c20a6335619922025,2026-09-22T00:15:00Z,Los Angeles Rams,New York Giants,lowvig,2026-09-20T19:45:45Z,spreads,New York Giants,103,6.5
2026-09-20T19:46:24+00:00,manual,nfl,32367f882fac1a0c20a6335619922025,2026-09-22T00:15:00Z,Los Angeles Rams,New York Giants,lowvig,2026-09-20T19:45:45Z,totals,Over,-107,47.5
2026-09-20T19:46:24+00:00,manual,nfl,32367f882fac1a0c20a6335619922025,2026-09-22T00:15:00Z,Los Angeles Rams,New York Giants,lowvig,2026-09-20T19:45:45Z,totals,Under,-107,47.5
2026-09-20T19:46:24+00:00,manual,nfl,32367f882fac1a0c20a6335619922025,2026-09-22T00:15:00Z,Los Angeles Rams,New York Giants,fanduel,2026-09-20T19:45:45Z,h2h,Los Angeles Rams,-310,
2026-09-20T19:46:24+00:00,manual,nfl,32367f882fac1a0c20a6335619922025,2026-09-22T00:15:00Z,Los Angeles Rams,New York Giants,fanduel,2026-09-20T19:45:45Z,h2h,New York Giants,250,
2026-09-20T19:46:24+00:00,manual,nfl,32367f882fac1a0c20a6335619922025,2026-09-22T00:15:00Z,Los Angeles Rams,New York Giants,fanduel,2026-09-20T19:45:45Z,spreads,Los Angeles Rams,-120,-6.5
2026-09-20T19:46:24+00:00,manual,nfl,32367f882fac1a0c20a6335619922025,2026-09-22T00:15:00Z,Los Angeles Rams,New York Giants,fanduel,2026-09-20T19:45:45Z,spreads,New York Giants,-102,6.5
2026-09-20T19:46:24+00:00,manual,nfl,32367f882fac1a0c20a6335619922025,2026-09-22T00:15:00Z,Los Angeles Rams,New York Giants,fanduel,2026-09-20T19:45:45Z,totals,Over,-105,47.5
2026-09-20T19:46:24+00:00,manual,nfl,32367f882fac1a0c20a6335619922025,2026-09-22T00:15:00Z,Los Angeles Rams,New York Giants,fanduel,2026-09-20T19:45:45Z,totals,Under,-115,47.5
2026-09-20T19:46:24+00:00,manual,nfl,32367f882fac1a0c20a6335619922025,2026-09-22T00:15:00Z,Los Angeles Rams,New York Giants,betmgm,2026-09-20T19:45:25Z,h2h,Los Angeles Rams,-300,
2026-09-20T19:46:24+00:00,manual,nfl,32367f882fac1a0c20a6335619922025,2026-09-22T00:15:00Z,Los Angeles Rams,New York Giants,betmgm,2026-09-20T19:45:25Z,h2h,New York Giants,250,
2026-09-20T19:46:24+00:00,manual,nfl,32367f882fac1a0c20a6335619922025,2026-09-22T00:15:00Z,Los Angeles Rams,New York Giants,betmgm,2026-09-20T19:45:25Z,spreads,Los Angeles Rams,-102,-7.0
2026-09-20T19:46:24+00:00,manual,nfl,32367f882fac1a0c20a6335619922025,2026-09-22T00:15:00Z,Los Angeles Rams,New York Giants,betmgm,2026-09-20T19:45:25Z,spreads,New York Giants,-118,7.0
2026-09-20T19:46:24+00:00,manual,nfl,32367f882fac1a0c20a6335619922025,2026-09-22T00:15:00Z,Los Angeles Rams,New York Giants,betmgm,2026-09-20T19:45:25Z,totals,Over,-108,47.5
2026-09-20T19:46:24+00:00,manual,nfl,32367f882fac1a0c20a6335619922025,2026-09-22T00:15:00Z,Los Angeles Rams,New York Giants,betmgm,2026-09-20T19:45:25Z,totals,Under,-110,47.5
2026-09-20T19:46:24+00:00,manual,nfl,32367f882fac1a0c20a6335619922025,2026-09-22T00:15:00Z,Los Angeles Rams,New York Giants,pinnacle,2026-09-20T19:46:05Z,h2h,Los Angeles Rams,-310,
2026-09-20T19:46:24+00:00,manual,nfl,32367f882fac1a0c20a6335619922025,2026-09-22T00:15:00Z,Los Angeles Rams,New York Giants,pinnacle,2026-09-20T19:46:05Z,h2h,New York Giants,266,
2026-09-20T19:46:24+00:00,manual,nfl,32367f882fac1a0c20a6335619922025,2026-09-22T00:15:00Z,Los Angeles Rams,New York Giants,pinnacle,2026-09-20T19:46:05Z,spreads,Los Angeles Rams,100,-7.0
2026-09-20T19:46:24+00:00,manual,nfl,32367f882fac1a0c20a6335619922025,2026-09-22T00:15:00Z,Los Angeles Rams,New York Giants,pinnacle,2026-09-20T19:46:05Z,spreads,New York Giants,-110,7.0
2026-09-20T19:46:24+00:00,manual,nfl,32367f882fac1a0c20a6335619922025,2026-09-22T00:15:00Z,Los Angeles Rams,New York Giants,pinnacle,2026-09-20T19:46:05Z,totals,Over,106,48.5
2026-09-20T19:46:24+00:00,manual,nfl,32367f882fac1a0c20a6335619922025,2026-09-22T00:15:00Z,Los Angeles Rams,New York Giants,pinnacle,2026-09-20T19:46:05Z,totals,Under,-119,48.5
2026-09-20T19:46:24+00:00,manual,nfl,32367f882fac1a0c20a6335619922025,2026-09-22T00:15:00Z,Los Angeles Rams,New York Giants,bovada,2026-09-20T19:44:06Z,h2h,Los Angeles Rams,-310,
2026-09-20T19:46:24+00:00,manual,nfl,32367f882fac1a0c20a6335619922025,2026-09-22T00:15:00Z,Los Angeles Rams,New York Giants,bovada,2026-09-20T19:44:06Z,h2h,New York Giants,255,
2026-09-20T19:46:24+00:00,manual,nfl,32367f882fac1a0c20a6335619922025,2026-09-22T00:15:00Z,Los Angeles Rams,New York Giants,bovada,2026-09-20T19:44:06Z,spreads,Los Angeles Rams,-105,-7.0
2026-09-20T19:46:24+00:00,manual,nfl,32367f882fac1a0c20a6335619922025,2026-09-22T00:15:00Z,Los Angeles Rams,New York Giants,bovada,2026-09-20T19:44:06Z,spreads,New York Giants,-115,7.0
2026-09-20T19:46:24+00:00,manual,nfl,32367f882fac1a0c20a6335619922025,2026-09-22T00:15:00Z,Los Angeles Rams,New York Giants,bovada,2026-09-20T19:44:06Z,totals,Over,-115,47.5
2026-09-20T19:46:24+00:00,manual,nfl,32367f882fac1a0c20a6335619922025,2026-09-22T00:15:00Z,Los Angeles Rams,New York Giants,bovada,2026-09-20T19:44:06Z,totals,Under,-105,47.5
2026-09-20T19:46:24+00:00,manual,cfb,9e0eaa3fed3125ec9629a777bf077185,2026-09-24T23:30:00Z,Coastal Carolina Chanticleers,Liberty Flames,fanduel,2026-09-20T19:46:06Z,h2h,Coastal Carolina Chanticleers,115,
2026-09-20T19:46:24+00:00,manual,cfb,9e0eaa3fed3125ec9629a777bf077185,2026-09-24T23:30:00Z,Coastal Carolina Chanticleers,Liberty Flames,fanduel,2026-09-20T19:46:06Z,h2h,Liberty Flames,-138,
2026-09-20T19:46:24+00:00,manual,cfb,9e0eaa3fed3125ec9629a777bf077185,2026-09-24T23:30:00Z,Coastal Carolina Chanticleers,Liberty Flames,fanduel,2026-09-20T19:46:06Z,spreads,Coastal Carolina Chanticleers,-105,2.5
2026-09-20T19:46:24+00:00,manual,cfb,9e0eaa3fed3125ec9629a777bf077185,2026-09-24T23:30:00Z,Coastal Carolina Chanticleers,Liberty Flames,fanduel,2026-09-20T19:46:06Z,spreads,Liberty Flames,-115,-2.5
2026-09-20T19:46:24+00:00,manual,cfb,9e0eaa3fed3125ec9629a777bf077185,2026-09-24T23:30:00Z,Coastal Carolina Chanticleers,Liberty Flames,fanduel,2026-09-20T19:46:06Z,totals,Over,-110,52.5
2026-09-20T19:46:24+00:00,manual,cfb,9e0eaa3fed3125ec9629a777bf077185,2026-09-24T23:30:00Z,Coastal Carolina Chanticleers,Liberty Flames,fanduel,2026-09-20T19:46:06Z,totals,Under,-110,52.5
2026-09-20T19:46:24+00:00,manual,cfb,9e0eaa3fed3125ec9629a777bf077185,2026-09-24T23:30:00Z,Coastal Carolina Chanticleers,Liberty Flames,draftkings,2026-09-20T19:45:46Z,h2h,Coastal Carolina Chanticleers,105,
2026-09-20T19:46:24+00:00,manual,cfb,9e0eaa3fed3125ec9629a777bf077185,2026-09-24T23:30:00Z,Coastal Carolina Chanticleers,Liberty Flames,draftkings,2026-09-20T19:45:46Z,h2h,Liberty Flames,-125,
2026-09-20T19:46:24+00:00,manual,cfb,9e0eaa3fed3125ec9629a777bf077185,2026-09-24T23:30:00Z,Coastal Carolina Chanticleers,Liberty Flames,draftkings,2026-09-20T19:45:46Z,spreads,Coastal Carolina Chanticleers,-108,1.5
2026-09-20T19:46:24+00:00,manual,cfb,9e0eaa3fed3125ec9629a777bf077185,2026-09-24T23:30:00Z,Coastal Carolina Chanticleers,Liberty Flames,draftkings,2026-09-20T19:45:46Z,spreads,Liberty Flames,-112,-1.5
2026-09-20T19:46:24+00:00,manual,cfb,9e0eaa3fed3125ec9629a777bf077185,2026-09-24T23:30:00Z,Coastal Carolina Chanticleers,Liberty Flames,draftkings,2026-09-20T19:45:46Z,totals,Over,-105,52.5
2026-09-20T19:46:24+00:00,manual,cfb,9e0eaa3fed3125ec9629a777bf077185,2026-09-24T23:30:00Z,Coastal Carolina Chanticleers,Liberty Flames,draftkings,2026-09-20T19:45:46Z,totals,Under,-115,52.5
2026-09-20T19:46:24+00:00,manual,cfb,9e0eaa3fed3125ec9629a777bf077185,2026-09-24T23:30:00Z,Coastal Carolina Chanticleers,Liberty Flames,lowvig,2026-09-20T19:45:27Z,spreads,Coastal Carolina Chanticleers,-106,1.5
2026-09-20T19:46:24+00:00,manual,cfb,9e0eaa3fed3125ec9629a777bf077185,2026-09-24T23:30:00Z,Coastal Carolina Chanticleers,Liberty Flames,lowvig,2026-09-20T19:45:27Z,spreads,Liberty Flames,-106,-1.5
2026-09-20T19:46:24+00:00,manual,cfb,9e0eaa3fed3125ec9629a777bf077185,2026-09-24T23:30:00Z,Coastal Carolina Chanticleers,Liberty Flames,lowvig,2026-09-20T19:45:27Z,totals,Over,-108,52.0
2026-09-20T19:46:24+00:00,manual,cfb,9e0eaa3fed3125ec9629a777bf077185,2026-09-24T23:30:00Z,Coastal Carolina Chanticleers,Liberty Flames,lowvig,2026-09-20T19:45:27Z,totals,Under,-108,52.0
2026-09-20T19:46:24+00:00,manual,cfb,9e0eaa3fed3125ec9629a777bf077185,2026-09-24T23:30:00Z,Coastal Carolina Chanticleers,Liberty Flames,betonlineag,2026-09-20T19:45:27Z,spreads,Coastal Carolina Chanticleers,-110,1.5
2026-09-20T19:46:24+00:00,manual,cfb,9e0eaa3fed3125ec9629a777bf077185,2026-09-24T23:30:00Z,Coastal Carolina Chanticleers,Liberty Flames,betonlineag,2026-09-20T19:45:27Z,spreads,Liberty Flames,-110,-1.5
2026-09-20T19:46:24+00:00,manual,cfb,9e0eaa3fed3125ec9629a777bf077185,2026-09-24T23:30:00Z,Coastal Carolina Chanticleers,Liberty Flames,betonlineag,2026-09-20T19:45:27Z,totals,Over,-110,52.0
2026-09-20T19:46:24+00:00,manual,cfb,9e0eaa3fed3125ec9629a777bf077185,2026-09-24T23:30:00Z,Coastal Carolina Chanticleers,Liberty Flames,betonlineag,2026-09-20T19:45:27Z,totals,Under,-110,52.0
2026-09-20T19:46:24+00:00,manual,cfb,9e0eaa3fed3125ec9629a777bf077185,2026-09-24T23:30:00Z,Coastal Carolina Chanticleers,Liberty Flames,betmgm,2026-09-20T19:46:05Z,h2h,Coastal Carolina Chanticleers,110,
2026-09-20T19:46:24+00:00,manual,cfb,9e0eaa3fed3125ec9629a777bf077185,2026-09-24T23:30:00Z,Coastal Carolina Chanticleers,Liberty Flames,betmgm,2026-09-20T19:46:05Z,h2h,Liberty Flames,-130,
2026-09-20T19:46:24+00:00,manual,cfb,9e0eaa3fed3125ec9629a777bf077185,2026-09-24T23:30:00Z,Coastal Carolina Chanticleers,Liberty Flames,betmgm,2026-09-20T19:46:05Z,spreads,Coastal Carolina Chanticleers,-110,2.0
2026-09-20T19:46:24+00:00,manual,cfb,9e0eaa3fed3125ec9629a777bf077185,2026-09-24T23:30:00Z,Coastal Carolina Chanticleers,Liberty Flames,betmgm,2026-09-20T19:46:05Z,spreads,Liberty Flames,-110,-2.0
2026-09-20T19:46:24+00:00,manual,cfb,9e0eaa3fed3125ec9629a777bf077185,2026-09-24T23:30:00Z,Coastal Carolina Chanticleers,Liberty Flames,betmgm,2026-09-20T19:46:05Z,totals,Over,-105,52.5
2026-09-20T19:46:24+00:00,manual,cfb,9e0eaa3fed3125ec9629a777bf077185,2026-09-24T23:30:00Z,Coastal Carolina Chanticleers,Liberty Flames,betmgm,2026-09-20T19:46:05Z,totals,Under,-115,52.5
2026-09-20T19:46:24+00:00,manual,cfb,d9a781a64fc2c4b45290db32b5ec3f20,2026-09-25T20:00:00Z,Temple Owls,Army Black Knights,fanduel,2026-09-20T19:46:06Z,h2h,Army Black Knights,-160,
2026-09-20T19:46:24+00:00,manual,cfb,d9a781a64fc2c4b45290db32b5ec3f20,2026-09-25T20:00:00Z,Temple Owls,Army Black Knights,fanduel,2026-09-20T19:46:06Z,h2h,Temple Owls,132,
2026-09-20T19:46:24+00:00,manual,cfb,d9a781a64fc2c4b45290db32b5ec3f20,2026-09-25T20:00:00Z,Temple Owls,Army Black Knights,fanduel,2026-09-20T19:46:06Z,spreads,Army Black Knights,-102,-3.5
2026-09-20T19:46:24+00:00,manual,cfb,d9a781a64fc2c4b45290db32b5ec3f20,2026-09-25T20:00:00Z,Temple Owls,Army Black Knights,fanduel,2026-09-20T19:46:06Z,spreads,Temple Owls,-120,3.5
2026-09-20T19:46:24+00:00,manual,cfb,d9a781a64fc2c4b45290db32b5ec3f20,2026-09-25T20:00:00Z,Temple Owls,Army Black Knights,fanduel,2026-09-20T19:46:06Z,totals,Over,-110,50.5
2026-09-20T19:46:24+00:00,manual,cfb,d9a781a64fc2c4b45290db32b5ec3f20,2026-09-25T20:00:00Z,Temple Owls,Army Black Knights,fanduel,2026-09-20T19:46:06Z,totals,Under,-110,50.5
2026-09-20T19:46:24+00:00,manual,cfb,d9a781a64fc2c4b45290db32b5ec3f20,2026-09-25T20:00:00Z,Temple Owls,Army Black Knights,draftkings,2026-09-20T19:45:46Z,h2h,Army Black Knights,-155,
2026-09-20T19:46:24+00:00,manual,cfb,d9a781a64fc2c4b45290db32b5ec3f20,2026-09-25T20:00:00Z,Temple Owls,Army Black Knights,draftkings,2026-09-20T19:45:46Z,h2h,Temple Owls,130,
2026-09-20T19:46:24+00:00,manual,cfb,d9a781a64fc2c4b45290db32b5ec3f20,2026-09-25T20:00:00Z,Temple Owls,Army Black Knights,draftkings,2026-09-20T19:45:46Z,spreads,Army Black Knights,-110,-3.0
2026-09-20T19:46:24+00:00,manual,cfb,d9a781a64fc2c4b45290db32b5ec3f20,2026-09-25T20:00:00Z,Temple Owls,Army Black Knights,draftkings,2026-09-20T19:45:46Z,spreads,Temple Owls,-110,3.0
2026-09-20T19:46:24+00:00,manual,cfb,d9a781a64fc2c4b45290db32b5ec3f20,2026-09-25T20:00:00Z,Temple Owls,Army Black Knights,draftkings,2026-09-20T19:45:46Z,totals,Over,-105,49.5
2026-09-20T19:46:24+00:00,manual,cfb,d9a781a64fc2c4b45290db32b5ec3f20,2026-09-25T20:00:00Z,Temple Owls,Army Black Knights,draftkings,2026-09-20T19:45:46Z,totals,Under,-115,49.5
2026-09-20T19:46:24+00:00,manual,cfb,d9a781a64fc2c4b45290db32b5ec3f20,2026-09-25T20:00:00Z,Temple Owls,Army Black Knights,lowvig,2026-09-20T19:45:27Z,spreads,Army Black Knights,-106,-3.0
2026-09-20T19:46:24+00:00,manual,cfb,d9a781a64fc2c4b45290db32b5ec3f20,2026-09-25T20:00:00Z,Temple Owls,Army Black Knights,lowvig,2026-09-20T19:45:27Z,spreads,Temple Owls,-106,3.0
2026-09-20T19:46:24+00:00,manual,cfb,d9a781a64fc2c4b45290db32b5ec3f20,2026-09-25T20:00:00Z,Temple Owls,Army Black Knights,lowvig,2026-09-20T19:45:27Z,totals,Over,-108,48.5
2026-09-20T19:46:24+00:00,manual,cfb,d9a781a64fc2c4b45290db32b5ec3f20,2026-09-25T20:00:00Z,Temple Owls,Army Black Knights,lowvig,2026-09-20T19:45:27Z,totals,Under,-108,48.5
2026-09-20T19:46:24+00:00,manual,cfb,d9a781a64fc2c4b45290db32b5ec3f20,2026-09-25T20:00:00Z,Temple Owls,Army Black Knights,betonlineag,2026-09-20T19:45:27Z,spreads,Army Black Knights,-110,-3.0
2026-09-20T19:46:24+00:00,manual,cfb,d9a781a64fc2c4b45290db32b5ec3f20,2026-09-25T20:00:00Z,Temple Owls,Army Black Knights,betonlineag,2026-09-20T19:45:27Z,spreads,Temple Owls,-110,3.0
2026-09-20T19:46:24+00:00,manual,cfb,d9a781a64fc2c4b45290db32b5ec3f20,2026-09-25T20:00:00Z,Temple Owls,Army Black Knights,betonlineag,2026-09-20T19:45:27Z,totals,Over,-110,48.5
2026-09-20T19:46:24+00:00,manual,cfb,d9a781a64fc2c4b45290db32b5ec3f20,2026-09-25T20:00:00Z,Temple Owls,Army Black Knights,betonlineag,2026-09-20T19:45:27Z,totals,Under,-110,48.5
2026-09-20T19:46:24+00:00,manual,cfb,d9a781a64fc2c4b45290db32b5ec3f20,2026-09-25T20:00:00Z,Temple Owls,Army Black Knights,betmgm,2026-09-20T19:46:05Z,h2h,Army Black Knights,-160,
2026-09-20T19:46:24+00:00,manual,cfb,d9a781a64fc2c4b45290db32b5ec3f20,2026-09-25T20:00:00Z,Temple Owls,Army Black Knights,betmgm,2026-09-20T19:46:05Z,h2h,Temple Owls,130,
2026-09-20T19:46:24+00:00,manual,cfb,d9a781a64fc2c4b45290db32b5ec3f20,2026-09-25T20:00:00Z,Temple Owls,Army Black Knights,betmgm,2026-09-20T19:46:05Z,spreads,Army Black Knights,-115,-3.0
2026-09-20T19:46:24+00:00,manual,cfb,d9a781a64fc2c4b45290db32b5ec3f20,2026-09-25T20:00:00Z,Temple Owls,Army Black Knights,betmgm,2026-09-20T19:46:05Z,spreads,Temple Owls,-105,3.0
2026-09-20T19:46:24+00:00,manual,cfb,d9a781a64fc2c4b45290db32b5ec3f20,2026-09-25T20:00:00Z,Temple Owls,Army Black Knights,betmgm,2026-09-20T19:46:05Z,totals,Over,-108,49.5
2026-09-20T19:46:24+00:00,manual,cfb,d9a781a64fc2c4b45290db32b5ec3f20,2026-09-25T20:00:00Z,Temple Owls,Army Black Knights,betmgm,2026-09-20T19:46:05Z,totals,Under,-110,49.5
2026-09-20T19:46:24+00:00,manual,cfb,2e454a12c5301843ab7ec1a1eaf4f237,2026-09-25T23:00:00Z,UAB Blazers,Navy Midshipmen,fanduel,2026-09-20T19:46:06Z,h2h,Navy Midshipmen,-420,
2026-09-20T19:46:24+00:00,manual,cfb,2e454a12c5301843ab7ec1a1eaf4f237,2026-09-25T23:00:00Z,UAB Blazers,Navy Midshipmen,fanduel,2026-09-20T19:46:06Z,h2h,UAB Blazers,320,
2026-09-20T19:46:24+00:00,manual,cfb,2e454a12c5301843ab7ec1a1eaf4f237,2026-09-25T23:00:00Z,UAB Blazers,Navy Midshipmen,fanduel,2026-09-20T19:46:06Z,spreads,Navy Midshipmen,-105,-10.5
2026-09-20T19:46:24+00:00,manual,cfb,2e454a12c5301843ab7ec1a1eaf4f237,2026-09-25T23:00:00Z,UAB Blazers,Navy Midshipmen,fanduel,2026-09-20T19:46:06Z,spreads,UAB Blazers,-115,10.5
2026-09-20T19:46:24+00:00,manual,cfb,2e454a12c5301843ab7ec1a1eaf4f237,2026-09-25T23:00:00Z,UAB Blazers,Navy Midshipmen,fanduel,2026-09-20T19:46:06Z,totals,Over,-110,52.5
2026-09-20T19:46:24+00:00,manual,cfb,2e454a12c5301843ab7ec1a1eaf4f237,2026-09-25T23:00:00Z,UAB Blazers,Navy Midshipmen,fanduel,2026-09-20T19:46:06Z,totals,Under,-110,52.5
2026-09-20T19:46:24+00:00,manual,cfb,2e454a12c5301843ab7ec1a1eaf4f237,2026-09-25T23:00:00Z,UAB Blazers,Navy Midshipmen,draftkings,2026-09-20T19:45:46Z,h2h,Navy Midshipmen,-440,
2026-09-20T19:46:24+00:00,manual,cfb,2e454a12c5301843ab7ec1a1eaf4f237,2026-09-25T23:00:00Z,UAB Blazers,Navy Midshipmen,draftkings,2026-09-20T19:45:46Z,h2h,UAB Blazers,340,
2026-09-20T19:46:24+00:00,manual,cfb,2e454a12c5301843ab7ec1a1eaf4f237,2026-09-25T23:00:00Z,UAB Blazers,Navy Midshipmen,draftkings,2026-09-20T19:45:46Z,spreads,Navy Midshipmen,-105,-10.0
2026-09-20T19:46:24+00:00,manual,cfb,2e454a12c5301843ab7ec1a1eaf4f237,2026-09-25T23:00:00Z,UAB Blazers,Navy Midshipmen,draftkings,2026-09-20T19:45:46Z,spreads,UAB Blazers,-115,10.0
2026-09-20T19:46:24+00:00,manual,cfb,2e454a12c5301843ab7ec1a1eaf4f237,2026-09-25T23:00:00Z,UAB Blazers,Navy Midshipmen,draftkings,2026-09-20T19:45:46Z,totals,Over,-105,52.5
2026-09-20T19:46:24+00:00,manual,cfb,2e454a12c5301843ab7ec1a1eaf4f237,2026-09-25T23:00:00Z,UAB Blazers,Navy Midshipmen,draftkings,2026-09-20T19:45:46Z,totals,Under,-115,52.5
2026-09-20T19:46:24+00:00,manual,cfb,2e454a12c5301843ab7ec1a1eaf4f237,2026-09-25T23:00:00Z,UAB Blazers,Navy Midshipmen,lowvig,2026-09-20T19:45:27Z,spreads,Navy Midshipmen,-106,-9.5
2026-09-20T19:46:24+00:00,manual,cfb,2e454a12c5301843ab7ec1a1eaf4f237,2026-09-25T23:00:00Z,UAB Blazers,Navy Midshipmen,lowvig,2026-09-20T19:45:27Z,spreads,UAB Blazers,-106,9.5
2026-09-20T19:46:24+00:00,manual,cfb,2e454a12c5301843ab7ec1a1eaf4f237,2026-09-25T23:00:00Z,UAB Blazers,Navy Midshipmen,lowvig,2026-09-20T19:45:27Z,totals,Over,-103,52.0
2026-09-20T19:46:24+00:00,manual,cfb,2e454a12c5301843ab7ec1a1eaf4f237,2026-09-25T23:00:00Z,UAB Blazers,Navy Midshipmen,lowvig,2026-09-20T19:45:27Z,totals,Under,-114,52.0
2026-09-20T19:46:24+00:00,manual,cfb,2e454a12c5301843ab7ec1a1eaf4f237,2026-09-25T23:00:00Z,UAB Blazers,Navy Midshipmen,betonlineag,2026-09-20T19:45:27Z,spreads,Navy Midshipmen,-110,-9.5
2026-09-20T19:46:24+00:00,manual,cfb,2e454a12c5301843ab7ec1a1eaf4f237,2026-09-25T23:00:00Z,UAB Blazers,Navy Midshipmen,betonlineag,2026-09-20T19:45:27Z,spreads,UAB Blazers,-110,9.5
2026-09-20T19:46:24+00:00,manual,cfb,2e454a12c5301843ab7ec1a1eaf4f237,2026-09-25T23:00:00Z,UAB Blazers,Navy Midshipmen,betonlineag,2026-09-20T19:45:27Z,totals,Over,-105,52.0
2026-09-20T19:46:24+00:00,manual,cfb,2e454a12c5301843ab7ec1a1eaf4f237,2026-09-25T23:00:00Z,UAB Blazers,Navy Midshipmen,betonlineag,2026-09-20T19:45:27Z,totals,Under,-115,52.0
2026-09-20T19:46:24+00:00,manual,cfb,2e454a12c5301843ab7ec1a1eaf4f237,2026-09-25T23:00:00Z,UAB Blazers,Navy Midshipmen,betmgm,2026-09-20T19:46:05Z,h2h,Navy Midshipmen,-425,
2026-09-20T19:46:24+00:00,manual,cfb,2e454a12c5301843ab7ec1a1eaf4f237,2026-09-25T23:00:00Z,UAB Blazers,Navy Midshipmen,betmgm,2026-09-20T19:46:05Z,h2h,UAB Blazers,333,
2026-09-20T19:46:24+00:00,manual,cfb,2e454a12c5301843ab7ec1a1eaf4f237,2026-09-25T23:00:00Z,UAB Blazers,Navy Midshipmen,betmgm,2026-09-20T19:46:05Z,spreads,Navy Midshipmen,-110,-10.0
2026-09-20T19:46:24+00:00,manual,cfb,2e454a12c5301843ab7ec1a1eaf4f237,2026-09-25T23:00:00Z,UAB Blazers,Navy Midshipmen,betmgm,2026-09-20T19:46:05Z,spreads,UAB Blazers,-110,10.0
2026-09-20T19:46:24+00:00,manual,cfb,2e454a12c5301843ab7ec1a1eaf4f237,2026-09-25T23:00:00Z,UAB Blazers,Navy Midshipmen,betmgm,2026-09-20T19:46:05Z,totals,Over,-105,52.5
2026-09-20T19:46:24+00:00,manual,cfb,2e454a12c5301843ab7ec1a1eaf4f237,2026-09-25T23:00:00Z,UAB Blazers,Navy Midshipmen,betmgm,2026-09-20T19:46:05Z,totals,Under,-115,52.5
2026-09-20T19:46:24+00:00,manual,cfb,775ad63a769838c1e1da423293c9c60d,2026-09-26T00:00:00Z,Indiana Hoosiers,Northwestern Wildcats,fanduel,2026-09-20T19:46:06Z,h2h,Indiana Hoosiers,-3000,
2026-09-20T19:46:24+00:00,manual,cfb,775ad63a769838c1e1da423293c9c60d,2026-09-26T00:00:00Z,Indiana Hoosiers,Northwestern Wildcats,fanduel,2026-09-20T19:46:06Z,h2h,Northwestern Wildcats,1200,
2026-09-20T19:46:24+00:00,manual,cfb,775ad63a769838c1e1da423293c9c60d,2026-09-26T00:00:00Z,Indiana Hoosiers,Northwestern Wildcats,fanduel,2026-09-20T19:46:06Z,spreads,Indiana Hoosiers,-110,-22.5
2026-09-20T19:46:24+00:00,manual,cfb,775ad63a769838c1e1da423293c9c60d,2026-09-26T00:00:00Z,Indiana Hoosiers,Northwestern Wildcats,fanduel,2026-09-20T19:46:06Z,spreads,Northwestern Wildcats,-110,22.5
2026-09-20T19:46:24+00:00,manual,cfb,775ad63a769838c1e1da423293c9c60d,2026-09-26T00:00:00Z,Indiana Hoosiers,Northwestern Wildcats,fanduel,2026-09-20T19:46:06Z,totals,Over,-110,49.5
2026-09-20T19:46:24+00:00,manual,cfb,775ad63a769838c1e1da423293c9c60d,2026-09-26T00:00:00Z,Indiana Hoosiers,Northwestern Wildcats,fanduel,2026-09-20T19:46:06Z,totals,Under,-110,49.5
2026-09-20T19:46:24+00:00,manual,cfb,775ad63a769838c1e1da423293c9c60d,2026-09-26T00:00:00Z,Indiana Hoosiers,Northwestern Wildcats,draftkings,2026-09-20T19:45:46Z,h2h,Indiana Hoosiers,-2800,
2026-09-20T19:46:24+00:00,manual,cfb,775ad63a769838c1e1da423293c9c60d,2026-09-26T00:00:00Z,Indiana Hoosiers,Northwestern Wildcats,draftkings,2026-09-20T19:45:46Z,h2h,Northwestern Wildcats,1300,
2026-09-20T19:46:24+00:00,manual,cfb,775ad63a769838c1e1da423293c9c60d,2026-09-26T00:00:00Z,Indiana Hoosiers,Northwestern Wildcats,draftkings,2026-09-20T19:45:46Z,spreads,Indiana Hoosiers,-110,-22.5
2026-09-20T19:46:24+00:00,manual,cfb,775ad63a769838c1e1da423293c9c60d,2026-09-26T00:00:00Z,Indiana Hoosiers,Northwestern Wildcats,draftkings,2026-09-20T19:45:46Z,spreads,Northwestern Wildcats,-110,22.5
2026-09-20T19:46:24+00:00,manual,cfb,775ad63a769838c1e1da423293c9c60d,2026-09-26T00:00:00Z,Indiana Hoosiers,Northwestern Wildcats,draftkings,2026-09-20T19:45:46Z,totals,Over,-108,50.5
2026-09-20T19:46:24+00:00,manual,cfb,775ad63a769838c1e1da423293c9c60d,2026-09-26T00:00:00Z,Indiana Hoosiers,Northwestern Wildcats,draftkings,2026-09-20T19:45:46Z,totals,Under,-112,50.5
2026-09-20T19:46:24+00:00,manual,cfb,775ad63a769838c1e1da423293c9c60d,2026-09-26T00:00:00Z,Indiana Hoosiers,Northwestern Wildcats,lowvig,2026-09-20T19:45:27Z,spreads,Indiana Hoosiers,-111,-22.5
2026-09-20T19:46:24+00:00,manual,cfb,775ad63a769838c1e1da423293c9c60d,2026-09-26T00:00:00Z,Indiana Hoosiers,Northwestern Wildcats,lowvig,2026-09-20T19:45:27Z,spreads,Northwestern Wildcats,-101,22.5
2026-09-20T19:46:24+00:00,manual,cfb,775ad63a769838c1e1da423293c9c60d,2026-09-26T00:00:00Z,Indiana Hoosiers,Northwestern Wildcats,lowvig,2026-09-20T19:45:27Z,totals,Over,-108,49.5
2026-09-20T19:46:24+00:00,manual,cfb,775ad63a769838c1e1da423293c9c60d,2026-09-26T00:00:00Z,Indiana Hoosiers,Northwestern Wildcats,lowvig,2026-09-20T19:45:27Z,totals,Under,-108,49.5
2026-09-20T19:46:24+00:00,manual,cfb,775ad63a769838c1e1da423293c9c60d,2026-09-26T00:00:00Z,Indiana Hoosiers,Northwestern Wildcats,betonlineag,2026-09-20T19:45:27Z,spreads,Indiana Hoosiers,-115,-22.5
2026-09-20T19:46:24+00:00,manual,cfb,775ad63a769838c1e1da423293c9c60d,2026-09-26T00:00:00Z,Indiana Hoosiers,Northwestern Wildcats,betonlineag,2026-09-20T19:45:27Z,spreads,Northwestern Wildcats,-105,22.5
2026-09-20T19:46:24+00:00,manual,cfb,775ad63a769838c1e1da423293c9c60d,2026-09-26T00:00:00Z,Indiana Hoosiers,Northwestern Wildcats,betonlineag,2026-09-20T19:45:27Z,totals,Over,-110,49.5
2026-09-20T19:46:24+00:00,manual,cfb,775ad63a769838c1e1da423293c9c60d,2026-09-26T00:00:00Z,Indiana Hoosiers,Northwestern Wildcats,betonlineag,2026-09-20T19:45:27Z,totals,Under,-110,49.5
2026-09-20T19:46:24+00:00,manual,cfb,775ad63a769838c1e1da423293c9c60d,2026-09-26T00:00:00Z,Indiana Hoosiers,Northwestern Wildcats,betmgm,2026-09-20T19:46:05Z,h2h,Indiana Hoosiers,-2500,
2026-09-20T19:46:24+00:00,manual,cfb,775ad63a769838c1e1da423293c9c60d,2026-09-26T00:00:00Z,Indiana Hoosiers,Northwestern Wildcats,betmgm,2026-09-20T19:46:05Z,h2h,Northwestern Wildcats,1400,
2026-09-20T19:46:24+00:00,manual,cfb,775ad63a769838c1e1da423293c9c60d,2026-09-26T00:00:00Z,Indiana Hoosiers,Northwestern Wildcats,betmgm,2026-09-20T19:46:05Z,spreads,Indiana Hoosiers,-108,-22.5
2026-09-20T19:46:24+00:00,manual,cfb,775ad63a769838c1e1da423293c9c60d,2026-09-26T00:00:00Z,Indiana Hoosiers,Northwestern Wildcats,betmgm,2026-09-20T19:46:05Z,spreads,Northwestern Wildcats,-110,22.5
2026-09-20T19:46:24+00:00,manual,cfb,775ad63a769838c1e1da423293c9c60d,2026-09-26T00:00:00Z,Indiana Hoosiers,Northwestern Wildcats,betmgm,2026-09-20T19:46:05Z,totals,Over,-110,49.5
2026-09-20T19:46:24+00:00,manual,cfb,775ad63a769838c1e1da423293c9c60d,2026-09-26T00:00:00Z,Indiana Hoosiers,Northwestern Wildcats,betmgm,2026-09-20T19:46:05Z,totals,Under,-108,49.5
2026-09-20T19:46:24+00:00,manual,cfb,48683523200ecdbeb09a2e6eb0d0a1f7,2026-09-26T02:30:00Z,California Golden Bears,Clemson Tigers,fanduel,2026-09-20T19:46:06Z,h2h,California Golden Bears,-114,
2026-09-20T19:46:24+00:00,manual,cfb,48683523200ecdbeb09a2e6eb0d0a1f7,2026-09-26T02:30:00Z,California Golden Bears,Clemson Tigers,fanduel,2026-09-20T19:46:06Z,h2h,Clemson Tigers,-105,
2026-09-20T19:46:24+00:00,manual,cfb,48683523200ecdbeb09a2e6eb0d0a1f7,2026-09-26T02:30:00Z,California Golden Bears,Clemson Tigers,fanduel,2026-09-20T19:46:06Z,spreads,California Golden Bears,-105,-1.5
2026-09-20T19:46:24+00:00,manual,cfb,48683523200ecdbeb09a2e6eb0d0a1f7,2026-09-26T02:30:00Z,California Golden Bears,Clemson Tigers,fanduel,2026-09-20T19:46:06Z,spreads,Clemson Tigers,-115,1.5
2026-09-20T19:46:24+00:00,manual,cfb,48683523200ecdbeb09a2e6eb0d0a1f7,2026-09-26T02:30:00Z,California Golden Bears,Clemson Tigers,fanduel,2026-09-20T19:46:06Z,totals,Over,-110,49.5
2026-09-20T19:46:24+00:00,manual,cfb,48683523200ecdbeb09a2e6eb0d0a1f7,2026-09-26T02:30:00Z,California Golden Bears,Clemson Tigers,fanduel,2026-09-20T19:46:06Z,totals,Under,-110,49.5
2026-09-20T19:46:24+00:00,manual,cfb,48683523200ecdbeb09a2e6eb0d0a1f7,2026-09-26T02:30:00Z,California Golden Bears,Clemson Tigers,draftkings,2026-09-20T19:45:46Z,h2h,California Golden Bears,-110,
2026-09-20T19:46:24+00:00,manual,cfb,48683523200ecdbeb09a2e6eb0d0a1f7,2026-09-26T02:30:00Z,California Golden Bears,Clemson Tigers,draftkings,2026-09-20T19:45:46Z,h2h,Clemson Tigers,-110,
2026-09-20T19:46:24+00:00,manual,cfb,48683523200ecdbeb09a2e6eb0d0a1f7,2026-09-26T02:30:00Z,California Golden Bears,Clemson Tigers,draftkings,2026-09-20T19:45:46Z,spreads,California Golden Bears,-105,-1.5
2026-09-20T19:46:24+00:00,manual,cfb,48683523200ecdbeb09a2e6eb0d0a1f7,2026-09-26T02:30:00Z,California Golden Bears,Clemson Tigers,draftkings,2026-09-20T19:45:46Z,spreads,Clemson Tigers,-115,1.5
2026-09-20T19:46:24+00:00,manual,cfb,48683523200ecdbeb09a2e6eb0d0a1f7,2026-09-26T02:30:00Z,California Golden Bears,Clemson Tigers,draftkings,2026-09-20T19:45:46Z,totals,Over,-105,50.5
2026-09-20T19:46:24+00:00,manual,cfb,48683523200ecdbeb09a2e6eb0d0a1f7,2026-09-26T02:30:00Z,California Golden Bears,Clemson Tigers,draftkings,2026-09-20T19:45:46Z,totals,Under,-115,50.5
2026-09-20T19:46:24+00:00,manual,cfb,48683523200ecdbeb09a2e6eb0d0a1f7,2026-09-26T02:30:00Z,California Golden Bears,Clemson Tigers,lowvig,2026-09-20T19:45:27Z,spreads,California Golden Bears,-106,0.0
2026-09-20T19:46:24+00:00,manual,cfb,48683523200ecdbeb09a2e6eb0d0a1f7,2026-09-26T02:30:00Z,California Golden Bears,Clemson Tigers,lowvig,2026-09-20T19:45:27Z,spreads,Clemson Tigers,-106,0.0
2026-09-20T19:46:24+00:00,manual,cfb,48683523200ecdbeb09a2e6eb0d0a1f7,2026-09-26T02:30:00Z,California Golden Bears,Clemson Tigers,lowvig,2026-09-20T19:45:27Z,totals,Over,-108,50.5
2026-09-20T19:46:24+00:00,manual,cfb,48683523200ecdbeb09a2e6eb0d0a1f7,2026-09-26T02:30:00Z,California Golden Bears,Clemson Tigers,lowvig,2026-09-20T19:45:27Z,totals,Under,-108,50.5
2026-09-20T19:46:24+00:00,manual,cfb,48683523200ecdbeb09a2e6eb0d0a1f7,2026-09-26T02:30:00Z,California Golden Bears,Clemson Tigers,betonlineag,2026-09-20T19:45:27Z,spreads,California Golden Bears,-110,0.0
2026-09-20T19:46:24+00:00,manual,cfb,48683523200ecdbeb09a2e6eb0d0a1f7,2026-09-26T02:30:00Z,California Golden Bears,Clemson Tigers,betonlineag,2026-09-20T19:45:27Z,spreads,Clemson Tigers,-110,0.0
2026-09-20T19:46:24+00:00,manual,cfb,48683523200ecdbeb09a2e6eb0d0a1f7,2026-09-26T02:30:00Z,California Golden Bears,Clemson Tigers,betonlineag,2026-09-20T19:45:27Z,totals,Over,-110,50.5
2026-09-20T19:46:24+00:00,manual,cfb,48683523200ecdbeb09a2e6eb0d0a1f7,2026-09-26T02:30:00Z,California Golden Bears,Clemson Tigers,betonlineag,2026-09-20T19:45:27Z,totals,Under,-110,50.5
2026-09-20T19:46:24+00:00,manual,cfb,48683523200ecdbeb09a2e6eb0d0a1f7,2026-09-26T02:30:00Z,California Golden Bears,Clemson Tigers,betmgm,2026-09-20T19:46:05Z,h2h,California Golden Bears,-115,
2026-09-20T19:46:24+00:00,manual,cfb,48683523200ecdbeb09a2e6eb0d0a1f7,2026-09-26T02:30:00Z,California Golden Bears,Clemson Tigers,betmgm,2026-09-20T19:46:05Z,h2h,Clemson Tigers,-105,
2026-09-20T19:46:24+00:00,manual,cfb,48683523200ecdbeb09a2e6eb0d0a1f7,2026-09-26T02:30:00Z,California Golden Bears,Clemson Tigers,betmgm,2026-09-20T19:46:05Z,spreads,California Golden Bears,-110,-1.0
2026-09-20T19:46:24+00:00,manual,cfb,48683523200ecdbeb09a2e6eb0d0a1f7,2026-09-26T02:30:00Z,California Golden Bears,Clemson Tigers,betmgm,2026-09-20T19:46:05Z,spreads,Clemson Tigers,-108,1.0
2026-09-20T19:46:24+00:00,manual,cfb,48683523200ecdbeb09a2e6eb0d0a1f7,2026-09-26T02:30:00Z,California Golden Bears,Clemson Tigers,betmgm,2026-09-20T19:46:05Z,totals,Over,-105,50.5
2026-09-20T19:46:24+00:00,manual,cfb,48683523200ecdbeb09a2e6eb0d0a1f7,2026-09-26T02:30:00Z,California Golden Bears,Clemson Tigers,betmgm,2026-09-20T19:46:05Z,totals,Under,-112,50.5
2026-09-20T19:46:24+00:00,manual,cfb,a14ae60e9aac7b91d0acbdae745873b4,2026-09-26T16:00:00Z,Kent State Golden Flashes,Ball State Cardinals,fanduel,2026-09-20T19:46:06Z,h2h,Ball State Cardinals,146,
2026-09-20T19:46:24+00:00,manual,cfb,a14ae60e9aac7b91d0acbdae745873b4,2026-09-26T16:00:00Z,Kent State Golden Flashes,Ball State Cardinals,fanduel,2026-09-20T19:46:06Z,h2h,Kent State Golden Flashes,-176,
2026-09-20T19:46:24+00:00,manual,cfb,a14ae60e9aac7b91d0acbdae745873b4,2026-09-26T16:00:00Z,Kent State Golden Flashes,Ball State Cardinals,fanduel,2026-09-20T19:46:06Z,spreads,Ball State Cardinals,-110,3.5
2026-09-20T19:46:24+00:00,manual,cfb,a14ae60e9aac7b91d0acbdae745873b4,2026-09-26T16:00:00Z,Kent State Golden Flashes,Ball State Cardinals,fanduel,2026-09-20T19:46:06Z,spreads,Kent State Golden Flashes,-110,-3.5
2026-09-20T19:46:24+00:00,manual,cfb,a14ae60e9aac7b91d0acbdae745873b4,2026-09-26T16:00:00Z,Kent State Golden Flashes,Ball State Cardinals,fanduel,2026-09-20T19:46:06Z,totals,Over,-110,50.5
2026-09-20T19:46:24+00:00,manual,cfb,a14ae60e9aac7b91d0acbdae745873b4,2026-09-26T16:00:00Z,Kent State Golden Flashes,Ball State Cardinals,fanduel,2026-09-20T19:46:06Z,totals,Under,-110,50.5
2026-09-20T19:46:24+00:00,manual,cfb,a14ae60e9aac7b91d0acbdae745873b4,2026-09-26T16:00:00Z,Kent State Golden Flashes,Ball State Cardinals,draftkings,2026-09-20T19:45:46Z,h2h,Ball State Cardinals,136,
2026-09-20T19:46:24+00:00,manual,cfb,a14ae60e9aac7b91d0acbdae745873b4,2026-09-26T16:00:00Z,Kent State Golden Flashes,Ball State Cardinals,draftkings,2026-09-20T19:45:46Z,h2h,Kent State Golden Flashes,-162,
2026-09-20T19:46:24+00:00,manual,cfb,a14ae60e9aac7b91d0acbdae745873b4,2026-09-26T16:00:00Z,Kent State Golden Flashes,Ball State Cardinals,draftkings,2026-09-20T19:45:46Z,spreads,Ball State Cardinals,-110,3.5
2026-09-20T19:46:24+00:00,manual,cfb,a14ae60e9aac7b91d0acbdae745873b4,2026-09-26T16:00:00Z,Kent State Golden Flashes,Ball State Cardinals,draftkings,2026-09-20T19:45:46Z,spreads,Kent State Golden Flashes,-110,-3.5
2026-09-20T19:46:24+00:00,manual,cfb,a14ae60e9aac7b91d0acbdae745873b4,2026-09-26T16:00:00Z,Kent State Golden Flashes,Ball State Cardinals,draftkings,2026-09-20T19:45:46Z,totals,Over,-110,49.5
2026-09-20T19:46:24+00:00,manual,cfb,a14ae60e9aac7b91d0acbdae745873b4,2026-09-26T16:00:00Z,Kent State Golden Flashes,Ball State Cardinals,draftkings,2026-09-20T19:45:46Z,totals,Under,-110,49.5
2026-09-20T19:46:24+00:00,manual,cfb,a14ae60e9aac7b91d0acbdae745873b4,2026-09-26T16:00:00Z,Kent State Golden Flashes,Ball State Cardinals,lowvig,2026-09-20T19:45:27Z,spreads,Ball State Cardinals,-106,3.5
2026-09-20T19:46:24+00:00,manual,cfb,a14ae60e9aac7b91d0acbdae745873b4,2026-09-26T16:00:00Z,Kent State Golden Flashes,Ball State Cardinals,lowvig,2026-09-20T19:45:27Z,spreads,Kent State Golden Flashes,-106,-3.5
2026-09-20T19:46:24+00:00,manual,cfb,a14ae60e9aac7b91d0acbdae745873b4,2026-09-26T16:00:00Z,Kent State Golden Flashes,Ball State Cardinals,lowvig,2026-09-20T19:45:27Z,totals,Over,-108,49.0
2026-09-20T19:46:24+00:00,manual,cfb,a14ae60e9aac7b91d0acbdae745873b4,2026-09-26T16:00:00Z,Kent State Golden Flashes,Ball State Cardinals,lowvig,2026-09-20T19:45:27Z,totals,Under,-108,49.0
2026-09-20T19:46:24+00:00,manual,cfb,a14ae60e9aac7b91d0acbdae745873b4,2026-09-26T16:00:00Z,Kent State Golden Flashes,Ball State Cardinals,betonlineag,2026-09-20T19:45:27Z,spreads,Ball State Cardinals,-110,3.5
2026-09-20T19:46:24+00:00,manual,cfb,a14ae60e9aac7b91d0acbdae745873b4,2026-09-26T16:00:00Z,Kent State Golden Flashes,Ball State Cardinals,betonlineag,2026-09-20T19:45:27Z,spreads,Kent State Golden Flashes,-110,-3.5
2026-09-20T19:46:24+00:00,manual,cfb,a14ae60e9aac7b91d0acbdae745873b4,2026-09-26T16:00:00Z,Kent State Golden Flashes,Ball State Cardinals,betonlineag,2026-09-20T19:45:27Z,totals,Over,-110,49.0
2026-09-20T19:46:24+00:00,manual,cfb,a14ae60e9aac7b91d0acbdae745873b4,2026-09-26T16:00:00Z,Kent State Golden Flashes,Ball State Cardinals,betonlineag,2026-09-20T19:45:27Z,totals,Under,-110,49.0
2026-09-20T19:46:24+00:00,manual,cfb,a14ae60e9aac7b91d0acbdae745873b4,2026-09-26T16:00:00Z,Kent State Golden Flashes,Ball State Cardinals,betmgm,2026-09-20T19:46:05Z,h2h,Ball State Cardinals,140,
2026-09-20T19:46:24+00:00,manual,cfb,a14ae60e9aac7b91d0acbdae745873b4,2026-09-26T16:00:00Z,Kent State Golden Flashes,Ball State Cardinals,betmgm,2026-09-20T19:46:05Z,h2h,Kent State Golden Flashes,-165,
2026-09-20T19:46:24+00:00,manual,cfb,a14ae60e9aac7b91d0acbdae745873b4,2026-09-26T16:00:00Z,Kent State Golden Flashes,Ball State Cardinals,betmgm,2026-09-20T19:46:05Z,spreads,Ball State Cardinals,-110,3.5
2026-09-20T19:46:24+00:00,manual,cfb,a14ae60e9aac7b91d0acbdae745873b4,2026-09-26T16:00:00Z,Kent State Golden Flashes,Ball State Cardinals,betmgm,2026-09-20T19:46:05Z,spreads,Kent State Golden Flashes,-108,-3.5
2026-09-20T19:46:24+00:00,manual,cfb,a14ae60e9aac7b91d0acbdae745873b4,2026-09-26T16:00:00Z,Kent State Golden Flashes,Ball State Cardinals,betmgm,2026-09-20T19:46:05Z,totals,Over,-110,49.5
2026-09-20T19:46:24+00:00,manual,cfb,a14ae60e9aac7b91d0acbdae745873b4,2026-09-26T16:00:00Z,Kent State Golden Flashes,Ball State Cardinals,betmgm,2026-09-20T19:46:05Z,totals,Under,-108,49.5
2026-09-20T19:46:24+00:00,manual,cfb,90cacdc25f25e1f13b13e031a7fee9b7,2026-09-26T16:00:00Z,Baylor Bears,Colorado Buffaloes,fanduel,2026-09-20T19:46:06Z,h2h,Baylor Bears,-360,
2026-09-20T19:46:24+00:00,manual,cfb,90cacdc25f25e1f13b13e031a7fee9b7,2026-09-26T16:00:00Z,Baylor Bears,Colorado Buffaloes,fanduel,2026-09-20T19:46:06Z,h2h,Colorado Buffaloes,280,
2026-09-20T19:46:24+00:00,manual,cfb,90cacdc25f25e1f13b13e031a7fee9b7,2026-09-26T16:00:00Z,Baylor Bears,Colorado Buffaloes,fanduel,2026-09-20T19:46:06Z,spreads,Baylor Bears,-115,-8.5
2026-09-20T19:46:24+00:00,manual,cfb,90cacdc25f25e1f13b13e031a7fee9b7,2026-09-26T16:00:00Z,Baylor Bears,Colorado Buffaloes,fanduel,2026-09-20T19:46:06Z,spreads,Colorado Buffaloes,-105,8.5
2026-09-20T19:46:24+00:00,manual,cfb,90cacdc25f25e1f13b13e031a7fee9b7,2026-09-26T16:00:00Z,Baylor Bears,Colorado Buffaloes,fanduel,2026-09-20T19:46:06Z,totals,Over,-118,53.5
2026-09-20T19:46:24+00:00,manual,cfb,90cacdc25f25e1f13b13e031a7fee9b7,2026-09-26T16:00:00Z,Baylor Bears,Colorado Buffaloes,fanduel,2026-09-20T19:46:06Z,totals,Under,-104,53.5
2026-09-20T19:46:24+00:00,manual,cfb,90cacdc25f25e1f13b13e031a7fee9b7,2026-09-26T16:00:00Z,Baylor Bears,Colorado Buffaloes,draftkings,2026-09-20T19:45:46Z,h2h,Baylor Bears,-345,
2026-09-20T19:46:24+00:00,manual,cfb,90cacdc25f25e1f13b13e031a7fee9b7,2026-09-26T16:00:00Z,Baylor Bears,Colorado Buffaloes,draftkings,2026-09-20T19:45:46Z,h2h,Colorado Buffaloes,275,
2026-09-20T19:46:24+00:00,manual,cfb,90cacdc25f25e1f13b13e031a7fee9b7,2026-09-26T16:00:00Z,Baylor Bears,Colorado Buffaloes,draftkings,2026-09-20T19:45:46Z,spreads,Baylor Bears,-115,-9.5
2026-09-20T19:46:24+00:00,manual,cfb,90cacdc25f25e1f13b13e031a7fee9b7,2026-09-26T16:00:00Z,Baylor Bears,Colorado Buffaloes,draftkings,2026-09-20T19:45:46Z,spreads,Colorado Buffaloes,-105,9.5
2026-09-20T19:46:24+00:00,manual,cfb,90cacdc25f25e1f13b13e031a7fee9b7,2026-09-26T16:00:00Z,Baylor Bears,Colorado Buffaloes,draftkings,2026-09-20T19:45:46Z,totals,Over,-115,54.5
2026-09-20T19:46:24+00:00,manual,cfb,90cacdc25f25e1f13b13e031a7fee9b7,2026-09-26T16:00:00Z,Baylor Bears,Colorado Buffaloes,draftkings,2026-09-20T19:45:46Z,totals,Under,-105,54.5
2026-09-20T19:46:24+00:00,manual,cfb,90cacdc25f25e1f13b13e031a7fee9b7,2026-09-26T16:00:00Z,Baylor Bears,Colorado Buffaloes,betonlineag,2026-09-20T19:45:27Z,spreads,Baylor Bears,-115,-9.5
2026-09-20T19:46:24+00:00,manual,cfb,90cacdc25f25e1f13b13e031a7fee9b7,2026-09-26T16:00:00Z,Baylor Bears,Colorado Buffaloes,betonlineag,2026-09-20T19:45:27Z,spreads,Colorado Buffaloes,-105,9.5
2026-09-20T19:46:24+00:00,manual,cfb,90cacdc25f25e1f13b13e031a7fee9b7,2026-09-26T16:00:00Z,Baylor Bears,Colorado Buffaloes,betonlineag,2026-09-20T19:45:27Z,totals,Over,-110,55.0
2026-09-20T19:46:24+00:00,manual,cfb,90cacdc25f25e1f13b13e031a7fee9b7,2026-09-26T16:00:00Z,Baylor Bears,Colorado Buffaloes,betonlineag,2026-09-20T19:45:27Z,totals,Under,-110,55.0
2026-09-20T19:46:24+00:00,manual,cfb,90cacdc25f25e1f13b13e031a7fee9b7,2026-09-26T16:00:00Z,Baylor Bears,Colorado Buffaloes,lowvig,2026-09-20T19:45:27Z,spreads,Baylor Bears,-111,-9.5
2026-09-20T19:46:24+00:00,manual,cfb,90cacdc25f25e1f13b13e031a7fee9b7,2026-09-26T16:00:00Z,Baylor Bears,Colorado Buffaloes,lowvig,2026-09-20T19:45:27Z,spreads,Colorado Buffaloes,-101,9.5
2026-09-20T19:46:24+00:00,manual,cfb,90cacdc25f25e1f13b13e031a7fee9b7,2026-09-26T16:00:00Z,Baylor Bears,Colorado Buffaloes,lowvig,2026-09-20T19:45:27Z,totals,Over,-108,55.0
2026-09-20T19:46:24+00:00,manual,cfb,90cacdc25f25e1f13b13e031a7fee9b7,2026-09-26T16:00:00Z,Baylor Bears,Colorado Buffaloes,lowvig,2026-09-20T19:45:27Z,totals,Under,-108,55.0
2026-09-20T19:46:24+00:00,manual,cfb,90cacdc25f25e1f13b13e031a7fee9b7,2026-09-26T16:00:00Z,Baylor Bears,Colorado Buffaloes,betmgm,2026-09-20T19:46:05Z,h2h,Baylor Bears,-350,
2026-09-20T19:46:24+00:00,manual,cfb,90cacdc25f25e1f13b13e031a7fee9b7,2026-09-26T16:00:00Z,Baylor Bears,Colorado Buffaloes,betmgm,2026-09-20T19:46:05Z,h2h,Colorado Buffaloes,280,
2026-09-20T19:46:24+00:00,manual,cfb,90cacdc25f25e1f13b13e031a7fee9b7,2026-09-26T16:00:00Z,Baylor Bears,Colorado Buffaloes,betmgm,2026-09-20T19:46:05Z,spreads,Baylor Bears,-112,-9.5
2026-09-20T19:46:24+00:00,manual,cfb,90cacdc25f25e1f13b13e031a7fee9b7,2026-09-26T16:00:00Z,Baylor Bears,Colorado Buffaloes,betmgm,2026-09-20T19:46:05Z,spreads,Colorado Buffaloes,-108,9.5
2026-09-20T19:46:24+00:00,manual,cfb,90cacdc25f25e1f13b13e031a7fee9b7,2026-09-26T16:00:00Z,Baylor Bears,Colorado Buffaloes,betmgm,2026-09-20T19:46:05Z,totals,Over,-110,54.5
2026-09-20T19:46:24+00:00,manual,cfb,90cacdc25f25e1f13b13e031a7fee9b7,2026-09-26T16:00:00Z,Baylor Bears,Colorado Buffaloes,betmgm,2026-09-20T19:46:05Z,totals,Under,-108,54.5
2026-09-20T19:46:24+00:00,manual,cfb,9d564a10d7bc7b546b2b0cf4ec3c589e,2026-09-26T16:00:00Z,Boston College Eagles,Virginia Tech Hokies,fanduel,2026-09-20T19:46:06Z,h2h,Boston College Eagles,460,
2026-09-20T19:46:24+00:00,manual,cfb,9d564a10d7bc7b546b2b0cf4ec3c589e,2026-09-26T16:00:00Z,Boston College Eagles,Virginia Tech Hokies,fanduel,2026-09-20T19:46:06Z,h2h,Virginia Tech Hokies,-650,
2026-09-20T19:46:24+00:00,manual,cfb,9d564a10d7bc7b546b2b0cf4ec3c589e,2026-09-26T16:00:00Z,Boston College Eagles,Virginia Tech Hokies,fanduel,2026-09-20T19:46:06Z,spreads,Boston College Eagles,-118,14.5
2026-09-20T19:46:24+00:00,manual,cfb,9d564a10d7bc7b546b2b0cf4ec3c589e,2026-09-26T16:00:00Z,Boston College Eagles,Virginia Tech Hokies,fanduel,2026-09-20T19:46:06Z,spreads,Virginia Tech Hokies,-104,-14.5
2026-09-20T19:46:24+00:00,manual,cfb,9d564a10d7bc7b546b2b0cf4ec3c589e,2026-09-26T16:00:00Z,Boston College Eagles,Virginia Tech Hokies,fanduel,2026-09-20T19:46:06Z,totals,Over,-110,52.5
2026-09-20T19:46:24+00:00,manual,cfb,9d564a10d7bc7b546b2b0cf4ec3c589e,2026-09-26T16:00:00Z,Boston College Eagles,Virginia Tech Hokies,fanduel,2026-09-20T19:46:06Z,totals,Under,-110,52.5
2026-09-20T19:46:24+00:00,manual,cfb,9d564a10d7bc7b546b2b0cf4ec3c589e,2026-09-26T16:00:00Z,Boston College Eagles,Virginia Tech Hokies,draftkings,2026-09-20T19:45:46Z,h2h,Boston College Eagles,470,
2026-09-20T19:46:24+00:00,manual,cfb,9d564a10d7bc7b546b2b0cf4ec3c589e,2026-09-26T16:00:00Z,Boston College Eagles,Virginia Tech Hokies,draftkings,2026-09-20T19:45:46Z,h2h,Virginia Tech Hokies,-650,
2026-09-20T19:46:24+00:00,manual,cfb,9d564a10d7bc7b546b2b0cf4ec3c589e,2026-09-26T16:00:00Z,Boston College Eagles,Virginia Tech Hokies,draftkings,2026-09-20T19:45:46Z,spreads,Boston College Eagles,-110,14.5
2026-09-20T19:46:24+00:00,manual,cfb,9d564a10d7bc7b546b2b0cf4ec3c589e,2026-09-26T16:00:00Z,Boston College Eagles,Virginia Tech Hokies,draftkings,2026-09-20T19:45:46Z,spreads,Virginia Tech Hokies,-110,-14.5
2026-09-20T19:46:24+00:00,manual,cfb,9d564a10d7bc7b546b2b0cf4ec3c589e,2026-09-26T16:00:00Z,Boston College Eagles,Virginia Tech Hokies,draftkings,2026-09-20T19:45:46Z,totals,Over,-110,52.5
2026-09-20T19:46:24+00:00,manual,cfb,9d564a10d7bc7b546b2b0cf4ec3c589e,2026-09-26T16:00:00Z,Boston College Eagles,Virginia Tech Hokies,draftkings,2026-09-20T19:45:46Z,totals,Under,-110,52.5
2026-09-20T19:46:24+00:00,manual,cfb,9d564a10d7bc7b546b2b0cf4ec3c589e,2026-09-26T16:00:00Z,Boston College Eagles,Virginia Tech Hokies,lowvig,2026-09-20T19:45:27Z,spreads,Boston College Eagles,-101,14.5
2026-09-20T19:46:24+00:00,manual,cfb,9d564a10d7bc7b546b2b0cf4ec3c589e,2026-09-26T16:00:00Z,Boston College Eagles,Virginia Tech Hokies,lowvig,2026-09-20T19:45:27Z,spreads,Virginia Tech Hokies,-111,-14.5
2026-09-20T19:46:24+00:00,manual,cfb,9d564a10d7bc7b546b2b0cf4ec3c589e,2026-09-26T16:00:00Z,Boston College Eagles,Virginia Tech Hokies,lowvig,2026-09-20T19:45:27Z,totals,Over,-108,52.5
2026-09-20T19:46:24+00:00,manual,cfb,9d564a10d7bc7b546b2b0cf4ec3c589e,2026-09-26T16:00:00Z,Boston College Eagles,Virginia Tech Hokies,lowvig,2026-09-20T19:45:27Z,totals,Under,-108,52.5
2026-09-20T19:46:24+00:00,manual,cfb,9d564a10d7bc7b546b2b0cf4ec3c589e,2026-09-26T16:00:00Z,Boston College Eagles,Virginia Tech Hokies,betonlineag,2026-09-20T19:45:27Z,spreads,Boston College Eagles,-105,14.5
2026-09-20T19:46:24+00:00,manual,cfb,9d564a10d7bc7b546b2b0cf4ec3c589e,2026-09-26T16:00:00Z,Boston College Eagles,Virginia Tech Hokies,betonlineag,2026-09-20T19:45:27Z,spreads,Virginia Tech Hokies,-115,-14.5
2026-09-20T19:46:24+00:00,manual,cfb,9d564a10d7bc7b546b2b0cf4ec3c589e,2026-09-26T16:00:00Z,Boston College Eagles,Virginia Tech Hokies,betonlineag,2026-09-20T19:45:27Z,totals,Over,-110,52.5
2026-09-20T19:46:24+00:00,manual,cfb,9d564a10d7bc7b546b2b0cf4ec3c589e,2026-09-26T16:00:00Z,Boston College Eagles,Virginia Tech Hokies,betonlineag,2026-09-20T19:45:27Z,totals,Under,-110,52.5
2026-09-20T19:46:24+00:00,manual,cfb,9d564a10d7bc7b546b2b0cf4ec3c589e,2026-09-26T16:00:00Z,Boston College Eagles,Virginia Tech Hokies,betmgm,2026-09-20T19:46:05Z,h2h,Boston College Eagles,475,
2026-09-20T19:46:24+00:00,manual,cfb,9d564a10d7bc7b546b2b0cf4ec3c589e,2026-09-26T16:00:00Z,Boston College Eagles,Virginia Tech Hokies,betmgm,2026-09-20T19:46:05Z,h2h,Virginia Tech Hokies,-625,
2026-09-20T19:46:24+00:00,manual,cfb,9d564a10d7bc7b546b2b0cf4ec3c589e,2026-09-26T16:00:00Z,Boston College Eagles,Virginia Tech Hokies,betmgm,2026-09-20T19:46:05Z,spreads,Boston College Eagles,-110,14.5
2026-09-20T19:46:24+00:00,manual,cfb,9d564a10d7bc7b546b2b0cf4ec3c589e,2026-09-26T16:00:00Z,Boston College Eagles,Virginia Tech Hokies,betmgm,2026-09-20T19:46:05Z,spreads,Virginia Tech Hokies,-108,-14.5
2026-09-20T19:46:24+00:00,manual,cfb,9d564a10d7bc7b546b2b0cf4ec3c589e,2026-09-26T16:00:00Z,Boston College Eagles,Virginia Tech Hokies,betmgm,2026-09-20T19:46:05Z,totals,Over,-108,52.5
2026-09-20T19:46:24+00:00,manual,cfb,9d564a10d7bc7b546b2b0cf4ec3c589e,2026-09-26T16:00:00Z,Boston College Eagles,Virginia Tech Hokies,betmgm,2026-09-20T19:46:05Z,totals,Under,-110,52.5
2026-09-20T19:46:24+00:00,manual,cfb,6de44361bd6b6afc20b9bbefcc219f2a,2026-09-26T16:00:00Z,Ohio State Buckeyes,Illinois Fighting Illini,fanduel,2026-09-20T19:46:06Z,h2h,Illinois Fighting Illini,2000,
2026-09-20T19:46:24+00:00,manual,cfb,6de44361bd6b6afc20b9bbefcc219f2a,2026-09-26T16:00:00Z,Ohio State Buckeyes,Illinois Fighting Illini,fanduel,2026-09-20T19:46:06Z,h2h,Ohio State Buckeyes,-7000,
2026-09-20T19:46:24+00:00,manual,cfb,6de44361bd6b6afc20b9bbefcc219f2a,2026-09-26T16:00:00Z,Ohio State Buckeyes,Illinois Fighting Illini,fanduel,2026-09-20T19:46:06Z,spreads,Illinois Fighting Illini,-105,27.5
2026-09-20T19:46:24+00:00,manual,cfb,6de44361bd6b6afc20b9bbefcc219f2a,2026-09-26T16:00:00Z,Ohio State Buckeyes,Illinois Fighting Illini,fanduel,2026-09-20T19:46:06Z,spreads,Ohio State Buckeyes,-115,-27.5
2026-09-20T19:46:24+00:00,manual,cfb,6de44361bd6b6afc20b9bbefcc219f2a,2026-09-26T16:00:00Z,Ohio State Buckeyes,Illinois Fighting Illini,fanduel,2026-09-20T19:46:06Z,totals,Over,-115,52.5
2026-09-20T19:46:24+00:00,manual,cfb,6de44361bd6b6afc20b9bbefcc219f2a,2026-09-26T16:00:00Z,Ohio State Buckeyes,Illinois Fighting Illini,fanduel,2026-09-20T19:46:06Z,totals,Under,-105,52.5
2026-09-20T19:46:24+00:00,manual,cfb,6de44361bd6b6afc20b9bbefcc219f2a,2026-09-26T16:00:00Z,Ohio State Buckeyes,Illinois Fighting Illini,draftkings,2026-09-20T19:45:46Z,h2h,Illinois Fighting Illini,2500,
2026-09-20T19:46:24+00:00,manual,cfb,6de44361bd6b6afc20b9bbefcc219f2a,2026-09-26T16:00:00Z,Ohio State Buckeyes,Illinois Fighting Illini,draftkings,2026-09-20T19:45:46Z,h2h,Ohio State Buckeyes,-9000,
2026-09-20T19:46:24+00:00,manual,cfb,6de44361bd6b6afc20b9bbefcc219f2a,2026-09-26T16:00:00Z,Ohio State Buckeyes,Illinois Fighting Illini,draftkings,2026-09-20T19:45:46Z,spreads,Illinois Fighting Illini,-110,27.5
2026-09-20T19:46:24+00:00,manual,cfb,6de44361bd6b6afc20b9bbefcc219f2a,2026-09-26T16:00:00Z,Ohio State Buckeyes,Illinois Fighting Illini,draftkings,2026-09-20T19:45:46Z,spreads,Ohio State Buckeyes,-110,-27.5
2026-09-20T19:46:24+00:00,manual,cfb,6de44361bd6b6afc20b9bbefcc219f2a,2026-09-26T16:00:00Z,Ohio State Buckeyes,Illinois Fighting Illini,draftkings,2026-09-20T19:45:46Z,totals,Over,-110,53.5
2026-09-20T19:46:24+00:00,manual,cfb,6de44361bd6b6afc20b9bbefcc219f2a,2026-09-26T16:00:00Z,Ohio State Buckeyes,Illinois Fighting Illini,draftkings,2026-09-20T19:45:46Z,totals,Under,-110,53.5
2026-09-20T19:46:24+00:00,manual,cfb,6de44361bd6b6afc20b9bbefcc219f2a,2026-09-26T16:00:00Z,Ohio State Buckeyes,Illinois Fighting Illini,betmgm,2026-09-20T19:46:05Z,h2h,Illinois Fighting Illini,2500,
2026-09-20T19:46:24+00:00,manual,cfb,6de44361bd6b6afc20b9bbefcc219f2a,2026-09-26T16:00:00Z,Ohio State Buckeyes,Illinois Fighting Illini,betmgm,2026-09-20T19:46:05Z,h2h,Ohio State Buckeyes,-10000,
2026-09-20T19:46:24+00:00,manual,cfb,6de44361bd6b6afc20b9bbefcc219f2a,2026-09-26T16:00:00Z,Ohio State Buckeyes,Illinois Fighting Illini,betmgm,2026-09-20T19:46:05Z,spreads,Illinois Fighting Illini,-108,27.5
2026-09-20T19:46:24+00:00,manual,cfb,6de44361bd6b6afc20b9bbefcc219f2a,2026-09-26T16:00:00Z,Ohio State Buckeyes,Illinois Fighting Illini,betmgm,2026-09-20T19:46:05Z,spreads,Ohio State Buckeyes,-110,-27.5
2026-09-20T19:46:24+00:00,manual,cfb,6de44361bd6b6afc20b9bbefcc219f2a,2026-09-26T16:00:00Z,Ohio State Buckeyes,Illinois Fighting Illini,betmgm,2026-09-20T19:46:05Z,totals,Over,-112,53.5
2026-09-20T19:46:24+00:00,manual,cfb,6de44361bd6b6afc20b9bbefcc219f2a,2026-09-26T16:00:00Z,Ohio State Buckeyes,Illinois Fighting Illini,betmgm,2026-09-20T19:46:05Z,totals,Under,-105,53.5
2026-09-20T19:46:24+00:00,manual,cfb,6de44361bd6b6afc20b9bbefcc219f2a,2026-09-26T16:00:00Z,Ohio State Buckeyes,Illinois Fighting Illini,betonlineag,2026-09-20T19:45:27Z,spreads,Illinois Fighting Illini,-110,27.5
2026-09-20T19:46:24+00:00,manual,cfb,6de44361bd6b6afc20b9bbefcc219f2a,2026-09-26T16:00:00Z,Ohio State Buckeyes,Illinois Fighting Illini,betonlineag,2026-09-20T19:45:27Z,spreads,Ohio State Buckeyes,-110,-27.5
2026-09-20T19:46:24+00:00,manual,cfb,6de44361bd6b6afc20b9bbefcc219f2a,2026-09-26T16:00:00Z,Ohio State Buckeyes,Illinois Fighting Illini,betonlineag,2026-09-20T19:45:27Z,totals,Over,-115,54.0
2026-09-20T19:46:24+00:00,manual,cfb,6de44361bd6b6afc20b9bbefcc219f2a,2026-09-26T16:00:00Z,Ohio State Buckeyes,Illinois Fighting Illini,betonlineag,2026-09-20T19:45:27Z,totals,Under,-105,54.0
2026-09-20T19:46:24+00:00,manual,cfb,6de44361bd6b6afc20b9bbefcc219f2a,2026-09-26T16:00:00Z,Ohio State Buckeyes,Illinois Fighting Illini,lowvig,2026-09-20T19:45:27Z,spreads,Illinois Fighting Illini,-106,27.5
2026-09-20T19:46:24+00:00,manual,cfb,6de44361bd6b6afc20b9bbefcc219f2a,2026-09-26T16:00:00Z,Ohio State Buckeyes,Illinois Fighting Illini,lowvig,2026-09-20T19:45:27Z,spreads,Ohio State Buckeyes,-106,-27.5
2026-09-20T19:46:24+00:00,manual,cfb,6de44361bd6b6afc20b9bbefcc219f2a,2026-09-26T16:00:00Z,Ohio State Buckeyes,Illinois Fighting Illini,lowvig,2026-09-20T19:45:27Z,totals,Over,-114,54.0
2026-09-20T19:46:24+00:00,manual,cfb,6de44361bd6b6afc20b9bbefcc219f2a,2026-09-26T16:00:00Z,Ohio State Buckeyes,Illinois Fighting Illini,lowvig,2026-09-20T19:45:27Z,totals,Under,-103,54.0
2026-09-20T19:46:24+00:00,manual,cfb,f6b6590d0b66bbb4fcbb391289794963,2026-09-26T16:00:00Z,Louisville Cardinals,Wake Forest Demon Deacons,draftkings,2026-09-20T19:45:46Z,h2h,Louisville Cardinals,-535,
2026-09-20T19:46:24+00:00,manual,cfb,f6b6590d0b66bbb4fcbb391289794963,2026-09-26T16:00:00Z,Louisville Cardinals,Wake Forest Demon Deacons,draftkings,2026-09-20T19:45:46Z,h2h,Wake Forest Demon Deacons,400,
2026-09-20T19:46:24+00:00,manual,cfb,f6b6590d0b66bbb4fcbb391289794963,2026-09-26T16:00:00Z,Louisville Cardinals,Wake Forest Demon Deacons,draftkings,2026-09-20T19:45:46Z,spreads,Louisville Cardinals,-110,-13.5
2026-09-20T19:46:24+00:00,manual,cfb,f6b6590d0b66bbb4fcbb391289794963,2026-09-26T16:00:00Z,Louisville Cardinals,Wake Forest Demon Deacons,draftkings,2026-09-20T19:45:46Z,spreads,Wake Forest Demon Deacons,-110,13.5
2026-09-20T19:46:24+00:00,manual,cfb,f6b6590d0b66bbb4fcbb391289794963,2026-09-26T16:00:00Z,Louisville Cardinals,Wake Forest Demon Deacons,draftkings,2026-09-20T19:45:46Z,totals,Over,-110,58.5
2026-09-20T19:46:24+00:00,manual,cfb,f6b6590d0b66bbb4fcbb391289794963,2026-09-26T16:00:00Z,Louisville Cardinals,Wake Forest Demon Deacons,draftkings,2026-09-20T19:45:46Z,totals,Under,-110,58.5
2026-09-20T19:46:24+00:00,manual,cfb,f6b6590d0b66bbb4fcbb391289794963,2026-09-26T16:00:00Z,Louisville Cardinals,Wake Forest Demon Deacons,fanduel,2026-09-20T19:46:06Z,h2h,Louisville Cardinals,-550,
2026-09-20T19:46:24+00:00,manual,cfb,f6b6590d0b66bbb4fcbb391289794963,2026-09-26T16:00:00Z,Louisville Cardinals,Wake Forest Demon Deacons,fanduel,2026-09-20T19:46:06Z,h2h,Wake Forest Demon Deacons,420,
2026-09-20T19:46:24+00:00,manual,cfb,f6b6590d0b66bbb4fcbb391289794963,2026-09-26T16:00:00Z,Louisville Cardinals,Wake Forest Demon Deacons,fanduel,2026-09-20T19:46:06Z,spreads,Louisville Cardinals,-110,-13.5
2026-09-20T19:46:24+00:00,manual,cfb,f6b6590d0b66bbb4fcbb391289794963,2026-09-26T16:00:00Z,Louisville Cardinals,Wake Forest Demon Deacons,fanduel,2026-09-20T19:46:06Z,spreads,Wake Forest Demon Deacons,-110,13.5
2026-09-20T19:46:24+00:00,manual,cfb,f6b6590d0b66bbb4fcbb391289794963,2026-09-26T16:00:00Z,Louisville Cardinals,Wake Forest Demon Deacons,fanduel,2026-09-20T19:46:06Z,totals,Over,-115,57.5
2026-09-20T19:46:24+00:00,manual,cfb,f6b6590d0b66bbb4fcbb391289794963,2026-09-26T16:00:00Z,Louisville Cardinals,Wake Forest Demon Deacons,fanduel,2026-09-20T19:46:06Z,totals,Under,-105,57.5
2026-09-20T19:46:24+00:00,manual,cfb,f6b6590d0b66bbb4fcbb391289794963,2026-09-26T16:00:00Z,Louisville Cardinals,Wake Forest Demon Deacons,betonlineag,2026-09-20T19:45:27Z,spreads,Louisville Cardinals,-110,-13.0
2026-09-20T19:46:24+00:00,manual,cfb,f6b6590d0b66bbb4fcbb391289794963,2026-09-26T16:00:00Z,Louisville Cardinals,Wake Forest Demon Deacons,betonlineag,2026-09-20T19:45:27Z,spreads,Wake Forest Demon Deacons,-110,13.0
2026-09-20T19:46:24+00:00,manual,cfb,f6b6590d0b66bbb4fcbb391289794963,2026-09-26T16:00:00Z,Louisville Cardinals,Wake Forest Demon Deacons,betonlineag,2026-09-20T19:45:27Z,totals,Over,-110,59.0
2026-09-20T19:46:24+00:00,manual,cfb,f6b6590d0b66bbb4fcbb391289794963,2026-09-26T16:00:00Z,Louisville Cardinals,Wake Forest Demon Deacons,betonlineag,2026-09-20T19:45:27Z,totals,Under,-110,59.0
2026-09-20T19:46:24+00:00,manual,cfb,f6b6590d0b66bbb4fcbb391289794963,2026-09-26T16:00:00Z,Louisville Cardinals,Wake Forest Demon Deacons,lowvig,2026-09-20T19:45:27Z,spreads,Louisville Cardinals,-106,-13.0
2026-09-20T19:46:24+00:00,manual,cfb,f6b6590d0b66bbb4fcbb391289794963,2026-09-26T16:00:00Z,Louisville Cardinals,Wake Forest Demon Deacons,lowvig,2026-09-20T19:45:27Z,spreads,Wake Forest Demon Deacons,-106,13.0
2026-09-20T19:46:24+00:00,manual,cfb,f6b6590d0b66bbb4fcbb391289794963,2026-09-26T16:00:00Z,Louisville Cardinals,Wake Forest Demon Deacons,lowvig,2026-09-20T19:45:27Z,totals,Over,-108,59.0
2026-09-20T19:46:24+00:00,manual,cfb,f6b6590d0b66bbb4fcbb391289794963,2026-09-26T16:00:00Z,Louisville Cardinals,Wake Forest Demon Deacons,lowvig,2026-09-20T19:45:27Z,totals,Under,-108,59.0
2026-09-20T19:46:24+00:00,manual,cfb,f6b6590d0b66bbb4fcbb391289794963,2026-09-26T16:00:00Z,Louisville Cardinals,Wake Forest Demon Deacons,betmgm,2026-09-20T19:46:05Z,h2h,Louisville Cardinals,-525,
2026-09-20T19:46:24+00:00,manual,cfb,f6b6590d0b66bbb4fcbb391289794963,2026-09-26T16:00:00Z,Louisville Cardinals,Wake Forest Demon Deacons,betmgm,2026-09-20T19:46:05Z,h2h,Wake Forest Demon Deacons,400,
2026-09-20T19:46:24+00:00,manual,cfb,f6b6590d0b66bbb4fcbb391289794963,2026-09-26T16:00:00Z,Louisville Cardinals,Wake Forest Demon Deacons,betmgm,2026-09-20T19:46:05Z,spreads,Louisville Cardinals,-110,-13.0
2026-09-20T19:46:24+00:00,manual,cfb,f6b6590d0b66bbb4fcbb391289794963,2026-09-26T16:00:00Z,Louisville Cardinals,Wake Forest Demon Deacons,betmgm,2026-09-20T19:46:05Z,spreads,Wake Forest Demon Deacons,-108,13.0
2026-09-20T19:46:24+00:00,manual,cfb,f6b6590d0b66bbb4fcbb391289794963,2026-09-26T16:00:00Z,Louisville Cardinals,Wake Forest Demon Deacons,betmgm,2026-09-20T19:46:05Z,totals,Over,-108,58.5
2026-09-20T19:46:24+00:00,manual,cfb,f6b6590d0b66bbb4fcbb391289794963,2026-09-26T16:00:00Z,Louisville Cardinals,Wake Forest Demon Deacons,betmgm,2026-09-20T19:46:05Z,totals,Under,-110,58.5
2026-09-20T19:46:24+00:00,manual,cfb,5c60d6ce348eae3327bc83534dd7522b,2026-09-26T16:00:00Z,Texas Tech Red Raiders,Sam Houston State Bearkats,fanduel,2026-09-20T19:46:06Z,spreads,Sam Houston State Bearkats,-110,36.5
2026-09-20T19:46:24+00:00,manual,cfb,5c60d6ce348eae3327bc83534dd7522b,2026-09-26T16:00:00Z,Texas Tech Red Raiders,Sam Houston State Bearkats,fanduel,2026-09-20T19:46:06Z,spreads,Texas Tech Red Raiders,-110,-36.5
2026-09-20T19:46:24+00:00,manual,cfb,5c60d6ce348eae3327bc83534dd7522b,2026-09-26T16:00:00Z,Texas Tech Red Raiders,Sam Houston State Bearkats,fanduel,2026-09-20T19:46:06Z,totals,Over,-105,55.5
2026-09-20T19:46:24+00:00,manual,cfb,5c60d6ce348eae3327bc83534dd7522b,2026-09-26T16:00:00Z,Texas Tech Red Raiders,Sam Houston State Bearkats,fanduel,2026-09-20T19:46:06Z,totals,Under,-115,55.5
2026-09-20T19:46:24+00:00,manual,cfb,5c60d6ce348eae3327bc83534dd7522b,2026-09-26T16:00:00Z,Texas Tech Red Raiders,Sam Houston State Bearkats,draftkings,2026-09-20T19:45:46Z,spreads,Sam Houston State Bearkats,-115,36.5
2026-09-20T19:46:24+00:00,manual,cfb,5c60d6ce348eae3327bc83534dd7522b,2026-09-26T16:00:00Z,Texas Tech Red Raiders,Sam Houston State Bearkats,draftkings,2026-09-20T19:45:46Z,spreads,Texas Tech Red Raiders,-105,-36.5
2026-09-20T19:46:24+00:00,manual,cfb,5c60d6ce348eae3327bc83534dd7522b,2026-09-26T16:00:00Z,Texas Tech Red Raiders,Sam Houston State Bearkats,draftkings,2026-09-20T19:45:46Z,totals,Over,-118,54.5
2026-09-20T19:46:24+00:00,manual,cfb,5c60d6ce348eae3327bc83534dd7522b,2026-09-26T16:00:00Z,Texas Tech Red Raiders,Sam Houston State Bearkats,draftkings,2026-09-20T19:45:46Z,totals,Under,-102,54.5
2026-09-20T19:46:24+00:00,manual,cfb,5c60d6ce348eae3327bc83534dd7522b,2026-09-26T16:00:00Z,Texas Tech Red Raiders,Sam Houston State Bearkats,betonlineag,2026-09-20T19:45:27Z,spreads,Sam Houston State Bearkats,-110,35.5
2026-09-20T19:46:24+00:00,manual,cfb,5c60d6ce348eae3327bc83534dd7522b,2026-09-26T16:00:00Z,Texas Tech Red Raiders,Sam Houston State Bearkats,betonlineag,2026-09-20T19:45:27Z,spreads,Texas Tech Red Raiders,-110,-35.5
2026-09-20T19:46:24+00:00,manual,cfb,5c60d6ce348eae3327bc83534dd7522b,2026-09-26T16:00:00Z,Texas Tech Red Raiders,Sam Houston State Bearkats,betonlineag,2026-09-20T19:45:27Z,totals,Over,-110,55.0
2026-09-20T19:46:24+00:00,manual,cfb,5c60d6ce348eae3327bc83534dd7522b,2026-09-26T16:00:00Z,Texas Tech Red Raiders,Sam Houston State Bearkats,betonlineag,2026-09-20T19:45:27Z,totals,Under,-110,55.0
2026-09-20T19:46:24+00:00,manual,cfb,5c60d6ce348eae3327bc83534dd7522b,2026-09-26T16:00:00Z,Texas Tech Red Raiders,Sam Houston State Bearkats,lowvig,2026-09-20T19:45:27Z,spreads,Sam Houston State Bearkats,-106,35.5
2026-09-20T19:46:24+00:00,manual,cfb,5c60d6ce348eae3327bc83534dd7522b,2026-09-26T16:00:00Z,Texas Tech Red Raiders,Sam Houston State Bearkats,lowvig,2026-09-20T19:45:27Z,spreads,Texas Tech Red Raiders,-106,-35.5
2026-09-20T19:46:24+00:00,manual,cfb,5c60d6ce348eae3327bc83534dd7522b,2026-09-26T16:00:00Z,Texas Tech Red Raiders,Sam Houston State Bearkats,lowvig,2026-09-20T19:45:27Z,totals,Over,-108,55.0
2026-09-20T19:46:24+00:00,manual,cfb,5c60d6ce348eae3327bc83534dd7522b,2026-09-26T16:00:00Z,Texas Tech Red Raiders,Sam Houston State Bearkats,lowvig,2026-09-20T19:45:27Z,totals,Under,-108,55.0
2026-09-20T19:46:24+00:00,manual,cfb,5c60d6ce348eae3327bc83534dd7522b,2026-09-26T16:00:00Z,Texas Tech Red Raiders,Sam Houston State Bearkats,betmgm,2026-09-20T19:46:05Z,spreads,Sam Houston State Bearkats,-110,36.0
2026-09-20T19:46:24+00:00,manual,cfb,5c60d6ce348eae3327bc83534dd7522b,2026-09-26T16:00:00Z,Texas Tech Red Raiders,Sam Houston State Bearkats,betmgm,2026-09-20T19:46:05Z,spreads,Texas Tech Red Raiders,-108,-36.0
2026-09-20T19:46:24+00:00,manual,cfb,5c60d6ce348eae3327bc83534dd7522b,2026-09-26T16:00:00Z,Texas Tech Red Raiders,Sam Houston State Bearkats,betmgm,2026-09-20T19:46:05Z,totals,Over,-102,55.5
2026-09-20T19:46:24+00:00,manual,cfb,5c60d6ce348eae3327bc83534dd7522b,2026-09-26T16:00:00Z,Texas Tech Red Raiders,Sam Houston State Bearkats,betmgm,2026-09-20T19:46:05Z,totals,Under,-118,55.5
2026-09-20T19:46:24+00:00,manual,cfb,69b1a0ff5fb2c67c6627b5c8cf8368cb,2026-09-26T16:00:00Z,Tennessee Volunteers,Texas Longhorns,draftkings,2026-09-20T19:45:46Z,h2h,Tennessee Volunteers,170,
2026-09-20T19:46:24+00:00,manual,cfb,69b1a0ff5fb2c67c6627b5c8cf8368cb,2026-09-26T16:00:00Z,Tennessee Volunteers,Texas Longhorns,draftkings,2026-09-20T19:45:46Z,h2h,Texas Longhorns,-205,
2026-09-20T19:46:24+00:00,manual,cfb,69b1a0ff5fb2c67c6627b5c8cf8368cb,2026-09-26T16:00:00Z,Tennessee Volunteers,Texas Longhorns,draftkings,2026-09-20T19:45:46Z,spreads,Tennessee Volunteers,-108,4.5
2026-09-20T19:46:24+00:00,manual,cfb,69b1a0ff5fb2c67c6627b5c8cf8368cb,2026-09-26T16:00:00Z,Tennessee Volunteers,Texas Longhorns,draftkings,2026-09-20T19:45:46Z,spreads,Texas Longhorns,-112,-4.5
2026-09-20T19:46:24+00:00,manual,cfb,69b1a0ff5fb2c67c6627b5c8cf8368cb,2026-09-26T16:00:00Z,Tennessee Volunteers,Texas Longhorns,draftkings,2026-09-20T19:45:46Z,totals,Over,-110,55.5
2026-09-20T19:46:24+00:00,manual,cfb,69b1a0ff5fb2c67c6627b5c8cf8368cb,2026-09-26T16:00:00Z,Tennessee Volunteers,Texas Longhorns,draftkings,2026-09-20T19:45:46Z,totals,Under,-110,55.5
2026-09-20T19:46:24+00:00,manual,cfb,69b1a0ff5fb2c67c6627b5c8cf8368cb,2026-09-26T16:00:00Z,Tennessee Volunteers,Texas Longhorns,fanduel,2026-09-20T19:46:06Z,h2h,Tennessee Volunteers,172,
2026-09-20T19:46:24+00:00,manual,cfb,69b1a0ff5fb2c67c6627b5c8cf8368cb,2026-09-26T16:00:00Z,Tennessee Volunteers,Texas Longhorns,fanduel,2026-09-20T19:46:06Z,h2h,Texas Longhorns,-210,
2026-09-20T19:46:24+00:00,manual,cfb,69b1a0ff5fb2c67c6627b5c8cf8368cb,2026-09-26T16:00:00Z,Tennessee Volunteers,Texas Longhorns,fanduel,2026-09-20T19:46:06Z,spreads,Tennessee Volunteers,-110,5.5
2026-09-20T19:46:24+00:00,manual,cfb,69b1a0ff5fb2c67c6627b5c8cf8368cb,2026-09-26T16:00:00Z,Tennessee Volunteers,Texas Longhorns,fanduel,2026-09-20T19:46:06Z,spreads,Texas Longhorns,-110,-5.5
2026-09-20T19:46:24+00:00,manual,cfb,69b1a0ff5fb2c67c6627b5c8cf8368cb,2026-09-26T16:00:00Z,Tennessee Volunteers,Texas Longhorns,fanduel,2026-09-20T19:46:06Z,totals,Over,-115,55.5
2026-09-20T19:46:24+00:00,manual,cfb,69b1a0ff5fb2c67c6627b5c8cf8368cb,2026-09-26T16:00:00Z,Tennessee Volunteers,Texas Longhorns,fanduel,2026-09-20T19:46:06Z,totals,Under,-105,55.5
2026-09-20T19:46:24+00:00,manual,cfb,69b1a0ff5fb2c67c6627b5c8cf8368cb,2026-09-26T16:00:00Z,Tennessee Volunteers,Texas Longhorns,lowvig,2026-09-20T19:45:27Z,spreads,Tennessee Volunteers,-106,5.0
2026-09-20T19:46:24+00:00,manual,cfb,69b1a0ff5fb2c67c6627b5c8cf8368cb,2026-09-26T16:00:00Z,Tennessee Volunteers,Texas Longhorns,lowvig,2026-09-20T19:45:27Z,spreads,Texas Longhorns,-106,-5.0
2026-09-20T19:46:24+00:00,manual,cfb,69b1a0ff5fb2c67c6627b5c8cf8368cb,2026-09-26T16:00:00Z,Tennessee Volunteers,Texas Longhorns,lowvig,2026-09-20T19:45:27Z,totals,Over,-108,56.0
2026-09-20T19:46:24+00:00,manual,cfb,69b1a0ff5fb2c67c6627b5c8cf8368cb,2026-09-26T16:00:00Z,Tennessee Volunteers,Texas Longhorns,lowvig,2026-09-20T19:45:27Z,totals,Under,-108,56.0
2026-09-20T19:46:24+00:00,manual,cfb,69b1a0ff5fb2c67c6627b5c8cf8368cb,2026-09-26T16:00:00Z,Tennessee Volunteers,Texas Longhorns,betonlineag,2026-09-20T19:45:27Z,spreads,Tennessee Volunteers,-110,5.0
2026-09-20T19:46:24+00:00,manual,cfb,69b1a0ff5fb2c67c6627b5c8cf8368cb,2026-09-26T16:00:00Z,Tennessee Volunteers,Texas Longhorns,betonlineag,2026-09-20T19:45:27Z,spreads,Texas Longhorns,-110,-5.0
2026-09-20T19:46:24+00:00,manual,cfb,69b1a0ff5fb2c67c6627b5c8cf8368cb,2026-09-26T16:00:00Z,Tennessee Volunteers,Texas Longhorns,betonlineag,2026-09-20T19:45:27Z,totals,Over,-110,56.0
2026-09-20T19:46:24+00:00,manual,cfb,69b1a0ff5fb2c67c6627b5c8cf8368cb,2026-09-26T16:00:00Z,Tennessee Volunteers,Texas Longhorns,betonlineag,2026-09-20T19:45:27Z,totals,Under,-110,56.0
2026-09-20T19:46:24+00:00,manual,cfb,69b1a0ff5fb2c67c6627b5c8cf8368cb,2026-09-26T16:00:00Z,Tennessee Volunteers,Texas Longhorns,betmgm,2026-09-20T19:46:05Z,h2h,Tennessee Volunteers,170,
2026-09-20T19:46:24+00:00,manual,cfb,69b1a0ff5fb2c67c6627b5c8cf8368cb,2026-09-26T16:00:00Z,Tennessee Volunteers,Texas Longhorns,betmgm,2026-09-20T19:46:05Z,h2h,Texas Longhorns,-210,
2026-09-20T19:46:24+00:00,manual,cfb,69b1a0ff5fb2c67c6627b5c8cf8368cb,2026-09-26T16:00:00Z,Tennessee Volunteers,Texas Longhorns,betmgm,2026-09-20T19:46:05Z,spreads,Tennessee Volunteers,-108,5.0
2026-09-20T19:46:24+00:00,manual,cfb,69b1a0ff5fb2c67c6627b5c8cf8368cb,2026-09-26T16:00:00Z,Tennessee Volunteers,Texas Longhorns,betmgm,2026-09-20T19:46:05Z,spreads,Texas Longhorns,-110,-5.0
2026-09-20T19:46:24+00:00,manual,cfb,69b1a0ff5fb2c67c6627b5c8cf8368cb,2026-09-26T16:00:00Z,Tennessee Volunteers,Texas Longhorns,betmgm,2026-09-20T19:46:05Z,totals,Over,-108,55.5
2026-09-20T19:46:24+00:00,manual,cfb,69b1a0ff5fb2c67c6627b5c8cf8368cb,2026-09-26T16:00:00Z,Tennessee Volunteers,Texas Longhorns,betmgm,2026-09-20T19:46:05Z,totals,Under,-110,55.5
2026-09-20T19:46:24+00:00,manual,cfb,11c5e9c2cf899388abd0dae30ea71db9,2026-09-26T16:45:00Z,Kentucky Wildcats,South Alabama Jaguars,fanduel,2026-09-20T19:46:06Z,h2h,Kentucky Wildcats,-2000,
2026-09-20T19:46:24+00:00,manual,cfb,11c5e9c2cf899388abd0dae30ea71db9,2026-09-26T16:45:00Z,Kentucky Wildcats,South Alabama Jaguars,fanduel,2026-09-20T19:46:06Z,h2h,South Alabama Jaguars,980,
2026-09-20T19:46:24+00:00,manual,cfb,11c5e9c2cf899388abd0dae30ea71db9,2026-09-26T16:45:00Z,Kentucky Wildcats,South Alabama Jaguars,fanduel,2026-09-20T19:46:06Z,spreads,Kentucky Wildcats,100,-21.5
2026-09-20T19:46:24+00:00,manual,cfb,11c5e9c2cf899388abd0dae30ea71db9,2026-09-26T16:45:00Z,Kentucky Wildcats,South Alabama Jaguars,fanduel,2026-09-20T19:46:06Z,spreads,South Alabama Jaguars,-122,21.5
2026-09-20T19:46:24+00:00,manual,cfb,11c5e9c2cf899388abd0dae30ea71db9,2026-09-26T16:45:00Z,Kentucky Wildcats,South Alabama Jaguars,fanduel,2026-09-20T19:46:06Z,totals,Over,-115,54.5
2026-09-20T19:46:24+00:00,manual,cfb,11c5e9c2cf899388abd0dae30ea71db9,2026-09-26T16:45:00Z,Kentucky Wildcats,South Alabama Jaguars,fanduel,2026-09-20T19:46:06Z,totals,Under,-105,54.5
2026-09-20T19:46:24+00:00,manual,cfb,11c5e9c2cf899388abd0dae30ea71db9,2026-09-26T16:45:00Z,Kentucky Wildcats,South Alabama Jaguars,draftkings,2026-09-20T19:45:46Z,h2h,Kentucky Wildcats,-1800,
2026-09-20T19:46:24+00:00,manual,cfb,11c5e9c2cf899388abd0dae30ea71db9,2026-09-26T16:45:00Z,Kentucky Wildcats,South Alabama Jaguars,draftkings,2026-09-20T19:45:46Z,h2h,South Alabama Jaguars,1000,
2026-09-20T19:46:24+00:00,manual,cfb,11c5e9c2cf899388abd0dae30ea71db9,2026-09-26T16:45:00Z,Kentucky Wildcats,South Alabama Jaguars,draftkings,2026-09-20T19:45:46Z,spreads,Kentucky Wildcats,-110,-20.5
2026-09-20T19:46:24+00:00,manual,cfb,11c5e9c2cf899388abd0dae30ea71db9,2026-09-26T16:45:00Z,Kentucky Wildcats,South Alabama Jaguars,draftkings,2026-09-20T19:45:46Z,spreads,South Alabama Jaguars,-110,20.5
2026-09-20T19:46:24+00:00,manual,cfb,11c5e9c2cf899388abd0dae30ea71db9,2026-09-26T16:45:00Z,Kentucky Wildcats,South Alabama Jaguars,draftkings,2026-09-20T19:45:46Z,totals,Over,-110,55.5
2026-09-20T19:46:24+00:00,manual,cfb,11c5e9c2cf899388abd0dae30ea71db9,2026-09-26T16:45:00Z,Kentucky Wildcats,South Alabama Jaguars,draftkings,2026-09-20T19:45:46Z,totals,Under,-110,55.5
2026-09-20T19:46:24+00:00,manual,cfb,11c5e9c2cf899388abd0dae30ea71db9,2026-09-26T16:45:00Z,Kentucky Wildcats,South Alabama Jaguars,lowvig,2026-09-20T19:45:27Z,spreads,Kentucky Wildcats,-111,-20.0
2026-09-20T19:46:24+00:00,manual,cfb,11c5e9c2cf899388abd0dae30ea71db9,2026-09-26T16:45:00Z,Kentucky Wildcats,South Alabama Jaguars,lowvig,2026-09-20T19:45:27Z,spreads,South Alabama Jaguars,-101,20.0
2026-09-20T19:46:24+00:00,manual,cfb,11c5e9c2cf899388abd0dae30ea71db9,2026-09-26T16:45:00Z,Kentucky Wildcats,South Alabama Jaguars,lowvig,2026-09-20T19:45:27Z,totals,Over,-108,54.5
2026-09-20T19:46:24+00:00,manual,cfb,11c5e9c2cf899388abd0dae30ea71db9,2026-09-26T16:45:00Z,Kentucky Wildcats,South Alabama Jaguars,lowvig,2026-09-20T19:45:27Z,totals,Under,-108,54.5
2026-09-20T19:46:24+00:00,manual,cfb,11c5e9c2cf899388abd0dae30ea71db9,2026-09-26T16:45:00Z,Kentucky Wildcats,South Alabama Jaguars,betonlineag,2026-09-20T19:45:27Z,spreads,Kentucky Wildcats,-115,-20.0
2026-09-20T19:46:24+00:00,manual,cfb,11c5e9c2cf899388abd0dae30ea71db9,2026-09-26T16:45:00Z,Kentucky Wildcats,South Alabama Jaguars,betonlineag,2026-09-20T19:45:27Z,spreads,South Alabama Jaguars,-105,20.0
2026-09-20T19:46:24+00:00,manual,cfb,11c5e9c2cf899388abd0dae30ea71db9,2026-09-26T16:45:00Z,Kentucky Wildcats,South Alabama Jaguars,betonlineag,2026-09-20T19:45:27Z,totals,Over,-110,54.5
2026-09-20T19:46:24+00:00,manual,cfb,11c5e9c2cf899388abd0dae30ea71db9,2026-09-26T16:45:00Z,Kentucky Wildcats,South Alabama Jaguars,betonlineag,2026-09-20T19:45:27Z,totals,Under,-110,54.5
2026-09-20T19:46:24+00:00,manual,cfb,11c5e9c2cf899388abd0dae30ea71db9,2026-09-26T16:45:00Z,Kentucky Wildcats,South Alabama Jaguars,betmgm,2026-09-20T19:46:05Z,h2h,Kentucky Wildcats,-1600,
2026-09-20T19:46:24+00:00,manual,cfb,11c5e9c2cf899388abd0dae30ea71db9,2026-09-26T16:45:00Z,Kentucky Wildcats,South Alabama Jaguars,betmgm,2026-09-20T19:46:05Z,h2h,South Alabama Jaguars,1050,
2026-09-20T19:46:24+00:00,manual,cfb,11c5e9c2cf899388abd0dae30ea71db9,2026-09-26T16:45:00Z,Kentucky Wildcats,South Alabama Jaguars,betmgm,2026-09-20T19:46:05Z,spreads,Kentucky Wildcats,-115,-20.5
2026-09-20T19:46:24+00:00,manual,cfb,11c5e9c2cf899388abd0dae30ea71db9,2026-09-26T16:45:00Z,Kentucky Wildcats,South Alabama Jaguars,betmgm,2026-09-20T19:46:05Z,spreads,South Alabama Jaguars,-105,20.5
2026-09-20T19:46:24+00:00,manual,cfb,11c5e9c2cf899388abd0dae30ea71db9,2026-09-26T16:45:00Z,Kentucky Wildcats,South Alabama Jaguars,betmgm,2026-09-20T19:46:05Z,totals,Over,-118,54.5
2026-09-20T19:46:24+00:00,manual,cfb,11c5e9c2cf899388abd0dae30ea71db9,2026-09-26T16:45:00Z,Kentucky Wildcats,South Alabama Jaguars,betmgm,2026-09-20T19:46:05Z,totals,Under,-102,54.5
2026-09-20T19:46:24+00:00,manual,cfb,c48f042c91328d4d0c6351fc82286879,2026-09-26T17:30:00Z,Maryland Terrapins,UCLA Bruins,draftkings,2026-09-20T19:45:46Z,h2h,Maryland Terrapins,110,
2026-09-20T19:46:24+00:00,manual,cfb,c48f042c91328d4d0c6351fc82286879,2026-09-26T17:30:00Z,Maryland Terrapins,UCLA Bruins,draftkings,2026-09-20T19:45:46Z,h2h,UCLA Bruins,-130,
2026-09-20T19:46:24+00:00,manual,cfb,c48f042c91328d4d0c6351fc82286879,2026-09-26T17:30:00Z,Maryland Terrapins,UCLA Bruins,draftkings,2026-09-20T19:45:46Z,spreads,Maryland Terrapins,-112,2.5
2026-09-20T19:46:24+00:00,manual,cfb,c48f042c91328d4d0c6351fc82286879,2026-09-26T17:30:00Z,Maryland Terrapins,UCLA Bruins,draftkings,2026-09-20T19:45:46Z,spreads,UCLA Bruins,-108,-2.5
2026-09-20T19:46:24+00:00,manual,cfb,c48f042c91328d4d0c6351fc82286879,2026-09-26T17:30:00Z,Maryland Terrapins,UCLA Bruins,draftkings,2026-09-20T19:45:46Z,totals,Over,-108,58.5
2026-09-20T19:46:24+00:00,manual,cfb,c48f042c91328d4d0c6351fc82286879,2026-09-26T17:30:00Z,Maryland Terrapins,UCLA Bruins,draftkings,2026-09-20T19:45:46Z,totals,Under,-112,58.5
2026-09-20T19:46:24+00:00,manual,cfb,c48f042c91328d4d0c6351fc82286879,2026-09-26T17:30:00Z,Maryland Terrapins,UCLA Bruins,fanduel,2026-09-20T19:46:06Z,h2h,Maryland Terrapins,104,
2026-09-20T19:46:24+00:00,manual,cfb,c48f042c91328d4d0c6351fc82286879,2026-09-26T17:30:00Z,Maryland Terrapins,UCLA Bruins,fanduel,2026-09-20T19:46:06Z,h2h,UCLA Bruins,-125,
2026-09-20T19:46:24+00:00,manual,cfb,c48f042c91328d4d0c6351fc82286879,2026-09-26T17:30:00Z,Maryland Terrapins,UCLA Bruins,fanduel,2026-09-20T19:46:06Z,spreads,Maryland Terrapins,-105,1.5
2026-09-20T19:46:24+00:00,manual,cfb,c48f042c91328d4d0c6351fc82286879,2026-09-26T17:30:00Z,Maryland Terrapins,UCLA Bruins,fanduel,2026-09-20T19:46:06Z,spreads,UCLA Bruins,-115,-1.5
2026-09-20T19:46:24+00:00,manual,cfb,c48f042c91328d4d0c6351fc82286879,2026-09-26T17:30:00Z,Maryland Terrapins,UCLA Bruins,fanduel,2026-09-20T19:46:06Z,totals,Over,-110,58.5
2026-09-20T19:46:24+00:00,manual,cfb,c48f042c91328d4d0c6351fc82286879,2026-09-26T17:30:00Z,Maryland Terrapins,UCLA Bruins,fanduel,2026-09-20T19:46:06Z,totals,Under,-110,58.5
2026-09-20T19:46:24+00:00,manual,cfb,c48f042c91328d4d0c6351fc82286879,2026-09-26T17:30:00Z,Maryland Terrapins,UCLA Bruins,betonlineag,2026-09-20T19:45:27Z,spreads,Maryland Terrapins,-115,2.5
2026-09-20T19:46:24+00:00,manual,cfb,c48f042c91328d4d0c6351fc82286879,2026-09-26T17:30:00Z,Maryland Terrapins,UCLA Bruins,betonlineag,2026-09-20T19:45:27Z,spreads,UCLA Bruins,-105,-2.5
2026-09-20T19:46:24+00:00,manual,cfb,c48f042c91328d4d0c6351fc82286879,2026-09-26T17:30:00Z,Maryland Terrapins,UCLA Bruins,betonlineag,2026-09-20T19:45:27Z,totals,Over,-110,58.0
2026-09-20T19:46:24+00:00,manual,cfb,c48f042c91328d4d0c6351fc82286879,2026-09-26T17:30:00Z,Maryland Terrapins,UCLA Bruins,betonlineag,2026-09-20T19:45:27Z,totals,Under,-110,58.0
2026-09-20T19:46:24+00:00,manual,cfb,c48f042c91328d4d0c6351fc82286879,2026-09-26T17:30:00Z,Maryland Terrapins,UCLA Bruins,lowvig,2026-09-20T19:45:27Z,spreads,Maryland Terrapins,-111,2.5
2026-09-20T19:46:24+00:00,manual,cfb,c48f042c91328d4d0c6351fc82286879,2026-09-26T17:30:00Z,Maryland Terrapins,UCLA Bruins,lowvig,2026-09-20T19:45:27Z,spreads,UCLA Bruins,-101,-2.5
2026-09-20T19:46:24+00:00,manual,cfb,c48f042c91328d4d0c6351fc82286879,2026-09-26T17:30:00Z,Maryland Terrapins,UCLA Bruins,lowvig,2026-09-20T19:45:27Z,totals,Over,-108,58.0
2026-09-20T19:46:24+00:00,manual,cfb,c48f042c91328d4d0c6351fc82286879,2026-09-26T17:30:00Z,Maryland Terrapins,UCLA Bruins,lowvig,2026-09-20T19:45:27Z,totals,Under,-108,58.0
2026-09-20T19:46:24+00:00,manual,cfb,c48f042c91328d4d0c6351fc82286879,2026-09-26T17:30:00Z,Maryland Terrapins,UCLA Bruins,betmgm,2026-09-20T19:46:05Z,h2h,Maryland Terrapins,105,
2026-09-20T19:46:24+00:00,manual,cfb,c48f042c91328d4d0c6351fc82286879,2026-09-26T17:30:00Z,Maryland Terrapins,UCLA Bruins,betmgm,2026-09-20T19:46:05Z,h2h,UCLA Bruins,-130,
2026-09-20T19:46:24+00:00,manual,cfb,c48f042c91328d4d0c6351fc82286879,2026-09-26T17:30:00Z,Maryland Terrapins,UCLA Bruins,betmgm,2026-09-20T19:46:05Z,spreads,Maryland Terrapins,-110,2.0
2026-09-20T19:46:24+00:00,manual,cfb,c48f042c91328d4d0c6351fc82286879,2026-09-26T17:30:00Z,Maryland Terrapins,UCLA Bruins,betmgm,2026-09-20T19:46:05Z,spreads,UCLA Bruins,-108,-2.0
2026-09-20T19:46:24+00:00,manual,cfb,c48f042c91328d4d0c6351fc82286879,2026-09-26T17:30:00Z,Maryland Terrapins,UCLA Bruins,betmgm,2026-09-20T19:46:05Z,totals,Over,-108,58.5
2026-09-20T19:46:24+00:00,manual,cfb,c48f042c91328d4d0c6351fc82286879,2026-09-26T17:30:00Z,Maryland Terrapins,UCLA Bruins,betmgm,2026-09-20T19:46:05Z,totals,Under,-110,58.5
2026-09-20T19:46:24+00:00,manual,cfb,24fb2d1fd0598bde048322b6463e0c78,2026-09-26T18:00:00Z,Georgia State Panthers,Northern Illinois Huskies,fanduel,2026-09-20T19:46:06Z,h2h,Georgia State Panthers,-420,
2026-09-20T19:46:24+00:00,manual,cfb,24fb2d1fd0598bde048322b6463e0c78,2026-09-26T18:00:00Z,Georgia State Panthers,Northern Illinois Huskies,fanduel,2026-09-20T19:46:06Z,h2h,Northern Illinois Huskies,320,
2026-09-20T19:46:24+00:00,manual,cfb,24fb2d1fd0598bde048322b6463e0c78,2026-09-26T18:00:00Z,Georgia State Panthers,Northern Illinois Huskies,fanduel,2026-09-20T19:46:06Z,spreads,Georgia State Panthers,-115,-9.5
2026-09-20T19:46:24+00:00,manual,cfb,24fb2d1fd0598bde048322b6463e0c78,2026-09-26T18:00:00Z,Georgia State Panthers,Northern Illinois Huskies,fanduel,2026-09-20T19:46:06Z,spreads,Northern Illinois Huskies,-105,9.5
2026-09-20T19:46:24+00:00,manual,cfb,24fb2d1fd0598bde048322b6463e0c78,2026-09-26T18:00:00Z,Georgia State Panthers,Northern Illinois Huskies,fanduel,2026-09-20T19:46:06Z,totals,Over,-110,55.5
2026-09-20T19:46:24+00:00,manual,cfb,24fb2d1fd0598bde048322b6463e0c78,2026-09-26T18:00:00Z,Georgia State Panthers,Northern Illinois Huskies,fanduel,2026-09-20T19:46:06Z,totals,Under,-110,55.5
2026-09-20T19:46:24+00:00,manual,cfb,24fb2d1fd0598bde048322b6463e0c78,2026-09-26T18:00:00Z,Georgia State Panthers,Northern Illinois Huskies,draftkings,2026-09-20T19:45:46Z,h2h,Georgia State Panthers,-410,
2026-09-20T19:46:24+00:00,manual,cfb,24fb2d1fd0598bde048322b6463e0c78,2026-09-26T18:00:00Z,Georgia State Panthers,Northern Illinois Huskies,draftkings,2026-09-20T19:45:46Z,h2h,Northern Illinois Huskies,320,
2026-09-20T19:46:24+00:00,manual,cfb,24fb2d1fd0598bde048322b6463e0c78,2026-09-26T18:00:00Z,Georgia State Panthers,Northern Illinois Huskies,draftkings,2026-09-20T19:45:46Z,spreads,Georgia State Panthers,-110,-9.5
2026-09-20T19:46:24+00:00,manual,cfb,24fb2d1fd0598bde048322b6463e0c78,2026-09-26T18:00:00Z,Georgia State Panthers,Northern Illinois Huskies,draftkings,2026-09-20T19:45:46Z,spreads,Northern Illinois Huskies,-110,9.5
2026-09-20T19:46:24+00:00,manual,cfb,24fb2d1fd0598bde048322b6463e0c78,2026-09-26T18:00:00Z,Georgia State Panthers,Northern Illinois Huskies,draftkings,2026-09-20T19:45:46Z,totals,Over,-110,54.5
2026-09-20T19:46:24+00:00,manual,cfb,24fb2d1fd0598bde048322b6463e0c78,2026-09-26T18:00:00Z,Georgia State Panthers,Northern Illinois Huskies,draftkings,2026-09-20T19:45:46Z,totals,Under,-110,54.5
2026-09-20T19:46:24+00:00,manual,cfb,24fb2d1fd0598bde048322b6463e0c78,2026-09-26T18:00:00Z,Georgia State Panthers,Northern Illinois Huskies,lowvig,2026-09-20T19:45:27Z,spreads,Georgia State Panthers,-106,-9.5
2026-09-20T19:46:24+00:00,manual,cfb,24fb2d1fd0598bde048322b6463e0c78,2026-09-26T18:00:00Z,Georgia State Panthers,Northern Illinois Huskies,lowvig,2026-09-20T19:45:27Z,spreads,Northern Illinois Huskies,-106,9.5
2026-09-20T19:46:24+00:00,manual,cfb,24fb2d1fd0598bde048322b6463e0c78,2026-09-26T18:00:00Z,Georgia State Panthers,Northern Illinois Huskies,lowvig,2026-09-20T19:45:27Z,totals,Over,-108,55.0
2026-09-20T19:46:24+00:00,manual,cfb,24fb2d1fd0598bde048322b6463e0c78,2026-09-26T18:00:00Z,Georgia State Panthers,Northern Illinois Huskies,lowvig,2026-09-20T19:45:27Z,totals,Under,-108,55.0
2026-09-20T19:46:24+00:00,manual,cfb,24fb2d1fd0598bde048322b6463e0c78,2026-09-26T18:00:00Z,Georgia State Panthers,Northern Illinois Huskies,betonlineag,2026-09-20T19:45:27Z,spreads,Georgia State Panthers,-110,-9.5
2026-09-20T19:46:24+00:00,manual,cfb,24fb2d1fd0598bde048322b6463e0c78,2026-09-26T18:00:00Z,Georgia State Panthers,Northern Illinois Huskies,betonlineag,2026-09-20T19:45:27Z,spreads,Northern Illinois Huskies,-110,9.5
2026-09-20T19:46:24+00:00,manual,cfb,24fb2d1fd0598bde048322b6463e0c78,2026-09-26T18:00:00Z,Georgia State Panthers,Northern Illinois Huskies,betonlineag,2026-09-20T19:45:27Z,totals,Over,-110,55.0
2026-09-20T19:46:24+00:00,manual,cfb,24fb2d1fd0598bde048322b6463e0c78,2026-09-26T18:00:00Z,Georgia State Panthers,Northern Illinois Huskies,betonlineag,2026-09-20T19:45:27Z,totals,Under,-110,55.0
2026-09-20T19:46:24+00:00,manual,cfb,24fb2d1fd0598bde048322b6463e0c78,2026-09-26T18:00:00Z,Georgia State Panthers,Northern Illinois Huskies,betmgm,2026-09-20T19:46:05Z,h2h,Georgia State Panthers,-425,
2026-09-20T19:46:24+00:00,manual,cfb,24fb2d1fd0598bde048322b6463e0c78,2026-09-26T18:00:00Z,Georgia State Panthers,Northern Illinois Huskies,betmgm,2026-09-20T19:46:05Z,h2h,Northern Illinois Huskies,333,
2026-09-20T19:46:24+00:00,manual,cfb,24fb2d1fd0598bde048322b6463e0c78,2026-09-26T18:00:00Z,Georgia State Panthers,Northern Illinois Huskies,betmgm,2026-09-20T19:46:05Z,spreads,Georgia State Panthers,-110,-9.5
2026-09-20T19:46:24+00:00,manual,cfb,24fb2d1fd0598bde048322b6463e0c78,2026-09-26T18:00:00Z,Georgia State Panthers,Northern Illinois Huskies,betmgm,2026-09-20T19:46:05Z,spreads,Northern Illinois Huskies,-108,9.5
2026-09-20T19:46:24+00:00,manual,cfb,24fb2d1fd0598bde048322b6463e0c78,2026-09-26T18:00:00Z,Georgia State Panthers,Northern Illinois Huskies,betmgm,2026-09-20T19:46:05Z,totals,Over,-118,54.5
2026-09-20T19:46:24+00:00,manual,cfb,24fb2d1fd0598bde048322b6463e0c78,2026-09-26T18:00:00Z,Georgia State Panthers,Northern Illinois Huskies,betmgm,2026-09-20T19:46:05Z,totals,Under,-102,54.5
2026-09-20T19:46:24+00:00,manual,cfb,bf2cffa30d89eb2ce1b4d0f91561f66d,2026-09-26T18:00:00Z,Purdue Boilermakers,Notre Dame Fighting Irish,fanduel,2026-09-20T19:46:06Z,h2h,Notre Dame Fighting Irish,-4500,
2026-09-20T19:46:24+00:00,manual,cfb,bf2cffa30d89eb2ce1b4d0f91561f66d,2026-09-26T18:00:00Z,Purdue Boilermakers,Notre Dame Fighting Irish,fanduel,2026-09-20T19:46:06Z,h2h,Purdue Boilermakers,1600,
2026-09-20T19:46:24+00:00,manual,cfb,bf2cffa30d89eb2ce1b4d0f91561f66d,2026-09-26T18:00:00Z,Purdue Boilermakers,Notre Dame Fighting Irish,fanduel,2026-09-20T19:46:06Z,spreads,Notre Dame Fighting Irish,-114,-27.5
2026-09-20T19:46:24+00:00,manual,cfb,bf2cffa30d89eb2ce1b4d0f91561f66d,2026-09-26T18:00:00Z,Purdue Boilermakers,Notre Dame Fighting Irish,fanduel,2026-09-20T19:46:06Z,spreads,Purdue Boilermakers,-106,27.5
2026-09-20T19:46:24+00:00,manual,cfb,bf2cffa30d89eb2ce1b4d0f91561f66d,2026-09-26T18:00:00Z,Purdue Boilermakers,Notre Dame Fighting Irish,fanduel,2026-09-20T19:46:06Z,totals,Over,-110,57.5
2026-09-20T19:46:24+00:00,manual,cfb,bf2cffa30d89eb2ce1b4d0f91561f66d,2026-09-26T18:00:00Z,Purdue Boilermakers,Notre Dame Fighting Irish,fanduel,2026-09-20T19:46:06Z,totals,Under,-110,57.5
2026-09-20T19:46:24+00:00,manual,cfb,bf2cffa30d89eb2ce1b4d0f91561f66d,2026-09-26T18:00:00Z,Purdue Boilermakers,Notre Dame Fighting Irish,draftkings,2026-09-20T19:45:46Z,h2h,Notre Dame Fighting Irish,-4500,
2026-09-20T19:46:24+00:00,manual,cfb,bf2cffa30d89eb2ce1b4d0f91561f66d,2026-09-26T18:00:00Z,Purdue Boilermakers,Notre Dame Fighting Irish,draftkings,2026-09-20T19:45:46Z,h2h,Purdue Boilermakers,1700,
2026-09-20T19:46:24+00:00,manual,cfb,bf2cffa30d89eb2ce1b4d0f91561f66d,2026-09-26T18:00:00Z,Purdue Boilermakers,Notre Dame Fighting Irish,draftkings,2026-09-20T19:45:46Z,spreads,Notre Dame Fighting Irish,-108,-27.5
2026-09-20T19:46:24+00:00,manual,cfb,bf2cffa30d89eb2ce1b4d0f91561f66d,2026-09-26T18:00:00Z,Purdue Boilermakers,Notre Dame Fighting Irish,draftkings,2026-09-20T19:45:46Z,spreads,Purdue Boilermakers,-112,27.5
2026-09-20T19:46:24+00:00,manual,cfb,bf2cffa30d89eb2ce1b4d0f91561f66d,2026-09-26T18:00:00Z,Purdue Boilermakers,Notre Dame Fighting Irish,draftkings,2026-09-20T19:45:46Z,totals,Over,-108,57.5
2026-09-20T19:46:24+00:00,manual,cfb,bf2cffa30d89eb2ce1b4d0f91561f66d,2026-09-26T18:00:00Z,Purdue Boilermakers,Notre Dame Fighting Irish,draftkings,2026-09-20T19:45:46Z,totals,Under,-112,57.5
2026-09-20T19:46:24+00:00,manual,cfb,bf2cffa30d89eb2ce1b4d0f91561f66d,2026-09-26T18:00:00Z,Purdue Boilermakers,Notre Dame Fighting Irish,betonlineag,2026-09-20T19:45:27Z,spreads,Notre Dame Fighting Irish,-107,-27.5
2026-09-20T19:46:24+00:00,manual,cfb,bf2cffa30d89eb2ce1b4d0f91561f66d,2026-09-26T18:00:00Z,Purdue Boilermakers,Notre Dame Fighting Irish,betonlineag,2026-09-20T19:45:27Z,spreads,Purdue Boilermakers,-113,27.5
2026-09-20T19:46:24+00:00,manual,cfb,bf2cffa30d89eb2ce1b4d0f91561f66d,2026-09-26T18:00:00Z,Purdue Boilermakers,Notre Dame Fighting Irish,betonlineag,2026-09-20T19:45:27Z,totals,Over,-110,57.5
2026-09-20T19:46:24+00:00,manual,cfb,bf2cffa30d89eb2ce1b4d0f91561f66d,2026-09-26T18:00:00Z,Purdue Boilermakers,Notre Dame Fighting Irish,betonlineag,2026-09-20T19:45:27Z,totals,Under,-110,57.5
2026-09-20T19:46:24+00:00,manual,cfb,bf2cffa30d89eb2ce1b4d0f91561f66d,2026-09-26T18:00:00Z,Purdue Boilermakers,Notre Dame Fighting Irish,lowvig,2026-09-20T19:45:27Z,spreads,Notre Dame Fighting Irish,-103,-27.5
2026-09-20T19:46:24+00:00,manual,cfb,bf2cffa30d89eb2ce1b4d0f91561f66d,2026-09-26T18:00:00Z,Purdue Boilermakers,Notre Dame Fighting Irish,lowvig,2026-09-20T19:45:27Z,spreads,Purdue Boilermakers,-109,27.5
2026-09-20T19:46:24+00:00,manual,cfb,bf2cffa30d89eb2ce1b4d0f91561f66d,2026-09-26T18:00:00Z,Purdue Boilermakers,Notre Dame Fighting Irish,lowvig,2026-09-20T19:45:27Z,totals,Over,-108,57.5
2026-09-20T19:46:24+00:00,manual,cfb,bf2cffa30d89eb2ce1b4d0f91561f66d,2026-09-26T18:00:00Z,Purdue Boilermakers,Notre Dame Fighting Irish,lowvig,2026-09-20T19:45:27Z,totals,Under,-108,57.5
2026-09-20T19:46:24+00:00,manual,cfb,bf2cffa30d89eb2ce1b4d0f91561f66d,2026-09-26T18:00:00Z,Purdue Boilermakers,Notre Dame Fighting Irish,betmgm,2026-09-20T19:46:05Z,h2h,Notre Dame Fighting Irish,-5000,
2026-09-20T19:46:24+00:00,manual,cfb,bf2cffa30d89eb2ce1b4d0f91561f66d,2026-09-26T18:00:00Z,Purdue Boilermakers,Notre Dame Fighting Irish,betmgm,2026-09-20T19:46:05Z,h2h,Purdue Boilermakers,1900,
2026-09-20T19:46:24+00:00,manual,cfb,bf2cffa30d89eb2ce1b4d0f91561f66d,2026-09-26T18:00:00Z,Purdue Boilermakers,Notre Dame Fighting Irish,betmgm,2026-09-20T19:46:05Z,spreads,Notre Dame Fighting Irish,-108,-27.5
2026-09-20T19:46:24+00:00,manual,cfb,bf2cffa30d89eb2ce1b4d0f91561f66d,2026-09-26T18:00:00Z,Purdue Boilermakers,Notre Dame Fighting Irish,betmgm,2026-09-20T19:46:05Z,spreads,Purdue Boilermakers,-110,27.5
2026-09-20T19:46:24+00:00,manual,cfb,bf2cffa30d89eb2ce1b4d0f91561f66d,2026-09-26T18:00:00Z,Purdue Boilermakers,Notre Dame Fighting Irish,betmgm,2026-09-20T19:46:05Z,totals,Over,-108,57.5
2026-09-20T19:46:24+00:00,manual,cfb,bf2cffa30d89eb2ce1b4d0f91561f66d,2026-09-26T18:00:00Z,Purdue Boilermakers,Notre Dame Fighting Irish,betmgm,2026-09-20T19:46:05Z,totals,Under,-110,57.5
2026-09-20T19:46:24+00:00,manual,cfb,fc7c77e060e8ba29a61de994be1497c0,2026-09-26T19:00:00Z,Wyoming Cowboys,Hawaii Rainbow Warriors,fanduel,2026-09-20T19:46:06Z,h2h,Hawaii Rainbow Warriors,-192,
2026-09-20T19:46:24+00:00,manual,cfb,fc7c77e060e8ba29a61de994be1497c0,2026-09-26T19:00:00Z,Wyoming Cowboys,Hawaii Rainbow Warriors,fanduel,2026-09-20T19:46:06Z,h2h,Wyoming Cowboys,158,
2026-09-20T19:46:24+00:00,manual,cfb,fc7c77e060e8ba29a61de994be1497c0,2026-09-26T19:00:00Z,Wyoming Cowboys,Hawaii Rainbow Warriors,fanduel,2026-09-20T19:46:06Z,spreads,Hawaii Rainbow Warriors,-110,-4.5
2026-09-20T19:46:24+00:00,manual,cfb,fc7c77e060e8ba29a61de994be1497c0,2026-09-26T19:00:00Z,Wyoming Cowboys,Hawaii Rainbow Warriors,fanduel,2026-09-20T19:46:06Z,spreads,Wyoming Cowboys,-110,4.5
2026-09-20T19:46:24+00:00,manual,cfb,fc7c77e060e8ba29a61de994be1497c0,2026-09-26T19:00:00Z,Wyoming Cowboys,Hawaii Rainbow Warriors,fanduel,2026-09-20T19:46:06Z,totals,Over,-110,45.5
2026-09-20T19:46:24+00:00,manual,cfb,fc7c77e060e8ba29a61de994be1497c0,2026-09-26T19:00:00Z,Wyoming Cowboys,Hawaii Rainbow Warriors,fanduel,2026-09-20T19:46:06Z,totals,Under,-110,45.5
2026-09-20T19:46:24+00:00,manual,cfb,fc7c77e060e8ba29a61de994be1497c0,2026-09-26T19:00:00Z,Wyoming Cowboys,Hawaii Rainbow Warriors,draftkings,2026-09-20T19:45:46Z,h2h,Hawaii Rainbow Warriors,-198,
2026-09-20T19:46:24+00:00,manual,cfb,fc7c77e060e8ba29a61de994be1497c0,2026-09-26T19:00:00Z,Wyoming Cowboys,Hawaii Rainbow Warriors,draftkings,2026-09-20T19:45:46Z,h2h,Wyoming Cowboys,164,
2026-09-20T19:46:24+00:00,manual,cfb,fc7c77e060e8ba29a61de994be1497c0,2026-09-26T19:00:00Z,Wyoming Cowboys,Hawaii Rainbow Warriors,draftkings,2026-09-20T19:45:46Z,spreads,Hawaii Rainbow Warriors,-112,-4.0
2026-09-20T19:46:24+00:00,manual,cfb,fc7c77e060e8ba29a61de994be1497c0,2026-09-26T19:00:00Z,Wyoming Cowboys,Hawaii Rainbow Warriors,draftkings,2026-09-20T19:45:46Z,spreads,Wyoming Cowboys,-108,4.0
2026-09-20T19:46:24+00:00,manual,cfb,fc7c77e060e8ba29a61de994be1497c0,2026-09-26T19:00:00Z,Wyoming Cowboys,Hawaii Rainbow Warriors,draftkings,2026-09-20T19:45:46Z,totals,Over,-105,45.5
2026-09-20T19:46:24+00:00,manual,cfb,fc7c77e060e8ba29a61de994be1497c0,2026-09-26T19:00:00Z,Wyoming Cowboys,Hawaii Rainbow Warriors,draftkings,2026-09-20T19:45:46Z,totals,Under,-115,45.5
2026-09-20T19:46:24+00:00,manual,cfb,fc7c77e060e8ba29a61de994be1497c0,2026-09-26T19:00:00Z,Wyoming Cowboys,Hawaii Rainbow Warriors,betonlineag,2026-09-20T19:45:27Z,spreads,Hawaii Rainbow Warriors,-110,-4.0
2026-09-20T19:46:24+00:00,manual,cfb,fc7c77e060e8ba29a61de994be1497c0,2026-09-26T19:00:00Z,Wyoming Cowboys,Hawaii Rainbow Warriors,betonlineag,2026-09-20T19:45:27Z,spreads,Wyoming Cowboys,-110,4.0
2026-09-20T19:46:24+00:00,manual,cfb,fc7c77e060e8ba29a61de994be1497c0,2026-09-26T19:00:00Z,Wyoming Cowboys,Hawaii Rainbow Warriors,betonlineag,2026-09-20T19:45:27Z,totals,Over,-110,45.0
2026-09-20T19:46:24+00:00,manual,cfb,fc7c77e060e8ba29a61de994be1497c0,2026-09-26T19:00:00Z,Wyoming Cowboys,Hawaii Rainbow Warriors,betonlineag,2026-09-20T19:45:27Z,totals,Under,-110,45.0
2026-09-20T19:46:24+00:00,manual,cfb,fc7c77e060e8ba29a61de994be1497c0,2026-09-26T19:00:00Z,Wyoming Cowboys,Hawaii Rainbow Warriors,lowvig,2026-09-20T19:45:27Z,spreads,Hawaii Rainbow Warriors,-106,-4.0
2026-09-20T19:46:24+00:00,manual,cfb,fc7c77e060e8ba29a61de994be1497c0,2026-09-26T19:00:00Z,Wyoming Cowboys,Hawaii Rainbow Warriors,lowvig,2026-09-20T19:45:27Z,spreads,Wyoming Cowboys,-106,4.0
2026-09-20T19:46:24+00:00,manual,cfb,fc7c77e060e8ba29a61de994be1497c0,2026-09-26T19:00:00Z,Wyoming Cowboys,Hawaii Rainbow Warriors,lowvig,2026-09-20T19:45:27Z,totals,Over,-108,45.0
2026-09-20T19:46:24+00:00,manual,cfb,fc7c77e060e8ba29a61de994be1497c0,2026-09-26T19:00:00Z,Wyoming Cowboys,Hawaii Rainbow Warriors,lowvig,2026-09-20T19:45:27Z,totals,Under,-108,45.0
2026-09-20T19:46:24+00:00,manual,cfb,fc7c77e060e8ba29a61de994be1497c0,2026-09-26T19:00:00Z,Wyoming Cowboys,Hawaii Rainbow Warriors,betmgm,2026-09-20T19:46:05Z,h2h,Hawaii Rainbow Warriors,-190,
2026-09-20T19:46:24+00:00,manual,cfb,fc7c77e060e8ba29a61de994be1497c0,2026-09-26T19:00:00Z,Wyoming Cowboys,Hawaii Rainbow Warriors,betmgm,2026-09-20T19:46:05Z,h2h,Wyoming Cowboys,160,
2026-09-20T19:46:24+00:00,manual,cfb,fc7c77e060e8ba29a61de994be1497c0,2026-09-26T19:00:00Z,Wyoming Cowboys,Hawaii Rainbow Warriors,betmgm,2026-09-20T19:46:05Z,spreads,Hawaii Rainbow Warriors,-110,-4.0
2026-09-20T19:46:24+00:00,manual,cfb,fc7c77e060e8ba29a61de994be1497c0,2026-09-26T19:00:00Z,Wyoming Cowboys,Hawaii Rainbow Warriors,betmgm,2026-09-20T19:46:05Z,spreads,Wyoming Cowboys,-108,4.0
2026-09-20T19:46:24+00:00,manual,cfb,fc7c77e060e8ba29a61de994be1497c0,2026-09-26T19:00:00Z,Wyoming Cowboys,Hawaii Rainbow Warriors,betmgm,2026-09-20T19:46:05Z,totals,Over,-105,45.5
2026-09-20T19:46:24+00:00,manual,cfb,fc7c77e060e8ba29a61de994be1497c0,2026-09-26T19:00:00Z,Wyoming Cowboys,Hawaii Rainbow Warriors,betmgm,2026-09-20T19:46:05Z,totals,Under,-115,45.5
2026-09-20T19:46:24+00:00,manual,cfb,11ea90adf014a268d12caa9978b05bd8,2026-09-26T19:30:00Z,Akron Zips,UNLV Rebels,fanduel,2026-09-20T19:46:06Z,h2h,Akron Zips,500,
2026-09-20T19:46:24+00:00,manual,cfb,11ea90adf014a268d12caa9978b05bd8,2026-09-26T19:30:00Z,Akron Zips,UNLV Rebels,fanduel,2026-09-20T19:46:06Z,h2h,UNLV Rebels,-720,
2026-09-20T19:46:24+00:00,manual,cfb,11ea90adf014a268d12caa9978b05bd8,2026-09-26T19:30:00Z,Akron Zips,UNLV Rebels,fanduel,2026-09-20T19:46:06Z,spreads,Akron Zips,-118,14.5
2026-09-20T19:46:24+00:00,manual,cfb,11ea90adf014a268d12caa9978b05bd8,2026-09-26T19:30:00Z,Akron Zips,UNLV Rebels,fanduel,2026-09-20T19:46:06Z,spreads,UNLV Rebels,-104,-14.5
2026-09-20T19:46:24+00:00,manual,cfb,11ea90adf014a268d12caa9978b05bd8,2026-09-26T19:30:00Z,Akron Zips,UNLV Rebels,fanduel,2026-09-20T19:46:06Z,totals,Over,-110,49.5
2026-09-20T19:46:24+00:00,manual,cfb,11ea90adf014a268d12caa9978b05bd8,2026-09-26T19:30:00Z,Akron Zips,UNLV Rebels,fanduel,2026-09-20T19:46:06Z,totals,Under,-110,49.5
2026-09-20T19:46:24+00:00,manual,cfb,11ea90adf014a268d12caa9978b05bd8,2026-09-26T19:30:00Z,Akron Zips,UNLV Rebels,draftkings,2026-09-20T19:45:46Z,h2h,Akron Zips,470,
2026-09-20T19:46:24+00:00,manual,cfb,11ea90adf014a268d12caa9978b05bd8,2026-09-26T19:30:00Z,Akron Zips,UNLV Rebels,draftkings,2026-09-20T19:45:46Z,h2h,UNLV Rebels,-650,
2026-09-20T19:46:24+00:00,manual,cfb,11ea90adf014a268d12caa9978b05bd8,2026-09-26T19:30:00Z,Akron Zips,UNLV Rebels,draftkings,2026-09-20T19:45:46Z,spreads,Akron Zips,-108,14.0
2026-09-20T19:46:24+00:00,manual,cfb,11ea90adf014a268d12caa9978b05bd8,2026-09-26T19:30:00Z,Akron Zips,UNLV Rebels,draftkings,2026-09-20T19:45:46Z,spreads,UNLV Rebels,-112,-14.0
2026-09-20T19:46:24+00:00,manual,cfb,11ea90adf014a268d12caa9978b05bd8,2026-09-26T19:30:00Z,Akron Zips,UNLV Rebels,draftkings,2026-09-20T19:45:46Z,totals,Over,-110,49.5
2026-09-20T19:46:24+00:00,manual,cfb,11ea90adf014a268d12caa9978b05bd8,2026-09-26T19:30:00Z,Akron Zips,UNLV Rebels,draftkings,2026-09-20T19:45:46Z,totals,Under,-110,49.5
2026-09-20T19:46:24+00:00,manual,cfb,11ea90adf014a268d12caa9978b05bd8,2026-09-26T19:30:00Z,Akron Zips,UNLV Rebels,lowvig,2026-09-20T19:45:27Z,spreads,Akron Zips,-106,14.0
2026-09-20T19:46:24+00:00,manual,cfb,11ea90adf014a268d12caa9978b05bd8,2026-09-26T19:30:00Z,Akron Zips,UNLV Rebels,lowvig,2026-09-20T19:45:27Z,spreads,UNLV Rebels,-106,-14.0
2026-09-20T19:46:24+00:00,manual,cfb,11ea90adf014a268d12caa9978b05bd8,2026-09-26T19:30:00Z,Akron Zips,UNLV Rebels,lowvig,2026-09-20T19:45:27Z,totals,Over,-108,49.5
2026-09-20T19:46:24+00:00,manual,cfb,11ea90adf014a268d12caa9978b05bd8,2026-09-26T19:30:00Z,Akron Zips,UNLV Rebels,lowvig,2026-09-20T19:45:27Z,totals,Under,-108,49.5
2026-09-20T19:46:24+00:00,manual,cfb,11ea90adf014a268d12caa9978b05bd8,2026-09-26T19:30:00Z,Akron Zips,UNLV Rebels,betonlineag,2026-09-20T19:45:27Z,spreads,Akron Zips,-110,14.0
2026-09-20T19:46:24+00:00,manual,cfb,11ea90adf014a268d12caa9978b05bd8,2026-09-26T19:30:00Z,Akron Zips,UNLV Rebels,betonlineag,2026-09-20T19:45:27Z,spreads,UNLV Rebels,-110,-14.0
2026-09-20T19:46:24+00:00,manual,cfb,11ea90adf014a268d12caa9978b05bd8,2026-09-26T19:30:00Z,Akron Zips,UNLV Rebels,betonlineag,2026-09-20T19:45:27Z,totals,Over,-110,49.5
2026-09-20T19:46:24+00:00,manual,cfb,11ea90adf014a268d12caa9978b05bd8,2026-09-26T19:30:00Z,Akron Zips,UNLV Rebels,betonlineag,2026-09-20T19:45:27Z,totals,Under,-110,49.5
2026-09-20T19:46:24+00:00,manual,cfb,11ea90adf014a268d12caa9978b05bd8,2026-09-26T19:30:00Z,Akron Zips,UNLV Rebels,betmgm,2026-09-20T19:46:05Z,h2h,Akron Zips,500,
2026-09-20T19:46:24+00:00,manual,cfb,11ea90adf014a268d12caa9978b05bd8,2026-09-26T19:30:00Z,Akron Zips,UNLV Rebels,betmgm,2026-09-20T19:46:05Z,h2h,UNLV Rebels,-650,
2026-09-20T19:46:24+00:00,manual,cfb,11ea90adf014a268d12caa9978b05bd8,2026-09-26T19:30:00Z,Akron Zips,UNLV Rebels,betmgm,2026-09-20T19:46:05Z,spreads,Akron Zips,-108,14.0
2026-09-20T19:46:24+00:00,manual,cfb,11ea90adf014a268d12caa9978b05bd8,2026-09-26T19:30:00Z,Akron Zips,UNLV Rebels,betmgm,2026-09-20T19:46:05Z,spreads,UNLV Rebels,-110,-14.0
2026-09-20T19:46:24+00:00,manual,cfb,11ea90adf014a268d12caa9978b05bd8,2026-09-26T19:30:00Z,Akron Zips,UNLV Rebels,betmgm,2026-09-20T19:46:05Z,totals,Over,-108,49.5
2026-09-20T19:46:24+00:00,manual,cfb,11ea90adf014a268d12caa9978b05bd8,2026-09-26T19:30:00Z,Akron Zips,UNLV Rebels,betmgm,2026-09-20T19:46:05Z,totals,Under,-110,49.5
2026-09-20T19:46:24+00:00,manual,cfb,f0985218c2ed146bb0295c4e9c4a0dd7,2026-09-26T19:30:00Z,Western Michigan Broncos,Boise State Broncos,draftkings,2026-09-20T19:45:46Z,h2h,Boise State Broncos,-298,
2026-09-20T19:46:24+00:00,manual,cfb,f0985218c2ed146bb0295c4e9c4a0dd7,2026-09-26T19:30:00Z,Western Michigan Broncos,Boise State Broncos,draftkings,2026-09-20T19:45:46Z,h2h,Western Michigan Broncos,240,
2026-09-20T19:46:24+00:00,manual,cfb,f0985218c2ed146bb0295c4e9c4a0dd7,2026-09-26T19:30:00Z,Western Michigan Broncos,Boise State Broncos,draftkings,2026-09-20T19:45:46Z,spreads,Boise State Broncos,-110,-7.5
2026-09-20T19:46:24+00:00,manual,cfb,f0985218c2ed146bb0295c4e9c4a0dd7,2026-09-26T19:30:00Z,Western Michigan Broncos,Boise State Broncos,draftkings,2026-09-20T19:45:46Z,spreads,Western Michigan Broncos,-110,7.5
2026-09-20T19:46:24+00:00,manual,cfb,f0985218c2ed146bb0295c4e9c4a0dd7,2026-09-26T19:30:00Z,Western Michigan Broncos,Boise State Broncos,draftkings,2026-09-20T19:45:46Z,totals,Over,-110,47.5
2026-09-20T19:46:24+00:00,manual,cfb,f0985218c2ed146bb0295c4e9c4a0dd7,2026-09-26T19:30:00Z,Western Michigan Broncos,Boise State Broncos,draftkings,2026-09-20T19:45:46Z,totals,Under,-110,47.5
2026-09-20T19:46:24+00:00,manual,cfb,f0985218c2ed146bb0295c4e9c4a0dd7,2026-09-26T19:30:00Z,Western Michigan Broncos,Boise State Broncos,fanduel,2026-09-20T19:46:06Z,h2h,Boise State Broncos,-330,
2026-09-20T19:46:24+00:00,manual,cfb,f0985218c2ed146bb0295c4e9c4a0dd7,2026-09-26T19:30:00Z,Western Michigan Broncos,Boise State Broncos,fanduel,2026-09-20T19:46:06Z,h2h,Western Michigan Broncos,260,
2026-09-20T19:46:24+00:00,manual,cfb,f0985218c2ed146bb0295c4e9c4a0dd7,2026-09-26T19:30:00Z,Western Michigan Broncos,Boise State Broncos,fanduel,2026-09-20T19:46:06Z,spreads,Boise State Broncos,-110,-8.5
2026-09-20T19:46:24+00:00,manual,cfb,f0985218c2ed146bb0295c4e9c4a0dd7,2026-09-26T19:30:00Z,Western Michigan Broncos,Boise State Broncos,fanduel,2026-09-20T19:46:06Z,spreads,Western Michigan Broncos,-110,8.5
2026-09-20T19:46:24+00:00,manual,cfb,f0985218c2ed146bb0295c4e9c4a0dd7,2026-09-26T19:30:00Z,Western Michigan Broncos,Boise State Broncos,fanduel,2026-09-20T19:46:06Z,totals,Over,-110,47.5
2026-09-20T19:46:24+00:00,manual,cfb,f0985218c2ed146bb0295c4e9c4a0dd7,2026-09-26T19:30:00Z,Western Michigan Broncos,Boise State Broncos,fanduel,2026-09-20T19:46:06Z,totals,Under,-110,47.5
2026-09-20T19:46:24+00:00,manual,cfb,f0985218c2ed146bb0295c4e9c4a0dd7,2026-09-26T19:30:00Z,Western Michigan Broncos,Boise State Broncos,lowvig,2026-09-20T19:45:27Z,spreads,Boise State Broncos,-106,-8.0
2026-09-20T19:46:24+00:00,manual,cfb,f0985218c2ed146bb0295c4e9c4a0dd7,2026-09-26T19:30:00Z,Western Michigan Broncos,Boise State Broncos,lowvig,2026-09-20T19:45:27Z,spreads,Western Michigan Broncos,-106,8.0
2026-09-20T19:46:24+00:00,manual,cfb,f0985218c2ed146bb0295c4e9c4a0dd7,2026-09-26T19:30:00Z,Western Michigan Broncos,Boise State Broncos,lowvig,2026-09-20T19:45:27Z,totals,Over,-108,47.5
2026-09-20T19:46:24+00:00,manual,cfb,f0985218c2ed146bb0295c4e9c4a0dd7,2026-09-26T19:30:00Z,Western Michigan Broncos,Boise State Broncos,lowvig,2026-09-20T19:45:27Z,totals,Under,-108,47.5
2026-09-20T19:46:24+00:00,manual,cfb,f0985218c2ed146bb0295c4e9c4a0dd7,2026-09-26T19:30:00Z,Western Michigan Broncos,Boise State Broncos,betonlineag,2026-09-20T19:45:27Z,spreads,Boise State Broncos,-110,-8.0
2026-09-20T19:46:24+00:00,manual,cfb,f0985218c2ed146bb0295c4e9c4a0dd7,2026-09-26T19:30:00Z,Western Michigan Broncos,Boise State Broncos,betonlineag,2026-09-20T19:45:27Z,spreads,Western Michigan Broncos,-110,8.0
2026-09-20T19:46:24+00:00,manual,cfb,f0985218c2ed146bb0295c4e9c4a0dd7,2026-09-26T19:30:00Z,Western Michigan Broncos,Boise State Broncos,betonlineag,2026-09-20T19:45:27Z,totals,Over,-110,47.5
2026-09-20T19:46:24+00:00,manual,cfb,f0985218c2ed146bb0295c4e9c4a0dd7,2026-09-26T19:30:00Z,Western Michigan Broncos,Boise State Broncos,betonlineag,2026-09-20T19:45:27Z,totals,Under,-110,47.5
2026-09-20T19:46:24+00:00,manual,cfb,f0985218c2ed146bb0295c4e9c4a0dd7,2026-09-26T19:30:00Z,Western Michigan Broncos,Boise State Broncos,betmgm,2026-09-20T19:46:05Z,h2h,Boise State Broncos,-300,
2026-09-20T19:46:24+00:00,manual,cfb,f0985218c2ed146bb0295c4e9c4a0dd7,2026-09-26T19:30:00Z,Western Michigan Broncos,Boise State Broncos,betmgm,2026-09-20T19:46:05Z,h2h,Western Michigan Broncos,250,
2026-09-20T19:46:24+00:00,manual,cfb,f0985218c2ed146bb0295c4e9c4a0dd7,2026-09-26T19:30:00Z,Western Michigan Broncos,Boise State Broncos,betmgm,2026-09-20T19:46:05Z,spreads,Boise State Broncos,-108,-8.0
2026-09-20T19:46:24+00:00,manual,cfb,f0985218c2ed146bb0295c4e9c4a0dd7,2026-09-26T19:30:00Z,Western Michigan Broncos,Boise State Broncos,betmgm,2026-09-20T19:46:05Z,spreads,Western Michigan Broncos,-110,8.0
2026-09-20T19:46:24+00:00,manual,cfb,f0985218c2ed146bb0295c4e9c4a0dd7,2026-09-26T19:30:00Z,Western Michigan Broncos,Boise State Broncos,betmgm,2026-09-20T19:46:05Z,totals,Over,-110,47.5
2026-09-20T19:46:24+00:00,manual,cfb,f0985218c2ed146bb0295c4e9c4a0dd7,2026-09-26T19:30:00Z,Western Michigan Broncos,Boise State Broncos,betmgm,2026-09-20T19:46:05Z,totals,Under,-108,47.5
2026-09-20T19:46:24+00:00,manual,cfb,fb1e2c999364a411be347389aec1d827,2026-09-26T19:30:00Z,UTSA Roadrunners,Colorado State Rams,fanduel,2026-09-20T19:46:06Z,h2h,Colorado State Rams,385,
2026-09-20T19:46:24+00:00,manual,cfb,fb1e2c999364a411be347389aec1d827,2026-09-26T19:30:00Z,UTSA Roadrunners,Colorado State Rams,fanduel,2026-09-20T19:46:06Z,h2h,UTSA Roadrunners,-520,
2026-09-20T19:46:24+00:00,manual,cfb,fb1e2c999364a411be347389aec1d827,2026-09-26T19:30:00Z,UTSA Roadrunners,Colorado State Rams,fanduel,2026-09-20T19:46:06Z,spreads,Colorado State Rams,-115,13.5
2026-09-20T19:46:24+00:00,manual,cfb,fb1e2c999364a411be347389aec1d827,2026-09-26T19:30:00Z,UTSA Roadrunners,Colorado State Rams,fanduel,2026-09-20T19:46:06Z,spreads,UTSA Roadrunners,-105,-13.5
2026-09-20T19:46:24+00:00,manual,cfb,fb1e2c999364a411be347389aec1d827,2026-09-26T19:30:00Z,UTSA Roadrunners,Colorado State Rams,fanduel,2026-09-20T19:46:06Z,totals,Over,-110,57.5
2026-09-20T19:46:24+00:00,manual,cfb,fb1e2c999364a411be347389aec1d827,2026-09-26T19:30:00Z,UTSA Roadrunners,Colorado State Rams,fanduel,2026-09-20T19:46:06Z,totals,Under,-110,57.5
2026-09-20T19:46:24+00:00,manual,cfb,fb1e2c999364a411be347389aec1d827,2026-09-26T19:30:00Z,UTSA Roadrunners,Colorado State Rams,draftkings,2026-09-20T19:45:46Z,h2h,Colorado State Rams,400,
2026-09-20T19:46:24+00:00,manual,cfb,fb1e2c999364a411be347389aec1d827,2026-09-26T19:30:00Z,UTSA Roadrunners,Colorado State Rams,draftkings,2026-09-20T19:45:46Z,h2h,UTSA Roadrunners,-535,
2026-09-20T19:46:24+00:00,manual,cfb,fb1e2c999364a411be347389aec1d827,2026-09-26T19:30:00Z,UTSA Roadrunners,Colorado State Rams,draftkings,2026-09-20T19:45:46Z,spreads,Colorado State Rams,-108,12.5
2026-09-20T19:46:24+00:00,manual,cfb,fb1e2c999364a411be347389aec1d827,2026-09-26T19:30:00Z,UTSA Roadrunners,Colorado State Rams,draftkings,2026-09-20T19:45:46Z,spreads,UTSA Roadrunners,-112,-12.5
2026-09-20T19:46:24+00:00,manual,cfb,fb1e2c999364a411be347389aec1d827,2026-09-26T19:30:00Z,UTSA Roadrunners,Colorado State Rams,draftkings,2026-09-20T19:45:46Z,totals,Over,-112,58.5
2026-09-20T19:46:24+00:00,manual,cfb,fb1e2c999364a411be347389aec1d827,2026-09-26T19:30:00Z,UTSA Roadrunners,Colorado State Rams,draftkings,2026-09-20T19:45:46Z,totals,Under,-108,58.5
2026-09-20T19:46:24+00:00,manual,cfb,fb1e2c999364a411be347389aec1d827,2026-09-26T19:30:00Z,UTSA Roadrunners,Colorado State Rams,lowvig,2026-09-20T19:45:27Z,spreads,Colorado State Rams,-106,12.5
2026-09-20T19:46:24+00:00,manual,cfb,fb1e2c999364a411be347389aec1d827,2026-09-26T19:30:00Z,UTSA Roadrunners,Colorado State Rams,lowvig,2026-09-20T19:45:27Z,spreads,UTSA Roadrunners,-106,-12.5
2026-09-20T19:46:24+00:00,manual,cfb,fb1e2c999364a411be347389aec1d827,2026-09-26T19:30:00Z,UTSA Roadrunners,Colorado State Rams,lowvig,2026-09-20T19:45:27Z,totals,Over,-108,58.5
2026-09-20T19:46:24+00:00,manual,cfb,fb1e2c999364a411be347389aec1d827,2026-09-26T19:30:00Z,UTSA Roadrunners,Colorado State Rams,lowvig,2026-09-20T19:45:27Z,totals,Under,-108,58.5
2026-09-20T19:46:24+00:00,manual,cfb,fb1e2c999364a411be347389aec1d827,2026-09-26T19:30:00Z,UTSA Roadrunners,Colorado State Rams,betonlineag,2026-09-20T19:45:27Z,spreads,Colorado State Rams,-110,12.5
2026-09-20T19:46:24+00:00,manual,cfb,fb1e2c999364a411be347389aec1d827,2026-09-26T19:30:00Z,UTSA Roadrunners,Colorado State Rams,betonlineag,2026-09-20T19:45:27Z,spreads,UTSA Roadrunners,-110,-12.5
2026-09-20T19:46:24+00:00,manual,cfb,fb1e2c999364a411be347389aec1d827,2026-09-26T19:30:00Z,UTSA Roadrunners,Colorado State Rams,betonlineag,2026-09-20T19:45:27Z,totals,Over,-110,58.5
2026-09-20T19:46:24+00:00,manual,cfb,fb1e2c999364a411be347389aec1d827,2026-09-26T19:30:00Z,UTSA Roadrunners,Colorado State Rams,betonlineag,2026-09-20T19:45:27Z,totals,Under,-110,58.5
2026-09-20T19:46:24+00:00,manual,cfb,fb1e2c999364a411be347389aec1d827,2026-09-26T19:30:00Z,UTSA Roadrunners,Colorado State Rams,betmgm,2026-09-20T19:46:05Z,h2h,Colorado State Rams,400,
2026-09-20T19:46:24+00:00,manual,cfb,fb1e2c999364a411be347389aec1d827,2026-09-26T19:30:00Z,UTSA Roadrunners,Colorado State Rams,betmgm,2026-09-20T19:46:05Z,h2h,UTSA Roadrunners,-525,
2026-09-20T19:46:24+00:00,manual,cfb,fb1e2c999364a411be347389aec1d827,2026-09-26T19:30:00Z,UTSA Roadrunners,Colorado State Rams,betmgm,2026-09-20T19:46:05Z,spreads,Colorado State Rams,-108,12.0
2026-09-20T19:46:24+00:00,manual,cfb,fb1e2c999364a411be347389aec1d827,2026-09-26T19:30:00Z,UTSA Roadrunners,Colorado State Rams,betmgm,2026-09-20T19:46:05Z,spreads,UTSA Roadrunners,-110,-12.0
2026-09-20T19:46:24+00:00,manual,cfb,fb1e2c999364a411be347389aec1d827,2026-09-26T19:30:00Z,UTSA Roadrunners,Colorado State Rams,betmgm,2026-09-20T19:46:05Z,totals,Over,-115,57.5
2026-09-20T19:46:24+00:00,manual,cfb,fb1e2c999364a411be347389aec1d827,2026-09-26T19:30:00Z,UTSA Roadrunners,Colorado State Rams,betmgm,2026-09-20T19:46:05Z,totals,Under,-105,57.5
2026-09-20T19:46:24+00:00,manual,cfb,886538e98f0884df3d655d9d2d2ca567,2026-09-26T19:30:00Z,Florida Gators,Ole Miss Rebels,draftkings,2026-09-20T19:45:46Z,h2h,Florida Gators,-135,
2026-09-20T19:46:24+00:00,manual,cfb,886538e98f0884df3d655d9d2d2ca567,2026-09-26T19:30:00Z,Florida Gators,Ole Miss Rebels,draftkings,2026-09-20T19:45:46Z,h2h,Ole Miss Rebels,114,
2026-09-20T19:46:24+00:00,manual,cfb,886538e98f0884df3d655d9d2d2ca567,2026-09-26T19:30:00Z,Florida Gators,Ole Miss Rebels,draftkings,2026-09-20T19:45:46Z,spreads,Florida Gators,-110,-2.5
2026-09-20T19:46:24+00:00,manual,cfb,886538e98f0884df3d655d9d2d2ca567,2026-09-26T19:30:00Z,Florida Gators,Ole Miss Rebels,draftkings,2026-09-20T19:45:46Z,spreads,Ole Miss Rebels,-110,2.5
2026-09-20T19:46:24+00:00,manual,cfb,886538e98f0884df3d655d9d2d2ca567,2026-09-26T19:30:00Z,Florida Gators,Ole Miss Rebels,draftkings,2026-09-20T19:45:46Z,totals,Over,-110,59.5
2026-09-20T19:46:24+00:00,manual,cfb,886538e98f0884df3d655d9d2d2ca567,2026-09-26T19:30:00Z,Florida Gators,Ole Miss Rebels,draftkings,2026-09-20T19:45:46Z,totals,Under,-110,59.5
2026-09-20T19:46:24+00:00,manual,cfb,886538e98f0884df3d655d9d2d2ca567,2026-09-26T19:30:00Z,Florida Gators,Ole Miss Rebels,fanduel,2026-09-20T19:46:06Z,h2h,Florida Gators,-137,
2026-09-20T19:46:24+00:00,manual,cfb,886538e98f0884df3d655d9d2d2ca567,2026-09-26T19:30:00Z,Florida Gators,Ole Miss Rebels,fanduel,2026-09-20T19:46:06Z,h2h,Ole Miss Rebels,114,
2026-09-20T19:46:24+00:00,manual,cfb,886538e98f0884df3d655d9d2d2ca567,2026-09-26T19:30:00Z,Florida Gators,Ole Miss Rebels,fanduel,2026-09-20T19:46:06Z,spreads,Florida Gators,-115,-2.5
2026-09-20T19:46:24+00:00,manual,cfb,886538e98f0884df3d655d9d2d2ca567,2026-09-26T19:30:00Z,Florida Gators,Ole Miss Rebels,fanduel,2026-09-20T19:46:06Z,spreads,Ole Miss Rebels,-105,2.5
2026-09-20T19:46:24+00:00,manual,cfb,886538e98f0884df3d655d9d2d2ca567,2026-09-26T19:30:00Z,Florida Gators,Ole Miss Rebels,fanduel,2026-09-20T19:46:06Z,totals,Over,-115,58.5
2026-09-20T19:46:24+00:00,manual,cfb,886538e98f0884df3d655d9d2d2ca567,2026-09-26T19:30:00Z,Florida Gators,Ole Miss Rebels,fanduel,2026-09-20T19:46:06Z,totals,Under,-105,58.5
2026-09-20T19:46:24+00:00,manual,cfb,886538e98f0884df3d655d9d2d2ca567,2026-09-26T19:30:00Z,Florida Gators,Ole Miss Rebels,betmgm,2026-09-20T19:46:05Z,h2h,Florida Gators,-140,
2026-09-20T19:46:24+00:00,manual,cfb,886538e98f0884df3d655d9d2d2ca567,2026-09-26T19:30:00Z,Florida Gators,Ole Miss Rebels,betmgm,2026-09-20T19:46:05Z,h2h,Ole Miss Rebels,115,
2026-09-20T19:46:24+00:00,manual,cfb,886538e98f0884df3d655d9d2d2ca567,2026-09-26T19:30:00Z,Florida Gators,Ole Miss Rebels,betmgm,2026-09-20T19:46:05Z,spreads,Florida Gators,-115,-2.5
2026-09-20T19:46:24+00:00,manual,cfb,886538e98f0884df3d655d9d2d2ca567,2026-09-26T19:30:00Z,Florida Gators,Ole Miss Rebels,betmgm,2026-09-20T19:46:05Z,spreads,Ole Miss Rebels,-105,2.5
2026-09-20T19:46:24+00:00,manual,cfb,886538e98f0884df3d655d9d2d2ca567,2026-09-26T19:30:00Z,Florida Gators,Ole Miss Rebels,betmgm,2026-09-20T19:46:05Z,totals,Over,-108,59.5
2026-09-20T19:46:24+00:00,manual,cfb,886538e98f0884df3d655d9d2d2ca567,2026-09-26T19:30:00Z,Florida Gators,Ole Miss Rebels,betmgm,2026-09-20T19:46:05Z,totals,Under,-110,59.5
2026-09-20T19:46:24+00:00,manual,cfb,886538e98f0884df3d655d9d2d2ca567,2026-09-26T19:30:00Z,Florida Gators,Ole Miss Rebels,betonlineag,2026-09-20T19:45:27Z,spreads,Florida Gators,-105,-3.0
2026-09-20T19:46:24+00:00,manual,cfb,886538e98f0884df3d655d9d2d2ca567,2026-09-26T19:30:00Z,Florida Gators,Ole Miss Rebels,betonlineag,2026-09-20T19:45:27Z,spreads,Ole Miss Rebels,-115,3.0
2026-09-20T19:46:24+00:00,manual,cfb,886538e98f0884df3d655d9d2d2ca567,2026-09-26T19:30:00Z,Florida Gators,Ole Miss Rebels,betonlineag,2026-09-20T19:45:27Z,totals,Over,-115,60.0
2026-09-20T19:46:24+00:00,manual,cfb,886538e98f0884df3d655d9d2d2ca567,2026-09-26T19:30:00Z,Florida Gators,Ole Miss Rebels,betonlineag,2026-09-20T19:45:27Z,totals,Under,-105,60.0
2026-09-20T19:46:24+00:00,manual,cfb,3848eaee7484034f3604aed922649c4e,2026-09-26T19:30:00Z,Georgia Bulldogs,Oklahoma Sooners,draftkings,2026-09-20T19:45:46Z,h2h,Georgia Bulldogs,-675,
2026-09-20T19:46:24+00:00,manual,cfb,3848eaee7484034f3604aed922649c4e,2026-09-26T19:30:00Z,Georgia Bulldogs,Oklahoma Sooners,draftkings,2026-09-20T19:45:46Z,h2h,Oklahoma Sooners,490,
2026-09-20T19:46:24+00:00,manual,cfb,3848eaee7484034f3604aed922649c4e,2026-09-26T19:30:00Z,Georgia Bulldogs,Oklahoma Sooners,draftkings,2026-09-20T19:45:46Z,spreads,Georgia Bulldogs,-110,-14.0
2026-09-20T19:46:24+00:00,manual,cfb,3848eaee7484034f3604aed922649c4e,2026-09-26T19:30:00Z,Georgia Bulldogs,Oklahoma Sooners,draftkings,2026-09-20T19:45:46Z,spreads,Oklahoma Sooners,-110,14.0
2026-09-20T19:46:24+00:00,manual,cfb,3848eaee7484034f3604aed922649c4e,2026-09-26T19:30:00Z,Georgia Bulldogs,Oklahoma Sooners,draftkings,2026-09-20T19:45:46Z,totals,Over,-102,45.5
2026-09-20T19:46:24+00:00,manual,cfb,3848eaee7484034f3604aed922649c4e,2026-09-26T19:30:00Z,Georgia Bulldogs,Oklahoma Sooners,draftkings,2026-09-20T19:45:46Z,totals,Under,-118,45.5
2026-09-20T19:46:24+00:00,manual,cfb,3848eaee7484034f3604aed922649c4e,2026-09-26T19:30:00Z,Georgia Bulldogs,Oklahoma Sooners,fanduel,2026-09-20T19:46:06Z,h2h,Georgia Bulldogs,-670,
2026-09-20T19:46:24+00:00,manual,cfb,3848eaee7484034f3604aed922649c4e,2026-09-26T19:30:00Z,Georgia Bulldogs,Oklahoma Sooners,fanduel,2026-09-20T19:46:06Z,h2h,Oklahoma Sooners,470,
2026-09-20T19:46:24+00:00,manual,cfb,3848eaee7484034f3604aed922649c4e,2026-09-26T19:30:00Z,Georgia Bulldogs,Oklahoma Sooners,fanduel,2026-09-20T19:46:06Z,spreads,Georgia Bulldogs,-120,-13.5
2026-09-20T19:46:24+00:00,manual,cfb,3848eaee7484034f3604aed922649c4e,2026-09-26T19:30:00Z,Georgia Bulldogs,Oklahoma Sooners,fanduel,2026-09-20T19:46:06Z,spreads,Oklahoma Sooners,-102,13.5
2026-09-20T19:46:24+00:00,manual,cfb,3848eaee7484034f3604aed922649c4e,2026-09-26T19:30:00Z,Georgia Bulldogs,Oklahoma Sooners,fanduel,2026-09-20T19:46:06Z,totals,Over,-110,43.5
2026-09-20T19:46:24+00:00,manual,cfb,3848eaee7484034f3604aed922649c4e,2026-09-26T19:30:00Z,Georgia Bulldogs,Oklahoma Sooners,fanduel,2026-09-20T19:46:06Z,totals,Under,-110,43.5
2026-09-20T19:46:24+00:00,manual,cfb,3848eaee7484034f3604aed922649c4e,2026-09-26T19:30:00Z,Georgia Bulldogs,Oklahoma Sooners,betmgm,2026-09-20T19:46:05Z,h2h,Georgia Bulldogs,-650,
2026-09-20T19:46:24+00:00,manual,cfb,3848eaee7484034f3604aed922649c4e,2026-09-26T19:30:00Z,Georgia Bulldogs,Oklahoma Sooners,betmgm,2026-09-20T19:46:05Z,h2h,Oklahoma Sooners,500,
2026-09-20T19:46:24+00:00,manual,cfb,3848eaee7484034f3604aed922649c4e,2026-09-26T19:30:00Z,Georgia Bulldogs,Oklahoma Sooners,betmgm,2026-09-20T19:46:05Z,spreads,Georgia Bulldogs,-110,-14.0
2026-09-20T19:46:24+00:00,manual,cfb,3848eaee7484034f3604aed922649c4e,2026-09-26T19:30:00Z,Georgia Bulldogs,Oklahoma Sooners,betmgm,2026-09-20T19:46:05Z,spreads,Oklahoma Sooners,-108,14.0
2026-09-20T19:46:24+00:00,manual,cfb,3848eaee7484034f3604aed922649c4e,2026-09-26T19:30:00Z,Georgia Bulldogs,Oklahoma Sooners,betmgm,2026-09-20T19:46:05Z,totals,Over,-102,43.5
2026-09-20T19:46:24+00:00,manual,cfb,3848eaee7484034f3604aed922649c4e,2026-09-26T19:30:00Z,Georgia Bulldogs,Oklahoma Sooners,betmgm,2026-09-20T19:46:05Z,totals,Under,-118,43.5
2026-09-20T19:46:24+00:00,manual,cfb,3848eaee7484034f3604aed922649c4e,2026-09-26T19:30:00Z,Georgia Bulldogs,Oklahoma Sooners,betonlineag,2026-09-20T19:45:27Z,spreads,Georgia Bulldogs,-117,-14.0
2026-09-20T19:46:24+00:00,manual,cfb,3848eaee7484034f3604aed922649c4e,2026-09-26T19:30:00Z,Georgia Bulldogs,Oklahoma Sooners,betonlineag,2026-09-20T19:45:27Z,spreads,Oklahoma Sooners,-103,14.0
2026-09-20T19:46:24+00:00,manual,cfb,3848eaee7484034f3604aed922649c4e,2026-09-26T19:30:00Z,Georgia Bulldogs,Oklahoma Sooners,betonlineag,2026-09-20T19:45:27Z,totals,Over,-110,42.5
2026-09-20T19:46:24+00:00,manual,cfb,3848eaee7484034f3604aed922649c4e,2026-09-26T19:30:00Z,Georgia Bulldogs,Oklahoma Sooners,betonlineag,2026-09-20T19:45:27Z,totals,Under,-110,42.5
2026-09-20T19:46:24+00:00,manual,cfb,3848eaee7484034f3604aed922649c4e,2026-09-26T19:30:00Z,Georgia Bulldogs,Oklahoma Sooners,lowvig,2026-09-20T19:45:27Z,spreads,Georgia Bulldogs,-113,-14.0
2026-09-20T19:46:24+00:00,manual,cfb,3848eaee7484034f3604aed922649c4e,2026-09-26T19:30:00Z,Georgia Bulldogs,Oklahoma Sooners,lowvig,2026-09-20T19:45:27Z,spreads,Oklahoma Sooners,101,14.0
2026-09-20T19:46:24+00:00,manual,cfb,3848eaee7484034f3604aed922649c4e,2026-09-26T19:30:00Z,Georgia Bulldogs,Oklahoma Sooners,lowvig,2026-09-20T19:45:27Z,totals,Over,-108,42.5
2026-09-20T19:46:24+00:00,manual,cfb,3848eaee7484034f3604aed922649c4e,2026-09-26T19:30:00Z,Georgia Bulldogs,Oklahoma Sooners,lowvig,2026-09-20T19:45:27Z,totals,Under,-108,42.5
2026-09-20T19:46:24+00:00,manual,cfb,39a3d3075172036a2b3f7d47913779b8,2026-09-26T19:30:00Z,Michigan Wolverines,Iowa Hawkeyes,draftkings,2026-09-20T19:45:46Z,h2h,Iowa Hawkeyes,164,
2026-09-20T19:46:24+00:00,manual,cfb,39a3d3075172036a2b3f7d47913779b8,2026-09-26T19:30:00Z,Michigan Wolverines,Iowa Hawkeyes,draftkings,2026-09-20T19:45:46Z,h2h,Michigan Wolverines,-198,
2026-09-20T19:46:24+00:00,manual,cfb,39a3d3075172036a2b3f7d47913779b8,2026-09-26T19:30:00Z,Michigan Wolverines,Iowa Hawkeyes,draftkings,2026-09-20T19:45:46Z,spreads,Iowa Hawkeyes,-112,4.5
2026-09-20T19:46:24+00:00,manual,cfb,39a3d3075172036a2b3f7d47913779b8,2026-09-26T19:30:00Z,Michigan Wolverines,Iowa Hawkeyes,draftkings,2026-09-20T19:45:46Z,spreads,Michigan Wolverines,-108,-4.5
2026-09-20T19:46:24+00:00,manual,cfb,39a3d3075172036a2b3f7d47913779b8,2026-09-26T19:30:00Z,Michigan Wolverines,Iowa Hawkeyes,draftkings,2026-09-20T19:45:46Z,totals,Over,-105,38.5
2026-09-20T19:46:24+00:00,manual,cfb,39a3d3075172036a2b3f7d47913779b8,2026-09-26T19:30:00Z,Michigan Wolverines,Iowa Hawkeyes,draftkings,2026-09-20T19:45:46Z,totals,Under,-115,38.5
2026-09-20T19:46:24+00:00,manual,cfb,39a3d3075172036a2b3f7d47913779b8,2026-09-26T19:30:00Z,Michigan Wolverines,Iowa Hawkeyes,fanduel,2026-09-20T19:46:06Z,h2h,Iowa Hawkeyes,164,
2026-09-20T19:46:24+00:00,manual,cfb,39a3d3075172036a2b3f7d47913779b8,2026-09-26T19:30:00Z,Michigan Wolverines,Iowa Hawkeyes,fanduel,2026-09-20T19:46:06Z,h2h,Michigan Wolverines,-200,
2026-09-20T19:46:24+00:00,manual,cfb,39a3d3075172036a2b3f7d47913779b8,2026-09-26T19:30:00Z,Michigan Wolverines,Iowa Hawkeyes,fanduel,2026-09-20T19:46:06Z,spreads,Iowa Hawkeyes,-110,4.5
2026-09-20T19:46:24+00:00,manual,cfb,39a3d3075172036a2b3f7d47913779b8,2026-09-26T19:30:00Z,Michigan Wolverines,Iowa Hawkeyes,fanduel,2026-09-20T19:46:06Z,spreads,Michigan Wolverines,-110,-4.5
2026-09-20T19:46:24+00:00,manual,cfb,39a3d3075172036a2b3f7d47913779b8,2026-09-26T19:30:00Z,Michigan Wolverines,Iowa Hawkeyes,fanduel,2026-09-20T19:46:06Z,totals,Over,-110,38.5
2026-09-20T19:46:24+00:00,manual,cfb,39a3d3075172036a2b3f7d47913779b8,2026-09-26T19:30:00Z,Michigan Wolverines,Iowa Hawkeyes,fanduel,2026-09-20T19:46:06Z,totals,Under,-110,38.5
2026-09-20T19:46:24+00:00,manual,cfb,39a3d3075172036a2b3f7d47913779b8,2026-09-26T19:30:00Z,Michigan Wolverines,Iowa Hawkeyes,betonlineag,2026-09-20T19:45:27Z,spreads,Iowa Hawkeyes,-110,4.0
2026-09-20T19:46:24+00:00,manual,cfb,39a3d3075172036a2b3f7d47913779b8,2026-09-26T19:30:00Z,Michigan Wolverines,Iowa Hawkeyes,betonlineag,2026-09-20T19:45:27Z,spreads,Michigan Wolverines,-110,-4.0
2026-09-20T19:46:24+00:00,manual,cfb,39a3d3075172036a2b3f7d47913779b8,2026-09-26T19:30:00Z,Michigan Wolverines,Iowa Hawkeyes,betonlineag,2026-09-20T19:45:27Z,totals,Over,-110,38.0
2026-09-20T19:46:24+00:00,manual,cfb,39a3d3075172036a2b3f7d47913779b8,2026-09-26T19:30:00Z,Michigan Wolverines,Iowa Hawkeyes,betonlineag,2026-09-20T19:45:27Z,totals,Under,-110,38.0
2026-09-20T19:46:24+00:00,manual,cfb,39a3d3075172036a2b3f7d47913779b8,2026-09-26T19:30:00Z,Michigan Wolverines,Iowa Hawkeyes,lowvig,2026-09-20T19:45:27Z,spreads,Iowa Hawkeyes,-106,4.0
2026-09-20T19:46:24+00:00,manual,cfb,39a3d3075172036a2b3f7d47913779b8,2026-09-26T19:30:00Z,Michigan Wolverines,Iowa Hawkeyes,lowvig,2026-09-20T19:45:27Z,spreads,Michigan Wolverines,-106,-4.0
2026-09-20T19:46:24+00:00,manual,cfb,39a3d3075172036a2b3f7d47913779b8,2026-09-26T19:30:00Z,Michigan Wolverines,Iowa Hawkeyes,lowvig,2026-09-20T19:45:27Z,totals,Over,-108,38.0
2026-09-20T19:46:24+00:00,manual,cfb,39a3d3075172036a2b3f7d47913779b8,2026-09-26T19:30:00Z,Michigan Wolverines,Iowa Hawkeyes,lowvig,2026-09-20T19:45:27Z,totals,Under,-108,38.0
2026-09-20T19:46:24+00:00,manual,cfb,39a3d3075172036a2b3f7d47913779b8,2026-09-26T19:30:00Z,Michigan Wolverines,Iowa Hawkeyes,betmgm,2026-09-20T19:46:05Z,h2h,Iowa Hawkeyes,165,
2026-09-20T19:46:24+00:00,manual,cfb,39a3d3075172036a2b3f7d47913779b8,2026-09-26T19:30:00Z,Michigan Wolverines,Iowa Hawkeyes,betmgm,2026-09-20T19:46:05Z,h2h,Michigan Wolverines,-200,
2026-09-20T19:46:24+00:00,manual,cfb,39a3d3075172036a2b3f7d47913779b8,2026-09-26T19:30:00Z,Michigan Wolverines,Iowa Hawkeyes,betmgm,2026-09-20T19:46:05Z,spreads,Iowa Hawkeyes,-110,4.5
2026-09-20T19:46:24+00:00,manual,cfb,39a3d3075172036a2b3f7d47913779b8,2026-09-26T19:30:00Z,Michigan Wolverines,Iowa Hawkeyes,betmgm,2026-09-20T19:46:05Z,spreads,Michigan Wolverines,-108,-4.5
2026-09-20T19:46:24+00:00,manual,cfb,39a3d3075172036a2b3f7d47913779b8,2026-09-26T19:30:00Z,Michigan Wolverines,Iowa Hawkeyes,betmgm,2026-09-20T19:46:05Z,totals,Over,-105,38.5
2026-09-20T19:46:24+00:00,manual,cfb,39a3d3075172036a2b3f7d47913779b8,2026-09-26T19:30:00Z,Michigan Wolverines,Iowa Hawkeyes,betmgm,2026-09-20T19:46:05Z,totals,Under,-115,38.5
2026-09-20T19:46:24+00:00,manual,cfb,0dcea769daace0b6c76434589c639b11,2026-09-26T19:30:00Z,Iowa State Cyclones,Utah Utes,draftkings,2026-09-20T19:45:46Z,h2h,Iowa State Cyclones,360,
2026-09-20T19:46:24+00:00,manual,cfb,0dcea769daace0b6c76434589c639b11,2026-09-26T19:30:00Z,Iowa State Cyclones,Utah Utes,draftkings,2026-09-20T19:45:46Z,h2h,Utah Utes,-470,
2026-09-20T19:46:24+00:00,manual,cfb,0dcea769daace0b6c76434589c639b11,2026-09-26T19:30:00Z,Iowa State Cyclones,Utah Utes,draftkings,2026-09-20T19:45:46Z,spreads,Iowa State Cyclones,-115,10.5
2026-09-20T19:46:24+00:00,manual,cfb,0dcea769daace0b6c76434589c639b11,2026-09-26T19:30:00Z,Iowa State Cyclones,Utah Utes,draftkings,2026-09-20T19:45:46Z,spreads,Utah Utes,-105,-10.5
2026-09-20T19:46:24+00:00,manual,cfb,0dcea769daace0b6c76434589c639b11,2026-09-26T19:30:00Z,Iowa State Cyclones,Utah Utes,draftkings,2026-09-20T19:45:46Z,totals,Over,-105,49.5
2026-09-20T19:46:24+00:00,manual,cfb,0dcea769daace0b6c76434589c639b11,2026-09-26T19:30:00Z,Iowa State Cyclones,Utah Utes,draftkings,2026-09-20T19:45:46Z,totals,Under,-115,49.5
2026-09-20T19:46:24+00:00,manual,cfb,0dcea769daace0b6c76434589c639b11,2026-09-26T19:30:00Z,Iowa State Cyclones,Utah Utes,fanduel,2026-09-20T19:46:06Z,h2h,Iowa State Cyclones,340,
2026-09-20T19:46:24+00:00,manual,cfb,0dcea769daace0b6c76434589c639b11,2026-09-26T19:30:00Z,Iowa State Cyclones,Utah Utes,fanduel,2026-09-20T19:46:06Z,h2h,Utah Utes,-450,
2026-09-20T19:46:24+00:00,manual,cfb,0dcea769daace0b6c76434589c639b11,2026-09-26T19:30:00Z,Iowa State Cyclones,Utah Utes,fanduel,2026-09-20T19:46:06Z,spreads,Iowa State Cyclones,-115,10.5
2026-09-20T19:46:24+00:00,manual,cfb,0dcea769daace0b6c76434589c639b11,2026-09-26T19:30:00Z,Iowa State Cyclones,Utah Utes,fanduel,2026-09-20T19:46:06Z,spreads,Utah Utes,-105,-10.5
2026-09-20T19:46:24+00:00,manual,cfb,0dcea769daace0b6c76434589c639b11,2026-09-26T19:30:00Z,Iowa State Cyclones,Utah Utes,fanduel,2026-09-20T19:46:06Z,totals,Over,-105,49.5
2026-09-20T19:46:24+00:00,manual,cfb,0dcea769daace0b6c76434589c639b11,2026-09-26T19:30:00Z,Iowa State Cyclones,Utah Utes,fanduel,2026-09-20T19:46:06Z,totals,Under,-115,49.5
2026-09-20T19:46:24+00:00,manual,cfb,0dcea769daace0b6c76434589c639b11,2026-09-26T19:30:00Z,Iowa State Cyclones,Utah Utes,betonlineag,2026-09-20T19:45:27Z,spreads,Iowa State Cyclones,-110,10.0
2026-09-20T19:46:24+00:00,manual,cfb,0dcea769daace0b6c76434589c639b11,2026-09-26T19:30:00Z,Iowa State Cyclones,Utah Utes,betonlineag,2026-09-20T19:45:27Z,spreads,Utah Utes,-110,-10.0
2026-09-20T19:46:24+00:00,manual,cfb,0dcea769daace0b6c76434589c639b11,2026-09-26T19:30:00Z,Iowa State Cyclones,Utah Utes,betonlineag,2026-09-20T19:45:27Z,totals,Over,-110,49.0
2026-09-20T19:46:24+00:00,manual,cfb,0dcea769daace0b6c76434589c639b11,2026-09-26T19:30:00Z,Iowa State Cyclones,Utah Utes,betonlineag,2026-09-20T19:45:27Z,totals,Under,-110,49.0
2026-09-20T19:46:24+00:00,manual,cfb,0dcea769daace0b6c76434589c639b11,2026-09-26T19:30:00Z,Iowa State Cyclones,Utah Utes,betmgm,2026-09-20T19:46:05Z,h2h,Iowa State Cyclones,350,
2026-09-20T19:46:24+00:00,manual,cfb,0dcea769daace0b6c76434589c639b11,2026-09-26T19:30:00Z,Iowa State Cyclones,Utah Utes,betmgm,2026-09-20T19:46:05Z,h2h,Utah Utes,-450,
2026-09-20T19:46:24+00:00,manual,cfb,0dcea769daace0b6c76434589c639b11,2026-09-26T19:30:00Z,Iowa State Cyclones,Utah Utes,betmgm,2026-09-20T19:46:05Z,spreads,Iowa State Cyclones,-105,10.0
2026-09-20T19:46:24+00:00,manual,cfb,0dcea769daace0b6c76434589c639b11,2026-09-26T19:30:00Z,Iowa State Cyclones,Utah Utes,betmgm,2026-09-20T19:46:05Z,spreads,Utah Utes,-112,-10.0
2026-09-20T19:46:24+00:00,manual,cfb,0dcea769daace0b6c76434589c639b11,2026-09-26T19:30:00Z,Iowa State Cyclones,Utah Utes,betmgm,2026-09-20T19:46:05Z,totals,Over,-115,48.5
2026-09-20T19:46:24+00:00,manual,cfb,0dcea769daace0b6c76434589c639b11,2026-09-26T19:30:00Z,Iowa State Cyclones,Utah Utes,betmgm,2026-09-20T19:46:05Z,totals,Under,-105,48.5
2026-09-20T19:46:24+00:00,manual,cfb,b77eb4a9bc3086105491e736c1458112,2026-09-26T19:30:00Z,Miami (OH) RedHawks,UConn Huskies,fanduel,2026-09-20T19:46:06Z,h2h,Miami (OH) RedHawks,-184,
2026-09-20T19:46:24+00:00,manual,cfb,b77eb4a9bc3086105491e736c1458112,2026-09-26T19:30:00Z,Miami (OH) RedHawks,UConn Huskies,fanduel,2026-09-20T19:46:06Z,h2h,UConn Huskies,152,
2026-09-20T19:46:24+00:00,manual,cfb,b77eb4a9bc3086105491e736c1458112,2026-09-26T19:30:00Z,Miami (OH) RedHawks,UConn Huskies,fanduel,2026-09-20T19:46:06Z,spreads,Miami (OH) RedHawks,-110,-4.5
2026-09-20T19:46:24+00:00,manual,cfb,b77eb4a9bc3086105491e736c1458112,2026-09-26T19:30:00Z,Miami (OH) RedHawks,UConn Huskies,fanduel,2026-09-20T19:46:06Z,spreads,UConn Huskies,-110,4.5
2026-09-20T19:46:24+00:00,manual,cfb,b77eb4a9bc3086105491e736c1458112,2026-09-26T19:30:00Z,Miami (OH) RedHawks,UConn Huskies,fanduel,2026-09-20T19:46:06Z,totals,Over,-105,49.5
2026-09-20T19:46:24+00:00,manual,cfb,b77eb4a9bc3086105491e736c1458112,2026-09-26T19:30:00Z,Miami (OH) RedHawks,UConn Huskies,fanduel,2026-09-20T19:46:06Z,totals,Under,-115,49.5
2026-09-20T19:46:24+00:00,manual,cfb,b77eb4a9bc3086105491e736c1458112,2026-09-26T19:30:00Z,Miami (OH) RedHawks,UConn Huskies,draftkings,2026-09-20T19:45:46Z,h2h,Miami (OH) RedHawks,-175,
2026-09-20T19:46:24+00:00,manual,cfb,b77eb4a9bc3086105491e736c1458112,2026-09-26T19:30:00Z,Miami (OH) RedHawks,UConn Huskies,draftkings,2026-09-20T19:45:46Z,h2h,UConn Huskies,145,
2026-09-20T19:46:24+00:00,manual,cfb,b77eb4a9bc3086105491e736c1458112,2026-09-26T19:30:00Z,Miami (OH) RedHawks,UConn Huskies,draftkings,2026-09-20T19:45:46Z,spreads,Miami (OH) RedHawks,-112,-4.5
2026-09-20T19:46:24+00:00,manual,cfb,b77eb4a9bc3086105491e736c1458112,2026-09-26T19:30:00Z,Miami (OH) RedHawks,UConn Huskies,draftkings,2026-09-20T19:45:46Z,spreads,UConn Huskies,-108,4.5
2026-09-20T19:46:24+00:00,manual,cfb,b77eb4a9bc3086105491e736c1458112,2026-09-26T19:30:00Z,Miami (OH) RedHawks,UConn Huskies,draftkings,2026-09-20T19:45:46Z,totals,Over,-108,49.5
2026-09-20T19:46:24+00:00,manual,cfb,b77eb4a9bc3086105491e736c1458112,2026-09-26T19:30:00Z,Miami (OH) RedHawks,UConn Huskies,draftkings,2026-09-20T19:45:46Z,totals,Under,-112,49.5
2026-09-20T19:46:24+00:00,manual,cfb,b77eb4a9bc3086105491e736c1458112,2026-09-26T19:30:00Z,Miami (OH) RedHawks,UConn Huskies,betonlineag,2026-09-20T19:45:27Z,spreads,Miami (OH) RedHawks,-108,-5.0
2026-09-20T19:46:24+00:00,manual,cfb,b77eb4a9bc3086105491e736c1458112,2026-09-26T19:30:00Z,Miami (OH) RedHawks,UConn Huskies,betonlineag,2026-09-20T19:45:27Z,spreads,UConn Huskies,-112,5.0
2026-09-20T19:46:24+00:00,manual,cfb,b77eb4a9bc3086105491e736c1458112,2026-09-26T19:30:00Z,Miami (OH) RedHawks,UConn Huskies,betonlineag,2026-09-20T19:45:27Z,totals,Over,-105,50.5
2026-09-20T19:46:24+00:00,manual,cfb,b77eb4a9bc3086105491e736c1458112,2026-09-26T19:30:00Z,Miami (OH) RedHawks,UConn Huskies,betonlineag,2026-09-20T19:45:27Z,totals,Under,-115,50.5
2026-09-20T19:46:24+00:00,manual,cfb,b77eb4a9bc3086105491e736c1458112,2026-09-26T19:30:00Z,Miami (OH) RedHawks,UConn Huskies,lowvig,2026-09-20T19:45:27Z,spreads,Miami (OH) RedHawks,-104,-5.0
2026-09-20T19:46:24+00:00,manual,cfb,b77eb4a9bc3086105491e736c1458112,2026-09-26T19:30:00Z,Miami (OH) RedHawks,UConn Huskies,lowvig,2026-09-20T19:45:27Z,spreads,UConn Huskies,-108,5.0
2026-09-20T19:46:24+00:00,manual,cfb,b77eb4a9bc3086105491e736c1458112,2026-09-26T19:30:00Z,Miami (OH) RedHawks,UConn Huskies,lowvig,2026-09-20T19:45:27Z,totals,Over,-103,50.5
2026-09-20T19:46:24+00:00,manual,cfb,b77eb4a9bc3086105491e736c1458112,2026-09-26T19:30:00Z,Miami (OH) RedHawks,UConn Huskies,lowvig,2026-09-20T19:45:27Z,totals,Under,-114,50.5
2026-09-20T19:46:24+00:00,manual,cfb,b77eb4a9bc3086105491e736c1458112,2026-09-26T19:30:00Z,Miami (OH) RedHawks,UConn Huskies,betmgm,2026-09-20T19:46:05Z,h2h,Miami (OH) RedHawks,-175,
2026-09-20T19:46:24+00:00,manual,cfb,b77eb4a9bc3086105491e736c1458112,2026-09-26T19:30:00Z,Miami (OH) RedHawks,UConn Huskies,betmgm,2026-09-20T19:46:05Z,h2h,UConn Huskies,145,
2026-09-20T19:46:24+00:00,manual,cfb,b77eb4a9bc3086105491e736c1458112,2026-09-26T19:30:00Z,Miami (OH) RedHawks,UConn Huskies,betmgm,2026-09-20T19:46:05Z,spreads,Miami (OH) RedHawks,-112,-4.5
2026-09-20T19:46:24+00:00,manual,cfb,b77eb4a9bc3086105491e736c1458112,2026-09-26T19:30:00Z,Miami (OH) RedHawks,UConn Huskies,betmgm,2026-09-20T19:46:05Z,spreads,UConn Huskies,-108,4.5
2026-09-20T19:46:24+00:00,manual,cfb,b77eb4a9bc3086105491e736c1458112,2026-09-26T19:30:00Z,Miami (OH) RedHawks,UConn Huskies,betmgm,2026-09-20T19:46:05Z,totals,Over,-108,49.5
2026-09-20T19:46:24+00:00,manual,cfb,b77eb4a9bc3086105491e736c1458112,2026-09-26T19:30:00Z,Miami (OH) RedHawks,UConn Huskies,betmgm,2026-09-20T19:46:05Z,totals,Under,-110,49.5
2026-09-20T19:46:24+00:00,manual,cfb,9fe2a7b54748dc10ff57743cdd1b041c,2026-09-26T19:30:00Z,New Mexico State Aggies,New Mexico Lobos,fanduel,2026-09-20T19:46:06Z,h2h,New Mexico Lobos,-650,
2026-09-20T19:46:24+00:00,manual,cfb,9fe2a7b54748dc10ff57743cdd1b041c,2026-09-26T19:30:00Z,New Mexico State Aggies,New Mexico Lobos,fanduel,2026-09-20T19:46:06Z,h2h,New Mexico State Aggies,460,
2026-09-20T19:46:24+00:00,manual,cfb,9fe2a7b54748dc10ff57743cdd1b041c,2026-09-26T19:30:00Z,New Mexico State Aggies,New Mexico Lobos,fanduel,2026-09-20T19:46:06Z,spreads,New Mexico Lobos,-118,-13.5
2026-09-20T19:46:24+00:00,manual,cfb,9fe2a7b54748dc10ff57743cdd1b041c,2026-09-26T19:30:00Z,New Mexico State Aggies,New Mexico Lobos,fanduel,2026-09-20T19:46:06Z,spreads,New Mexico State Aggies,-104,13.5
2026-09-20T19:46:24+00:00,manual,cfb,9fe2a7b54748dc10ff57743cdd1b041c,2026-09-26T19:30:00Z,New Mexico State Aggies,New Mexico Lobos,fanduel,2026-09-20T19:46:06Z,totals,Over,-110,50.5
2026-09-20T19:46:24+00:00,manual,cfb,9fe2a7b54748dc10ff57743cdd1b041c,2026-09-26T19:30:00Z,New Mexico State Aggies,New Mexico Lobos,fanduel,2026-09-20T19:46:06Z,totals,Under,-110,50.5
2026-09-20T19:46:24+00:00,manual,cfb,9fe2a7b54748dc10ff57743cdd1b041c,2026-09-26T19:30:00Z,New Mexico State Aggies,New Mexico Lobos,draftkings,2026-09-20T19:45:46Z,h2h,New Mexico Lobos,-650,
2026-09-20T19:46:24+00:00,manual,cfb,9fe2a7b54748dc10ff57743cdd1b041c,2026-09-26T19:30:00Z,New Mexico State Aggies,New Mexico Lobos,draftkings,2026-09-20T19:45:46Z,h2h,New Mexico State Aggies,470,
2026-09-20T19:46:24+00:00,manual,cfb,9fe2a7b54748dc10ff57743cdd1b041c,2026-09-26T19:30:00Z,New Mexico State Aggies,New Mexico Lobos,draftkings,2026-09-20T19:45:46Z,spreads,New Mexico Lobos,-110,-13.5
2026-09-20T19:46:24+00:00,manual,cfb,9fe2a7b54748dc10ff57743cdd1b041c,2026-09-26T19:30:00Z,New Mexico State Aggies,New Mexico Lobos,draftkings,2026-09-20T19:45:46Z,spreads,New Mexico State Aggies,-110,13.5
2026-09-20T19:46:24+00:00,manual,cfb,9fe2a7b54748dc10ff57743cdd1b041c,2026-09-26T19:30:00Z,New Mexico State Aggies,New Mexico Lobos,draftkings,2026-09-20T19:45:46Z,totals,Over,-110,49.5
2026-09-20T19:46:24+00:00,manual,cfb,9fe2a7b54748dc10ff57743cdd1b041c,2026-09-26T19:30:00Z,New Mexico State Aggies,New Mexico Lobos,draftkings,2026-09-20T19:45:46Z,totals,Under,-110,49.5
2026-09-20T19:46:24+00:00,manual,cfb,9fe2a7b54748dc10ff57743cdd1b041c,2026-09-26T19:30:00Z,New Mexico State Aggies,New Mexico Lobos,lowvig,2026-09-20T19:45:27Z,spreads,New Mexico Lobos,-114,-13.5
2026-09-20T19:46:24+00:00,manual,cfb,9fe2a7b54748dc10ff57743cdd1b041c,2026-09-26T19:30:00Z,New Mexico State Aggies,New Mexico Lobos,lowvig,2026-09-20T19:45:27Z,spreads,New Mexico State Aggies,102,13.5
2026-09-20T19:46:24+00:00,manual,cfb,9fe2a7b54748dc10ff57743cdd1b041c,2026-09-26T19:30:00Z,New Mexico State Aggies,New Mexico Lobos,lowvig,2026-09-20T19:45:27Z,totals,Over,-108,50.0
2026-09-20T19:46:24+00:00,manual,cfb,9fe2a7b54748dc10ff57743cdd1b041c,2026-09-26T19:30:00Z,New Mexico State Aggies,New Mexico Lobos,lowvig,2026-09-20T19:45:27Z,totals,Under,-108,50.0
2026-09-20T19:46:24+00:00,manual,cfb,9fe2a7b54748dc10ff57743cdd1b041c,2026-09-26T19:30:00Z,New Mexico State Aggies,New Mexico Lobos,betonlineag,2026-09-20T19:45:27Z,spreads,New Mexico Lobos,-118,-13.5
2026-09-20T19:46:24+00:00,manual,cfb,9fe2a7b54748dc10ff57743cdd1b041c,2026-09-26T19:30:00Z,New Mexico State Aggies,New Mexico Lobos,betonlineag,2026-09-20T19:45:27Z,spreads,New Mexico State Aggies,-102,13.5
2026-09-20T19:46:24+00:00,manual,cfb,9fe2a7b54748dc10ff57743cdd1b041c,2026-09-26T19:30:00Z,New Mexico State Aggies,New Mexico Lobos,betonlineag,2026-09-20T19:45:27Z,totals,Over,-105,49.0
2026-09-20T19:46:24+00:00,manual,cfb,9fe2a7b54748dc10ff57743cdd1b041c,2026-09-26T19:30:00Z,New Mexico State Aggies,New Mexico Lobos,betonlineag,2026-09-20T19:45:27Z,totals,Under,-115,49.0
2026-09-20T19:46:24+00:00,manual,cfb,9fe2a7b54748dc10ff57743cdd1b041c,2026-09-26T19:30:00Z,New Mexico State Aggies,New Mexico Lobos,betmgm,2026-09-20T19:46:05Z,h2h,New Mexico Lobos,-625,
2026-09-20T19:46:24+00:00,manual,cfb,9fe2a7b54748dc10ff57743cdd1b041c,2026-09-26T19:30:00Z,New Mexico State Aggies,New Mexico Lobos,betmgm,2026-09-20T19:46:05Z,h2h,New Mexico State Aggies,475,
2026-09-20T19:46:24+00:00,manual,cfb,9fe2a7b54748dc10ff57743cdd1b041c,2026-09-26T19:30:00Z,New Mexico State Aggies,New Mexico Lobos,betmgm,2026-09-20T19:46:05Z,spreads,New Mexico Lobos,-112,-13.5
2026-09-20T19:46:24+00:00,manual,cfb,9fe2a7b54748dc10ff57743cdd1b041c,2026-09-26T19:30:00Z,New Mexico State Aggies,New Mexico Lobos,betmgm,2026-09-20T19:46:05Z,spreads,New Mexico State Aggies,-105,13.5
2026-09-20T19:46:24+00:00,manual,cfb,9fe2a7b54748dc10ff57743cdd1b041c,2026-09-26T19:30:00Z,New Mexico State Aggies,New Mexico Lobos,betmgm,2026-09-20T19:46:05Z,totals,Over,-105,50.5
2026-09-20T19:46:24+00:00,manual,cfb,9fe2a7b54748dc10ff57743cdd1b041c,2026-09-26T19:30:00Z,New Mexico State Aggies,New Mexico Lobos,betmgm,2026-09-20T19:46:05Z,totals,Under,-112,50.5
2026-09-20T19:46:24+00:00,manual,cfb,dc2fd7526ea0bba9adc09a5627b637bf,2026-09-26T19:30:00Z,Sacramento State Hornets,UMass Minutemen,fanduel,2026-09-20T19:46:06Z,h2h,Sacramento State Hornets,176,
2026-09-20T19:46:24+00:00,manual,cfb,dc2fd7526ea0bba9adc09a5627b637bf,2026-09-26T19:30:00Z,Sacramento State Hornets,UMass Minutemen,fanduel,2026-09-20T19:46:06Z,h2h,UMass Minutemen,-215,
2026-09-20T19:46:24+00:00,manual,cfb,dc2fd7526ea0bba9adc09a5627b637bf,2026-09-26T19:30:00Z,Sacramento State Hornets,UMass Minutemen,fanduel,2026-09-20T19:46:06Z,spreads,Sacramento State Hornets,-110,5.5
2026-09-20T19:46:24+00:00,manual,cfb,dc2fd7526ea0bba9adc09a5627b637bf,2026-09-26T19:30:00Z,Sacramento State Hornets,UMass Minutemen,fanduel,2026-09-20T19:46:06Z,spreads,UMass Minutemen,-110,-5.5
2026-09-20T19:46:24+00:00,manual,cfb,dc2fd7526ea0bba9adc09a5627b637bf,2026-09-26T19:30:00Z,Sacramento State Hornets,UMass Minutemen,fanduel,2026-09-20T19:46:06Z,totals,Over,-118,49.5
2026-09-20T19:46:24+00:00,manual,cfb,dc2fd7526ea0bba9adc09a5627b637bf,2026-09-26T19:30:00Z,Sacramento State Hornets,UMass Minutemen,fanduel,2026-09-20T19:46:06Z,totals,Under,-104,49.5
2026-09-20T19:46:24+00:00,manual,cfb,dc2fd7526ea0bba9adc09a5627b637bf,2026-09-26T19:30:00Z,Sacramento State Hornets,UMass Minutemen,draftkings,2026-09-20T19:45:46Z,h2h,Sacramento State Hornets,195,
2026-09-20T19:46:24+00:00,manual,cfb,dc2fd7526ea0bba9adc09a5627b637bf,2026-09-26T19:30:00Z,Sacramento State Hornets,UMass Minutemen,draftkings,2026-09-20T19:45:46Z,h2h,UMass Minutemen,-238,
2026-09-20T19:46:24+00:00,manual,cfb,dc2fd7526ea0bba9adc09a5627b637bf,2026-09-26T19:30:00Z,Sacramento State Hornets,UMass Minutemen,draftkings,2026-09-20T19:45:46Z,spreads,Sacramento State Hornets,-110,6.5
2026-09-20T19:46:24+00:00,manual,cfb,dc2fd7526ea0bba9adc09a5627b637bf,2026-09-26T19:30:00Z,Sacramento State Hornets,UMass Minutemen,draftkings,2026-09-20T19:45:46Z,spreads,UMass Minutemen,-110,-6.5
2026-09-20T19:46:24+00:00,manual,cfb,dc2fd7526ea0bba9adc09a5627b637bf,2026-09-26T19:30:00Z,Sacramento State Hornets,UMass Minutemen,draftkings,2026-09-20T19:45:46Z,totals,Over,-110,50.5
2026-09-20T19:46:24+00:00,manual,cfb,dc2fd7526ea0bba9adc09a5627b637bf,2026-09-26T19:30:00Z,Sacramento State Hornets,UMass Minutemen,draftkings,2026-09-20T19:45:46Z,totals,Under,-110,50.5
2026-09-20T19:46:24+00:00,manual,cfb,dc2fd7526ea0bba9adc09a5627b637bf,2026-09-26T19:30:00Z,Sacramento State Hornets,UMass Minutemen,betonlineag,2026-09-20T19:45:27Z,spreads,Sacramento State Hornets,-110,5.5
2026-09-20T19:46:24+00:00,manual,cfb,dc2fd7526ea0bba9adc09a5627b637bf,2026-09-26T19:30:00Z,Sacramento State Hornets,UMass Minutemen,betonlineag,2026-09-20T19:45:27Z,spreads,UMass Minutemen,-110,-5.5
2026-09-20T19:46:24+00:00,manual,cfb,dc2fd7526ea0bba9adc09a5627b637bf,2026-09-26T19:30:00Z,Sacramento State Hornets,UMass Minutemen,betonlineag,2026-09-20T19:45:27Z,totals,Over,-110,49.5
2026-09-20T19:46:24+00:00,manual,cfb,dc2fd7526ea0bba9adc09a5627b637bf,2026-09-26T19:30:00Z,Sacramento State Hornets,UMass Minutemen,betonlineag,2026-09-20T19:45:27Z,totals,Under,-110,49.5
2026-09-20T19:46:24+00:00,manual,cfb,dc2fd7526ea0bba9adc09a5627b637bf,2026-09-26T19:30:00Z,Sacramento State Hornets,UMass Minutemen,lowvig,2026-09-20T19:45:27Z,spreads,Sacramento State Hornets,-106,5.5
2026-09-20T19:46:24+00:00,manual,cfb,dc2fd7526ea0bba9adc09a5627b637bf,2026-09-26T19:30:00Z,Sacramento State Hornets,UMass Minutemen,lowvig,2026-09-20T19:45:27Z,spreads,UMass Minutemen,-106,-5.5
2026-09-20T19:46:24+00:00,manual,cfb,dc2fd7526ea0bba9adc09a5627b637bf,2026-09-26T19:30:00Z,Sacramento State Hornets,UMass Minutemen,lowvig,2026-09-20T19:45:27Z,totals,Over,-108,49.5
2026-09-20T19:46:24+00:00,manual,cfb,dc2fd7526ea0bba9adc09a5627b637bf,2026-09-26T19:30:00Z,Sacramento State Hornets,UMass Minutemen,lowvig,2026-09-20T19:45:27Z,totals,Under,-108,49.5
2026-09-20T19:46:24+00:00,manual,cfb,e257aae5483bbfc89e2c570fc9304e1c,2026-09-26T19:30:00Z,Toledo Rockets,San Diego State Aztecs,fanduel,2026-09-20T19:46:06Z,h2h,San Diego State Aztecs,112,
2026-09-20T19:46:24+00:00,manual,cfb,e257aae5483bbfc89e2c570fc9304e1c,2026-09-26T19:30:00Z,Toledo Rockets,San Diego State Aztecs,fanduel,2026-09-20T19:46:06Z,h2h,Toledo Rockets,-134,
2026-09-20T19:46:24+00:00,manual,cfb,e257aae5483bbfc89e2c570fc9304e1c,2026-09-26T19:30:00Z,Toledo Rockets,San Diego State Aztecs,fanduel,2026-09-20T19:46:06Z,spreads,San Diego State Aztecs,-102,1.5
2026-09-20T19:46:24+00:00,manual,cfb,e257aae5483bbfc89e2c570fc9304e1c,2026-09-26T19:30:00Z,Toledo Rockets,San Diego State Aztecs,fanduel,2026-09-20T19:46:06Z,spreads,Toledo Rockets,-120,-1.5
2026-09-20T19:46:24+00:00,manual,cfb,e257aae5483bbfc89e2c570fc9304e1c,2026-09-26T19:30:00Z,Toledo Rockets,San Diego State Aztecs,fanduel,2026-09-20T19:46:06Z,totals,Over,-110,48.5
2026-09-20T19:46:24+00:00,manual,cfb,e257aae5483bbfc89e2c570fc9304e1c,2026-09-26T19:30:00Z,Toledo Rockets,San Diego State Aztecs,fanduel,2026-09-20T19:46:06Z,totals,Under,-110,48.5
2026-09-20T19:46:24+00:00,manual,cfb,e257aae5483bbfc89e2c570fc9304e1c,2026-09-26T19:30:00Z,Toledo Rockets,San Diego State Aztecs,draftkings,2026-09-20T19:45:46Z,h2h,San Diego State Aztecs,102,
2026-09-20T19:46:24+00:00,manual,cfb,e257aae5483bbfc89e2c570fc9304e1c,2026-09-26T19:30:00Z,Toledo Rockets,San Diego State Aztecs,draftkings,2026-09-20T19:45:46Z,h2h,Toledo Rockets,-122,
2026-09-20T19:46:24+00:00,manual,cfb,e257aae5483bbfc89e2c570fc9304e1c,2026-09-26T19:30:00Z,Toledo Rockets,San Diego State Aztecs,draftkings,2026-09-20T19:45:46Z,spreads,San Diego State Aztecs,-108,2.5
2026-09-20T19:46:24+00:00,manual,cfb,e257aae5483bbfc89e2c570fc9304e1c,2026-09-26T19:30:00Z,Toledo Rockets,San Diego State Aztecs,draftkings,2026-09-20T19:45:46Z,spreads,Toledo Rockets,-112,-2.5
2026-09-20T19:46:24+00:00,manual,cfb,e257aae5483bbfc89e2c570fc9304e1c,2026-09-26T19:30:00Z,Toledo Rockets,San Diego State Aztecs,draftkings,2026-09-20T19:45:46Z,totals,Over,-108,49.5
2026-09-20T19:46:24+00:00,manual,cfb,e257aae5483bbfc89e2c570fc9304e1c,2026-09-26T19:30:00Z,Toledo Rockets,San Diego State Aztecs,draftkings,2026-09-20T19:45:46Z,totals,Under,-112,49.5
2026-09-20T19:46:24+00:00,manual,cfb,e257aae5483bbfc89e2c570fc9304e1c,2026-09-26T19:30:00Z,Toledo Rockets,San Diego State Aztecs,lowvig,2026-09-20T19:45:27Z,spreads,San Diego State Aztecs,-106,2.5
2026-09-20T19:46:24+00:00,manual,cfb,e257aae5483bbfc89e2c570fc9304e1c,2026-09-26T19:30:00Z,Toledo Rockets,San Diego State Aztecs,lowvig,2026-09-20T19:45:27Z,spreads,Toledo Rockets,-106,-2.5
2026-09-20T19:46:24+00:00,manual,cfb,e257aae5483bbfc89e2c570fc9304e1c,2026-09-26T19:30:00Z,Toledo Rockets,San Diego State Aztecs,lowvig,2026-09-20T19:45:27Z,totals,Over,-108,50.5
2026-09-20T19:46:24+00:00,manual,cfb,e257aae5483bbfc89e2c570fc9304e1c,2026-09-26T19:30:00Z,Toledo Rockets,San Diego State Aztecs,lowvig,2026-09-20T19:45:27Z,totals,Under,-108,50.5
2026-09-20T19:46:24+00:00,manual,cfb,e257aae5483bbfc89e2c570fc9304e1c,2026-09-26T19:30:00Z,Toledo Rockets,San Diego State Aztecs,betonlineag,2026-09-20T19:45:27Z,spreads,San Diego State Aztecs,-110,2.5
2026-09-20T19:46:24+00:00,manual,cfb,e257aae5483bbfc89e2c570fc9304e1c,2026-09-26T19:30:00Z,Toledo Rockets,San Diego State Aztecs,betonlineag,2026-09-20T19:45:27Z,spreads,Toledo Rockets,-110,-2.5
2026-09-20T19:46:24+00:00,manual,cfb,e257aae5483bbfc89e2c570fc9304e1c,2026-09-26T19:30:00Z,Toledo Rockets,San Diego State Aztecs,betonlineag,2026-09-20T19:45:27Z,totals,Over,-110,50.5
2026-09-20T19:46:24+00:00,manual,cfb,e257aae5483bbfc89e2c570fc9304e1c,2026-09-26T19:30:00Z,Toledo Rockets,San Diego State Aztecs,betonlineag,2026-09-20T19:45:27Z,totals,Under,-110,50.5
2026-09-20T19:46:24+00:00,manual,cfb,e257aae5483bbfc89e2c570fc9304e1c,2026-09-26T19:30:00Z,Toledo Rockets,San Diego State Aztecs,betmgm,2026-09-20T19:46:05Z,h2h,San Diego State Aztecs,105,
2026-09-20T19:46:24+00:00,manual,cfb,e257aae5483bbfc89e2c570fc9304e1c,2026-09-26T19:30:00Z,Toledo Rockets,San Diego State Aztecs,betmgm,2026-09-20T19:46:05Z,h2h,Toledo Rockets,-125,
2026-09-20T19:46:24+00:00,manual,cfb,e257aae5483bbfc89e2c570fc9304e1c,2026-09-26T19:30:00Z,Toledo Rockets,San Diego State Aztecs,betmgm,2026-09-20T19:46:05Z,spreads,San Diego State Aztecs,-105,2.0
2026-09-20T19:46:24+00:00,manual,cfb,e257aae5483bbfc89e2c570fc9304e1c,2026-09-26T19:30:00Z,Toledo Rockets,San Diego State Aztecs,betmgm,2026-09-20T19:46:05Z,spreads,Toledo Rockets,-112,-2.0
2026-09-20T19:46:24+00:00,manual,cfb,e257aae5483bbfc89e2c570fc9304e1c,2026-09-26T19:30:00Z,Toledo Rockets,San Diego State Aztecs,betmgm,2026-09-20T19:46:05Z,totals,Over,-108,49.5
2026-09-20T19:46:24+00:00,manual,cfb,e257aae5483bbfc89e2c570fc9304e1c,2026-09-26T19:30:00Z,Toledo Rockets,San Diego State Aztecs,betmgm,2026-09-20T19:46:05Z,totals,Under,-110,49.5
2026-09-20T19:46:24+00:00,manual,cfb,32171e03f5df71b5c9057bcba40030a7,2026-09-26T19:30:00Z,UCF Knights,TCU Horned Frogs,fanduel,2026-09-20T19:46:06Z,h2h,TCU Horned Frogs,-162,
2026-09-20T19:46:24+00:00,manual,cfb,32171e03f5df71b5c9057bcba40030a7,2026-09-26T19:30:00Z,UCF Knights,TCU Horned Frogs,fanduel,2026-09-20T19:46:06Z,h2h,UCF Knights,134,
2026-09-20T19:46:24+00:00,manual,cfb,32171e03f5df71b5c9057bcba40030a7,2026-09-26T19:30:00Z,UCF Knights,TCU Horned Frogs,fanduel,2026-09-20T19:46:06Z,spreads,TCU Horned Frogs,-105,-3.5
2026-09-20T19:46:24+00:00,manual,cfb,32171e03f5df71b5c9057bcba40030a7,2026-09-26T19:30:00Z,UCF Knights,TCU Horned Frogs,fanduel,2026-09-20T19:46:06Z,spreads,UCF Knights,-115,3.5
2026-09-20T19:46:24+00:00,manual,cfb,32171e03f5df71b5c9057bcba40030a7,2026-09-26T19:30:00Z,UCF Knights,TCU Horned Frogs,fanduel,2026-09-20T19:46:06Z,totals,Over,-110,49.5
2026-09-20T19:46:24+00:00,manual,cfb,32171e03f5df71b5c9057bcba40030a7,2026-09-26T19:30:00Z,UCF Knights,TCU Horned Frogs,fanduel,2026-09-20T19:46:06Z,totals,Under,-110,49.5
2026-09-20T19:46:24+00:00,manual,cfb,32171e03f5df71b5c9057bcba40030a7,2026-09-26T19:30:00Z,UCF Knights,TCU Horned Frogs,draftkings,2026-09-20T19:45:46Z,h2h,TCU Horned Frogs,-155,
2026-09-20T19:46:24+00:00,manual,cfb,32171e03f5df71b5c9057bcba40030a7,2026-09-26T19:30:00Z,UCF Knights,TCU Horned Frogs,draftkings,2026-09-20T19:45:46Z,h2h,UCF Knights,130,
2026-09-20T19:46:24+00:00,manual,cfb,32171e03f5df71b5c9057bcba40030a7,2026-09-26T19:30:00Z,UCF Knights,TCU Horned Frogs,draftkings,2026-09-20T19:45:46Z,spreads,TCU Horned Frogs,-110,-3.0
2026-09-20T19:46:24+00:00,manual,cfb,32171e03f5df71b5c9057bcba40030a7,2026-09-26T19:30:00Z,UCF Knights,TCU Horned Frogs,draftkings,2026-09-20T19:45:46Z,spreads,UCF Knights,-110,3.0
2026-09-20T19:46:24+00:00,manual,cfb,32171e03f5df71b5c9057bcba40030a7,2026-09-26T19:30:00Z,UCF Knights,TCU Horned Frogs,draftkings,2026-09-20T19:45:46Z,totals,Over,-110,51.5
2026-09-20T19:46:24+00:00,manual,cfb,32171e03f5df71b5c9057bcba40030a7,2026-09-26T19:30:00Z,UCF Knights,TCU Horned Frogs,draftkings,2026-09-20T19:45:46Z,totals,Under,-110,51.5
2026-09-20T19:46:24+00:00,manual,cfb,32171e03f5df71b5c9057bcba40030a7,2026-09-26T19:30:00Z,UCF Knights,TCU Horned Frogs,betonlineag,2026-09-20T19:45:27Z,spreads,TCU Horned Frogs,-105,-3.5
2026-09-20T19:46:24+00:00,manual,cfb,32171e03f5df71b5c9057bcba40030a7,2026-09-26T19:30:00Z,UCF Knights,TCU Horned Frogs,betonlineag,2026-09-20T19:45:27Z,spreads,UCF Knights,-115,3.5
2026-09-20T19:46:24+00:00,manual,cfb,32171e03f5df71b5c9057bcba40030a7,2026-09-26T19:30:00Z,UCF Knights,TCU Horned Frogs,betonlineag,2026-09-20T19:45:27Z,totals,Over,-110,49.5
2026-09-20T19:46:24+00:00,manual,cfb,32171e03f5df71b5c9057bcba40030a7,2026-09-26T19:30:00Z,UCF Knights,TCU Horned Frogs,betonlineag,2026-09-20T19:45:27Z,totals,Under,-110,49.5
2026-09-20T19:46:24+00:00,manual,cfb,32171e03f5df71b5c9057bcba40030a7,2026-09-26T19:30:00Z,UCF Knights,TCU Horned Frogs,lowvig,2026-09-20T19:45:27Z,spreads,TCU Horned Frogs,-101,-3.5
2026-09-20T19:46:24+00:00,manual,cfb,32171e03f5df71b5c9057bcba40030a7,2026-09-26T19:30:00Z,UCF Knights,TCU Horned Frogs,lowvig,2026-09-20T19:45:27Z,spreads,UCF Knights,-111,3.5
2026-09-20T19:46:24+00:00,manual,cfb,32171e03f5df71b5c9057bcba40030a7,2026-09-26T19:30:00Z,UCF Knights,TCU Horned Frogs,lowvig,2026-09-20T19:45:27Z,totals,Over,-108,49.5
2026-09-20T19:46:24+00:00,manual,cfb,32171e03f5df71b5c9057bcba40030a7,2026-09-26T19:30:00Z,UCF Knights,TCU Horned Frogs,lowvig,2026-09-20T19:45:27Z,totals,Under,-108,49.5
2026-09-20T19:46:24+00:00,manual,cfb,32171e03f5df71b5c9057bcba40030a7,2026-09-26T19:30:00Z,UCF Knights,TCU Horned Frogs,betmgm,2026-09-20T19:46:05Z,h2h,TCU Horned Frogs,-160,
2026-09-20T19:46:24+00:00,manual,cfb,32171e03f5df71b5c9057bcba40030a7,2026-09-26T19:30:00Z,UCF Knights,TCU Horned Frogs,betmgm,2026-09-20T19:46:05Z,h2h,UCF Knights,130,
2026-09-20T19:46:24+00:00,manual,cfb,b1cdf3ac97be67ee00a53e437e4bfa78,2026-09-26T20:00:00Z,Georgia Southern Eagles,Houston Cougars,fanduel,2026-09-20T19:46:06Z,h2h,Georgia Southern Eagles,740,
2026-09-20T19:46:24+00:00,manual,cfb,b1cdf3ac97be67ee00a53e437e4bfa78,2026-09-26T20:00:00Z,Georgia Southern Eagles,Houston Cougars,fanduel,2026-09-20T19:46:06Z,h2h,Houston Cougars,-1250,
2026-09-20T19:46:24+00:00,manual,cfb,b1cdf3ac97be67ee00a53e437e4bfa78,2026-09-26T20:00:00Z,Georgia Southern Eagles,Houston Cougars,fanduel,2026-09-20T19:46:06Z,spreads,Georgia Southern Eagles,-110,18.5
2026-09-20T19:46:24+00:00,manual,cfb,b1cdf3ac97be67ee00a53e437e4bfa78,2026-09-26T20:00:00Z,Georgia Southern Eagles,Houston Cougars,fanduel,2026-09-20T19:46:06Z,spreads,Houston Cougars,-110,-18.5
2026-09-20T19:46:24+00:00,manual,cfb,b1cdf3ac97be67ee00a53e437e4bfa78,2026-09-26T20:00:00Z,Georgia Southern Eagles,Houston Cougars,fanduel,2026-09-20T19:46:06Z,totals,Over,-110,54.5
2026-09-20T19:46:24+00:00,manual,cfb,b1cdf3ac97be67ee00a53e437e4bfa78,2026-09-26T20:00:00Z,Georgia Southern Eagles,Houston Cougars,fanduel,2026-09-20T19:46:06Z,totals,Under,-110,54.5
2026-09-20T19:46:24+00:00,manual,cfb,b1cdf3ac97be67ee00a53e437e4bfa78,2026-09-26T20:00:00Z,Georgia Southern Eagles,Houston Cougars,draftkings,2026-09-20T19:45:46Z,h2h,Georgia Southern Eagles,900,
2026-09-20T19:46:24+00:00,manual,cfb,b1cdf3ac97be67ee00a53e437e4bfa78,2026-09-26T20:00:00Z,Georgia Southern Eagles,Houston Cougars,draftkings,2026-09-20T19:45:46Z,h2h,Houston Cougars,-1600,
2026-09-20T19:46:24+00:00,manual,cfb,b1cdf3ac97be67ee00a53e437e4bfa78,2026-09-26T20:00:00Z,Georgia Southern Eagles,Houston Cougars,draftkings,2026-09-20T19:45:46Z,spreads,Georgia Southern Eagles,-110,19.5
2026-09-20T19:46:24+00:00,manual,cfb,b1cdf3ac97be67ee00a53e437e4bfa78,2026-09-26T20:00:00Z,Georgia Southern Eagles,Houston Cougars,draftkings,2026-09-20T19:45:46Z,spreads,Houston Cougars,-110,-19.5
2026-09-20T19:46:24+00:00,manual,cfb,b1cdf3ac97be67ee00a53e437e4bfa78,2026-09-26T20:00:00Z,Georgia Southern Eagles,Houston Cougars,draftkings,2026-09-20T19:45:46Z,totals,Over,-110,55.5
2026-09-20T19:46:24+00:00,manual,cfb,b1cdf3ac97be67ee00a53e437e4bfa78,2026-09-26T20:00:00Z,Georgia Southern Eagles,Houston Cougars,draftkings,2026-09-20T19:45:46Z,totals,Under,-110,55.5
2026-09-20T19:46:24+00:00,manual,cfb,b1cdf3ac97be67ee00a53e437e4bfa78,2026-09-26T20:00:00Z,Georgia Southern Eagles,Houston Cougars,betonlineag,2026-09-20T19:45:27Z,spreads,Georgia Southern Eagles,-110,19.0
2026-09-20T19:46:24+00:00,manual,cfb,b1cdf3ac97be67ee00a53e437e4bfa78,2026-09-26T20:00:00Z,Georgia Southern Eagles,Houston Cougars,betonlineag,2026-09-20T19:45:27Z,spreads,Houston Cougars,-110,-19.0
2026-09-20T19:46:24+00:00,manual,cfb,b1cdf3ac97be67ee00a53e437e4bfa78,2026-09-26T20:00:00Z,Georgia Southern Eagles,Houston Cougars,betonlineag,2026-09-20T19:45:27Z,totals,Over,-110,55.0
2026-09-20T19:46:24+00:00,manual,cfb,b1cdf3ac97be67ee00a53e437e4bfa78,2026-09-26T20:00:00Z,Georgia Southern Eagles,Houston Cougars,betonlineag,2026-09-20T19:45:27Z,totals,Under,-110,55.0
2026-09-20T19:46:24+00:00,manual,cfb,b1cdf3ac97be67ee00a53e437e4bfa78,2026-09-26T20:00:00Z,Georgia Southern Eagles,Houston Cougars,lowvig,2026-09-20T19:45:27Z,spreads,Georgia Southern Eagles,-106,19.0
2026-09-20T19:46:24+00:00,manual,cfb,b1cdf3ac97be67ee00a53e437e4bfa78,2026-09-26T20:00:00Z,Georgia Southern Eagles,Houston Cougars,lowvig,2026-09-20T19:45:27Z,spreads,Houston Cougars,-106,-19.0
2026-09-20T19:46:24+00:00,manual,cfb,b1cdf3ac97be67ee00a53e437e4bfa78,2026-09-26T20:00:00Z,Georgia Southern Eagles,Houston Cougars,lowvig,2026-09-20T19:45:27Z,totals,Over,-108,55.0
2026-09-20T19:46:24+00:00,manual,cfb,b1cdf3ac97be67ee00a53e437e4bfa78,2026-09-26T20:00:00Z,Georgia Southern Eagles,Houston Cougars,lowvig,2026-09-20T19:45:27Z,totals,Under,-108,55.0
2026-09-20T19:46:24+00:00,manual,cfb,b1cdf3ac97be67ee00a53e437e4bfa78,2026-09-26T20:00:00Z,Georgia Southern Eagles,Houston Cougars,betmgm,2026-09-20T19:46:05Z,h2h,Georgia Southern Eagles,900,
2026-09-20T19:46:24+00:00,manual,cfb,b1cdf3ac97be67ee00a53e437e4bfa78,2026-09-26T20:00:00Z,Georgia Southern Eagles,Houston Cougars,betmgm,2026-09-20T19:46:05Z,h2h,Houston Cougars,-1400,
2026-09-20T19:46:24+00:00,manual,cfb,b1cdf3ac97be67ee00a53e437e4bfa78,2026-09-26T20:00:00Z,Georgia Southern Eagles,Houston Cougars,betmgm,2026-09-20T19:46:05Z,spreads,Georgia Southern Eagles,-110,19.5
2026-09-20T19:46:24+00:00,manual,cfb,b1cdf3ac97be67ee00a53e437e4bfa78,2026-09-26T20:00:00Z,Georgia Southern Eagles,Houston Cougars,betmgm,2026-09-20T19:46:05Z,spreads,Houston Cougars,-108,-19.5
2026-09-20T19:46:24+00:00,manual,cfb,b1cdf3ac97be67ee00a53e437e4bfa78,2026-09-26T20:00:00Z,Georgia Southern Eagles,Houston Cougars,betmgm,2026-09-20T19:46:05Z,totals,Over,-118,54.5
2026-09-20T19:46:24+00:00,manual,cfb,b1cdf3ac97be67ee00a53e437e4bfa78,2026-09-26T20:00:00Z,Georgia Southern Eagles,Houston Cougars,betmgm,2026-09-20T19:46:05Z,totals,Under,-102,54.5
2026-09-20T19:46:24+00:00,manual,cfb,edf8d3e3699aa5cb34c50ac7de992d37,2026-09-26T20:15:00Z,Auburn Tigers,Vanderbilt Commodores,draftkings,2026-09-20T19:45:46Z,h2h,Auburn Tigers,-360,
2026-09-20T19:46:24+00:00,manual,cfb,edf8d3e3699aa5cb34c50ac7de992d37,2026-09-26T20:15:00Z,Auburn Tigers,Vanderbilt Commodores,draftkings,2026-09-20T19:45:46Z,h2h,Vanderbilt Commodores,285,
2026-09-20T19:46:24+00:00,manual,cfb,edf8d3e3699aa5cb34c50ac7de992d37,2026-09-26T20:15:00Z,Auburn Tigers,Vanderbilt Commodores,draftkings,2026-09-20T19:45:46Z,spreads,Auburn Tigers,-110,-9.5
2026-09-20T19:46:24+00:00,manual,cfb,edf8d3e3699aa5cb34c50ac7de992d37,2026-09-26T20:15:00Z,Auburn Tigers,Vanderbilt Commodores,draftkings,2026-09-20T19:45:46Z,spreads,Vanderbilt Commodores,-110,9.5
2026-09-20T19:46:24+00:00,manual,cfb,edf8d3e3699aa5cb34c50ac7de992d37,2026-09-26T20:15:00Z,Auburn Tigers,Vanderbilt Commodores,draftkings,2026-09-20T19:45:46Z,totals,Over,-110,52.5
2026-09-20T19:46:24+00:00,manual,cfb,edf8d3e3699aa5cb34c50ac7de992d37,2026-09-26T20:15:00Z,Auburn Tigers,Vanderbilt Commodores,draftkings,2026-09-20T19:45:46Z,totals,Under,-110,52.5
2026-09-20T19:46:24+00:00,manual,cfb,edf8d3e3699aa5cb34c50ac7de992d37,2026-09-26T20:15:00Z,Auburn Tigers,Vanderbilt Commodores,fanduel,2026-09-20T19:46:06Z,h2h,Auburn Tigers,-350,
2026-09-20T19:46:24+00:00,manual,cfb,edf8d3e3699aa5cb34c50ac7de992d37,2026-09-26T20:15:00Z,Auburn Tigers,Vanderbilt Commodores,fanduel,2026-09-20T19:46:06Z,h2h,Vanderbilt Commodores,270,
2026-09-20T19:46:24+00:00,manual,cfb,edf8d3e3699aa5cb34c50ac7de992d37,2026-09-26T20:15:00Z,Auburn Tigers,Vanderbilt Commodores,fanduel,2026-09-20T19:46:06Z,spreads,Auburn Tigers,-110,-9.5
2026-09-20T19:46:24+00:00,manual,cfb,edf8d3e3699aa5cb34c50ac7de992d37,2026-09-26T20:15:00Z,Auburn Tigers,Vanderbilt Commodores,fanduel,2026-09-20T19:46:06Z,spreads,Vanderbilt Commodores,-110,9.5
2026-09-20T19:46:24+00:00,manual,cfb,edf8d3e3699aa5cb34c50ac7de992d37,2026-09-26T20:15:00Z,Auburn Tigers,Vanderbilt Commodores,fanduel,2026-09-20T19:46:06Z,totals,Over,-112,53.5
2026-09-20T19:46:24+00:00,manual,cfb,edf8d3e3699aa5cb34c50ac7de992d37,2026-09-26T20:15:00Z,Auburn Tigers,Vanderbilt Commodores,fanduel,2026-09-20T19:46:06Z,totals,Under,-108,53.5
2026-09-20T19:46:24+00:00,manual,cfb,edf8d3e3699aa5cb34c50ac7de992d37,2026-09-26T20:15:00Z,Auburn Tigers,Vanderbilt Commodores,lowvig,2026-09-20T19:45:27Z,spreads,Auburn Tigers,-106,-9.0
2026-09-20T19:46:24+00:00,manual,cfb,edf8d3e3699aa5cb34c50ac7de992d37,2026-09-26T20:15:00Z,Auburn Tigers,Vanderbilt Commodores,lowvig,2026-09-20T19:45:27Z,spreads,Vanderbilt Commodores,-106,9.0
2026-09-20T19:46:24+00:00,manual,cfb,edf8d3e3699aa5cb34c50ac7de992d37,2026-09-26T20:15:00Z,Auburn Tigers,Vanderbilt Commodores,lowvig,2026-09-20T19:45:27Z,totals,Over,-108,53.0
2026-09-20T19:46:24+00:00,manual,cfb,edf8d3e3699aa5cb34c50ac7de992d37,2026-09-26T20:15:00Z,Auburn Tigers,Vanderbilt Commodores,lowvig,2026-09-20T19:45:27Z,totals,Under,-108,53.0
2026-09-20T19:46:24+00:00,manual,cfb,edf8d3e3699aa5cb34c50ac7de992d37,2026-09-26T20:15:00Z,Auburn Tigers,Vanderbilt Commodores,betonlineag,2026-09-20T19:45:27Z,spreads,Auburn Tigers,-110,-9.0
2026-09-20T19:46:24+00:00,manual,cfb,edf8d3e3699aa5cb34c50ac7de992d37,2026-09-26T20:15:00Z,Auburn Tigers,Vanderbilt Commodores,betonlineag,2026-09-20T19:45:27Z,spreads,Vanderbilt Commodores,-110,9.0
2026-09-20T19:46:24+00:00,manual,cfb,edf8d3e3699aa5cb34c50ac7de992d37,2026-09-26T20:15:00Z,Auburn Tigers,Vanderbilt Commodores,betonlineag,2026-09-20T19:45:27Z,totals,Over,-110,53.0
2026-09-20T19:46:24+00:00,manual,cfb,edf8d3e3699aa5cb34c50ac7de992d37,2026-09-26T20:15:00Z,Auburn Tigers,Vanderbilt Commodores,betonlineag,2026-09-20T19:45:27Z,totals,Under,-110,53.0
2026-09-20T19:46:24+00:00,manual,cfb,edf8d3e3699aa5cb34c50ac7de992d37,2026-09-26T20:15:00Z,Auburn Tigers,Vanderbilt Commodores,betmgm,2026-09-20T19:46:05Z,h2h,Auburn Tigers,-350,
2026-09-20T19:46:24+00:00,manual,cfb,edf8d3e3699aa5cb34c50ac7de992d37,2026-09-26T20:15:00Z,Auburn Tigers,Vanderbilt Commodores,betmgm,2026-09-20T19:46:05Z,h2h,Vanderbilt Commodores,275,
2026-09-20T19:46:24+00:00,manual,cfb,edf8d3e3699aa5cb34c50ac7de992d37,2026-09-26T20:15:00Z,Auburn Tigers,Vanderbilt Commodores,betmgm,2026-09-20T19:46:05Z,spreads,Auburn Tigers,-110,-9.5
2026-09-20T19:46:24+00:00,manual,cfb,edf8d3e3699aa5cb34c50ac7de992d37,2026-09-26T20:15:00Z,Auburn Tigers,Vanderbilt Commodores,betmgm,2026-09-20T19:46:05Z,spreads,Vanderbilt Commodores,-108,9.5
2026-09-20T19:46:24+00:00,manual,cfb,edf8d3e3699aa5cb34c50ac7de992d37,2026-09-26T20:15:00Z,Auburn Tigers,Vanderbilt Commodores,betmgm,2026-09-20T19:46:05Z,totals,Over,-108,53.5
2026-09-20T19:46:24+00:00,manual,cfb,edf8d3e3699aa5cb34c50ac7de992d37,2026-09-26T20:15:00Z,Auburn Tigers,Vanderbilt Commodores,betmgm,2026-09-20T19:46:05Z,totals,Under,-110,53.5
2026-09-20T19:46:24+00:00,manual,cfb,10078e86207d952986707c1ad7dc9331,2026-09-26T21:00:00Z,Bowling Green Falcons,South Florida Bulls,fanduel,2026-09-20T19:46:06Z,h2h,Bowling Green Falcons,760,
2026-09-20T19:46:24+00:00,manual,cfb,10078e86207d952986707c1ad7dc9331,2026-09-26T21:00:00Z,Bowling Green Falcons,South Florida Bulls,fanduel,2026-09-20T19:46:06Z,h2h,South Florida Bulls,-1250,
2026-09-20T19:46:24+00:00,manual,cfb,10078e86207d952986707c1ad7dc9331,2026-09-26T21:00:00Z,Bowling Green Falcons,South Florida Bulls,fanduel,2026-09-20T19:46:06Z,spreads,Bowling Green Falcons,-110,17.5
2026-09-20T19:46:24+00:00,manual,cfb,10078e86207d952986707c1ad7dc9331,2026-09-26T21:00:00Z,Bowling Green Falcons,South Florida Bulls,fanduel,2026-09-20T19:46:06Z,spreads,South Florida Bulls,-110,-17.5
2026-09-20T19:46:24+00:00,manual,cfb,10078e86207d952986707c1ad7dc9331,2026-09-26T21:00:00Z,Bowling Green Falcons,South Florida Bulls,fanduel,2026-09-20T19:46:06Z,totals,Over,-110,50.5
2026-09-20T19:46:24+00:00,manual,cfb,10078e86207d952986707c1ad7dc9331,2026-09-26T21:00:00Z,Bowling Green Falcons,South Florida Bulls,fanduel,2026-09-20T19:46:06Z,totals,Under,-110,50.5
2026-09-20T19:46:24+00:00,manual,cfb,10078e86207d952986707c1ad7dc9331,2026-09-26T21:00:00Z,Bowling Green Falcons,South Florida Bulls,draftkings,2026-09-20T19:45:46Z,h2h,Bowling Green Falcons,675,
2026-09-20T19:46:24+00:00,manual,cfb,10078e86207d952986707c1ad7dc9331,2026-09-26T21:00:00Z,Bowling Green Falcons,South Florida Bulls,draftkings,2026-09-20T19:45:46Z,h2h,South Florida Bulls,-1050,
2026-09-20T19:46:24+00:00,manual,cfb,10078e86207d952986707c1ad7dc9331,2026-09-26T21:00:00Z,Bowling Green Falcons,South Florida Bulls,draftkings,2026-09-20T19:45:46Z,spreads,Bowling Green Falcons,-110,16.5
2026-09-20T19:46:24+00:00,manual,cfb,10078e86207d952986707c1ad7dc9331,2026-09-26T21:00:00Z,Bowling Green Falcons,South Florida Bulls,draftkings,2026-09-20T19:45:46Z,spreads,South Florida Bulls,-110,-16.5
2026-09-20T19:46:24+00:00,manual,cfb,10078e86207d952986707c1ad7dc9331,2026-09-26T21:00:00Z,Bowling Green Falcons,South Florida Bulls,draftkings,2026-09-20T19:45:46Z,totals,Over,-110,51.5
2026-09-20T19:46:24+00:00,manual,cfb,10078e86207d952986707c1ad7dc9331,2026-09-26T21:00:00Z,Bowling Green Falcons,South Florida Bulls,draftkings,2026-09-20T19:45:46Z,totals,Under,-110,51.5
2026-09-20T19:46:24+00:00,manual,cfb,10078e86207d952986707c1ad7dc9331,2026-09-26T21:00:00Z,Bowling Green Falcons,South Florida Bulls,lowvig,2026-09-20T19:45:27Z,spreads,Bowling Green Falcons,-106,17.5
2026-09-20T19:46:24+00:00,manual,cfb,10078e86207d952986707c1ad7dc9331,2026-09-26T21:00:00Z,Bowling Green Falcons,South Florida Bulls,lowvig,2026-09-20T19:45:27Z,spreads,South Florida Bulls,-106,-17.5
2026-09-20T19:46:24+00:00,manual,cfb,10078e86207d952986707c1ad7dc9331,2026-09-26T21:00:00Z,Bowling Green Falcons,South Florida Bulls,lowvig,2026-09-20T19:45:27Z,totals,Over,-108,50.0
2026-09-20T19:46:24+00:00,manual,cfb,10078e86207d952986707c1ad7dc9331,2026-09-26T21:00:00Z,Bowling Green Falcons,South Florida Bulls,lowvig,2026-09-20T19:45:27Z,totals,Under,-108,50.0
2026-09-20T19:46:24+00:00,manual,cfb,10078e86207d952986707c1ad7dc9331,2026-09-26T21:00:00Z,Bowling Green Falcons,South Florida Bulls,betonlineag,2026-09-20T19:45:27Z,spreads,Bowling Green Falcons,-110,17.5
2026-09-20T19:46:24+00:00,manual,cfb,10078e86207d952986707c1ad7dc9331,2026-09-26T21:00:00Z,Bowling Green Falcons,South Florida Bulls,betonlineag,2026-09-20T19:45:27Z,spreads,South Florida Bulls,-110,-17.5
2026-09-20T19:46:24+00:00,manual,cfb,10078e86207d952986707c1ad7dc9331,2026-09-26T21:00:00Z,Bowling Green Falcons,South Florida Bulls,betonlineag,2026-09-20T19:45:27Z,totals,Over,-110,50.0
2026-09-20T19:46:24+00:00,manual,cfb,10078e86207d952986707c1ad7dc9331,2026-09-26T21:00:00Z,Bowling Green Falcons,South Florida Bulls,betonlineag,2026-09-20T19:45:27Z,totals,Under,-110,50.0
2026-09-20T19:46:24+00:00,manual,cfb,10078e86207d952986707c1ad7dc9331,2026-09-26T21:00:00Z,Bowling Green Falcons,South Florida Bulls,betmgm,2026-09-20T19:46:05Z,h2h,Bowling Green Falcons,750,
2026-09-20T19:46:24+00:00,manual,cfb,10078e86207d952986707c1ad7dc9331,2026-09-26T21:00:00Z,Bowling Green Falcons,South Florida Bulls,betmgm,2026-09-20T19:46:05Z,h2h,South Florida Bulls,-1100,
2026-09-20T19:46:24+00:00,manual,cfb,10078e86207d952986707c1ad7dc9331,2026-09-26T21:00:00Z,Bowling Green Falcons,South Florida Bulls,betmgm,2026-09-20T19:46:05Z,spreads,Bowling Green Falcons,-110,17.5
2026-09-20T19:46:24+00:00,manual,cfb,10078e86207d952986707c1ad7dc9331,2026-09-26T21:00:00Z,Bowling Green Falcons,South Florida Bulls,betmgm,2026-09-20T19:46:05Z,spreads,South Florida Bulls,-108,-17.5
2026-09-20T19:46:24+00:00,manual,cfb,10078e86207d952986707c1ad7dc9331,2026-09-26T21:00:00Z,Bowling Green Falcons,South Florida Bulls,betmgm,2026-09-20T19:46:05Z,totals,Over,-112,50.5
2026-09-20T19:46:24+00:00,manual,cfb,10078e86207d952986707c1ad7dc9331,2026-09-26T21:00:00Z,Bowling Green Falcons,South Florida Bulls,betmgm,2026-09-20T19:46:05Z,totals,Under,-105,50.5
2026-09-20T19:46:24+00:00,manual,cfb,023386f1b92db2259c7d52b2f244182f,2026-09-26T21:00:00Z,Michigan State Spartans,Nebraska Cornhuskers,draftkings,2026-09-20T19:45:46Z,h2h,Michigan State Spartans,160,
2026-09-20T19:46:24+00:00,manual,cfb,023386f1b92db2259c7d52b2f244182f,2026-09-26T21:00:00Z,Michigan State Spartans,Nebraska Cornhuskers,draftkings,2026-09-20T19:45:46Z,h2h,Nebraska Cornhuskers,-192,
2026-09-20T19:46:24+00:00,manual,cfb,023386f1b92db2259c7d52b2f244182f,2026-09-26T21:00:00Z,Michigan State Spartans,Nebraska Cornhuskers,draftkings,2026-09-20T19:45:46Z,spreads,Michigan State Spartans,-110,4.5
2026-09-20T19:46:24+00:00,manual,cfb,023386f1b92db2259c7d52b2f244182f,2026-09-26T21:00:00Z,Michigan State Spartans,Nebraska Cornhuskers,draftkings,2026-09-20T19:45:46Z,spreads,Nebraska Cornhuskers,-110,-4.5
2026-09-20T19:46:24+00:00,manual,cfb,023386f1b92db2259c7d52b2f244182f,2026-09-26T21:00:00Z,Michigan State Spartans,Nebraska Cornhuskers,draftkings,2026-09-20T19:45:46Z,totals,Over,-115,48.5
2026-09-20T19:46:24+00:00,manual,cfb,023386f1b92db2259c7d52b2f244182f,2026-09-26T21:00:00Z,Michigan State Spartans,Nebraska Cornhuskers,draftkings,2026-09-20T19:45:46Z,totals,Under,-105,48.5
2026-09-20T19:46:24+00:00,manual,cfb,023386f1b92db2259c7d52b2f244182f,2026-09-26T21:00:00Z,Michigan State Spartans,Nebraska Cornhuskers,fanduel,2026-09-20T19:46:06Z,h2h,Michigan State Spartans,160,
2026-09-20T19:46:24+00:00,manual,cfb,023386f1b92db2259c7d52b2f244182f,2026-09-26T21:00:00Z,Michigan State Spartans,Nebraska Cornhuskers,fanduel,2026-09-20T19:46:06Z,h2h,Nebraska Cornhuskers,-194,
2026-09-20T19:46:24+00:00,manual,cfb,023386f1b92db2259c7d52b2f244182f,2026-09-26T21:00:00Z,Michigan State Spartans,Nebraska Cornhuskers,fanduel,2026-09-20T19:46:06Z,spreads,Michigan State Spartans,-108,4.5
2026-09-20T19:46:24+00:00,manual,cfb,023386f1b92db2259c7d52b2f244182f,2026-09-26T21:00:00Z,Michigan State Spartans,Nebraska Cornhuskers,fanduel,2026-09-20T19:46:06Z,spreads,Nebraska Cornhuskers,-112,-4.5
2026-09-20T19:46:24+00:00,manual,cfb,023386f1b92db2259c7d52b2f244182f,2026-09-26T21:00:00Z,Michigan State Spartans,Nebraska Cornhuskers,fanduel,2026-09-20T19:46:06Z,totals,Over,-105,48.5
2026-09-20T19:46:24+00:00,manual,cfb,023386f1b92db2259c7d52b2f244182f,2026-09-26T21:00:00Z,Michigan State Spartans,Nebraska Cornhuskers,fanduel,2026-09-20T19:46:06Z,totals,Under,-115,48.5
2026-09-20T19:46:24+00:00,manual,cfb,023386f1b92db2259c7d52b2f244182f,2026-09-26T21:00:00Z,Michigan State Spartans,Nebraska Cornhuskers,betonlineag,2026-09-20T19:45:27Z,spreads,Michigan State Spartans,-115,5.5
2026-09-20T19:46:24+00:00,manual,cfb,023386f1b92db2259c7d52b2f244182f,2026-09-26T21:00:00Z,Michigan State Spartans,Nebraska Cornhuskers,betonlineag,2026-09-20T19:45:27Z,spreads,Nebraska Cornhuskers,-105,-5.5
2026-09-20T19:46:24+00:00,manual,cfb,023386f1b92db2259c7d52b2f244182f,2026-09-26T21:00:00Z,Michigan State Spartans,Nebraska Cornhuskers,betonlineag,2026-09-20T19:45:27Z,totals,Over,-110,49.0
2026-09-20T19:46:24+00:00,manual,cfb,023386f1b92db2259c7d52b2f244182f,2026-09-26T21:00:00Z,Michigan State Spartans,Nebraska Cornhuskers,betonlineag,2026-09-20T19:45:27Z,totals,Under,-110,49.0
2026-09-20T19:46:24+00:00,manual,cfb,023386f1b92db2259c7d52b2f244182f,2026-09-26T21:00:00Z,Michigan State Spartans,Nebraska Cornhuskers,lowvig,2026-09-20T19:45:27Z,spreads,Michigan State Spartans,-111,5.5
2026-09-20T19:46:24+00:00,manual,cfb,023386f1b92db2259c7d52b2f244182f,2026-09-26T21:00:00Z,Michigan State Spartans,Nebraska Cornhuskers,lowvig,2026-09-20T19:45:27Z,spreads,Nebraska Cornhuskers,-101,-5.5
2026-09-20T19:46:24+00:00,manual,cfb,023386f1b92db2259c7d52b2f244182f,2026-09-26T21:00:00Z,Michigan State Spartans,Nebraska Cornhuskers,lowvig,2026-09-20T19:45:27Z,totals,Over,-108,49.0
2026-09-20T19:46:24+00:00,manual,cfb,023386f1b92db2259c7d52b2f244182f,2026-09-26T21:00:00Z,Michigan State Spartans,Nebraska Cornhuskers,lowvig,2026-09-20T19:45:27Z,totals,Under,-108,49.0
2026-09-20T19:46:24+00:00,manual,cfb,023386f1b92db2259c7d52b2f244182f,2026-09-26T21:00:00Z,Michigan State Spartans,Nebraska Cornhuskers,betmgm,2026-09-20T19:46:05Z,h2h,Michigan State Spartans,160,
2026-09-20T19:46:24+00:00,manual,cfb,023386f1b92db2259c7d52b2f244182f,2026-09-26T21:00:00Z,Michigan State Spartans,Nebraska Cornhuskers,betmgm,2026-09-20T19:46:05Z,h2h,Nebraska Cornhuskers,-190,
2026-09-20T19:46:24+00:00,manual,cfb,023386f1b92db2259c7d52b2f244182f,2026-09-26T21:00:00Z,Michigan State Spartans,Nebraska Cornhuskers,betmgm,2026-09-20T19:46:05Z,spreads,Michigan State Spartans,-108,4.5
2026-09-20T19:46:24+00:00,manual,cfb,023386f1b92db2259c7d52b2f244182f,2026-09-26T21:00:00Z,Michigan State Spartans,Nebraska Cornhuskers,betmgm,2026-09-20T19:46:05Z,spreads,Nebraska Cornhuskers,-110,-4.5
2026-09-20T19:46:24+00:00,manual,cfb,023386f1b92db2259c7d52b2f244182f,2026-09-26T21:00:00Z,Michigan State Spartans,Nebraska Cornhuskers,betmgm,2026-09-20T19:46:05Z,totals,Over,-110,48.5
2026-09-20T19:46:24+00:00,manual,cfb,023386f1b92db2259c7d52b2f244182f,2026-09-26T21:00:00Z,Michigan State Spartans,Nebraska Cornhuskers,betmgm,2026-09-20T19:46:05Z,totals,Under,-108,48.5
2026-09-20T19:46:24+00:00,manual,cfb,9c5cf55e5371dd6178da97dcaef2bff5,2026-09-26T21:00:00Z,Penn State Nittany Lions,Wisconsin Badgers,draftkings,2026-09-20T19:45:46Z,h2h,Penn State Nittany Lions,-500,
2026-09-20T19:46:24+00:00,manual,cfb,9c5cf55e5371dd6178da97dcaef2bff5,2026-09-26T21:00:00Z,Penn State Nittany Lions,Wisconsin Badgers,draftkings,2026-09-20T19:45:46Z,h2h,Wisconsin Badgers,380,
2026-09-20T19:46:24+00:00,manual,cfb,9c5cf55e5371dd6178da97dcaef2bff5,2026-09-26T21:00:00Z,Penn State Nittany Lions,Wisconsin Badgers,draftkings,2026-09-20T19:45:46Z,spreads,Penn State Nittany Lions,-115,-9.5
2026-09-20T19:46:24+00:00,manual,cfb,9c5cf55e5371dd6178da97dcaef2bff5,2026-09-26T21:00:00Z,Penn State Nittany Lions,Wisconsin Badgers,draftkings,2026-09-20T19:45:46Z,spreads,Wisconsin Badgers,-105,9.5
2026-09-20T19:46:24+00:00,manual,cfb,9c5cf55e5371dd6178da97dcaef2bff5,2026-09-26T21:00:00Z,Penn State Nittany Lions,Wisconsin Badgers,draftkings,2026-09-20T19:45:46Z,totals,Over,-110,44.5
2026-09-20T19:46:24+00:00,manual,cfb,9c5cf55e5371dd6178da97dcaef2bff5,2026-09-26T21:00:00Z,Penn State Nittany Lions,Wisconsin Badgers,draftkings,2026-09-20T19:45:46Z,totals,Under,-110,44.5
2026-09-20T19:46:24+00:00,manual,cfb,9c5cf55e5371dd6178da97dcaef2bff5,2026-09-26T21:00:00Z,Penn State Nittany Lions,Wisconsin Badgers,fanduel,2026-09-20T19:46:06Z,h2h,Penn State Nittany Lions,-410,
2026-09-20T19:46:24+00:00,manual,cfb,9c5cf55e5371dd6178da97dcaef2bff5,2026-09-26T21:00:00Z,Penn State Nittany Lions,Wisconsin Badgers,fanduel,2026-09-20T19:46:06Z,h2h,Wisconsin Badgers,315,
2026-09-20T19:46:24+00:00,manual,cfb,9c5cf55e5371dd6178da97dcaef2bff5,2026-09-26T21:00:00Z,Penn State Nittany Lions,Wisconsin Badgers,fanduel,2026-09-20T19:46:06Z,spreads,Penn State Nittany Lions,-122,-9.5
2026-09-20T19:46:24+00:00,manual,cfb,9c5cf55e5371dd6178da97dcaef2bff5,2026-09-26T21:00:00Z,Penn State Nittany Lions,Wisconsin Badgers,fanduel,2026-09-20T19:46:06Z,spreads,Wisconsin Badgers,100,9.5
2026-09-20T19:46:24+00:00,manual,cfb,9c5cf55e5371dd6178da97dcaef2bff5,2026-09-26T21:00:00Z,Penn State Nittany Lions,Wisconsin Badgers,fanduel,2026-09-20T19:46:06Z,totals,Over,-110,44.5
2026-09-20T19:46:24+00:00,manual,cfb,9c5cf55e5371dd6178da97dcaef2bff5,2026-09-26T21:00:00Z,Penn State Nittany Lions,Wisconsin Badgers,fanduel,2026-09-20T19:46:06Z,totals,Under,-110,44.5
2026-09-20T19:46:24+00:00,manual,cfb,9c5cf55e5371dd6178da97dcaef2bff5,2026-09-26T21:00:00Z,Penn State Nittany Lions,Wisconsin Badgers,betmgm,2026-09-20T19:46:05Z,h2h,Penn State Nittany Lions,-450,
2026-09-20T19:46:24+00:00,manual,cfb,9c5cf55e5371dd6178da97dcaef2bff5,2026-09-26T21:00:00Z,Penn State Nittany Lions,Wisconsin Badgers,betmgm,2026-09-20T19:46:05Z,h2h,Wisconsin Badgers,340,
2026-09-20T19:46:24+00:00,manual,cfb,9c5cf55e5371dd6178da97dcaef2bff5,2026-09-26T21:00:00Z,Penn State Nittany Lions,Wisconsin Badgers,betmgm,2026-09-20T19:46:05Z,spreads,Penn State Nittany Lions,-108,-10.0
2026-09-20T19:46:24+00:00,manual,cfb,9c5cf55e5371dd6178da97dcaef2bff5,2026-09-26T21:00:00Z,Penn State Nittany Lions,Wisconsin Badgers,betmgm,2026-09-20T19:46:05Z,spreads,Wisconsin Badgers,-110,10.0
2026-09-20T19:46:24+00:00,manual,cfb,9c5cf55e5371dd6178da97dcaef2bff5,2026-09-26T21:00:00Z,Penn State Nittany Lions,Wisconsin Badgers,betmgm,2026-09-20T19:46:05Z,totals,Over,-102,45.5
2026-09-20T19:46:24+00:00,manual,cfb,9c5cf55e5371dd6178da97dcaef2bff5,2026-09-26T21:00:00Z,Penn State Nittany Lions,Wisconsin Badgers,betmgm,2026-09-20T19:46:05Z,totals,Under,-118,45.5
2026-09-20T19:46:24+00:00,manual,cfb,9c5cf55e5371dd6178da97dcaef2bff5,2026-09-26T21:00:00Z,Penn State Nittany Lions,Wisconsin Badgers,lowvig,2026-09-20T19:45:27Z,spreads,Penn State Nittany Lions,-101,-10.0
2026-09-20T19:46:24+00:00,manual,cfb,9c5cf55e5371dd6178da97dcaef2bff5,2026-09-26T21:00:00Z,Penn State Nittany Lions,Wisconsin Badgers,lowvig,2026-09-20T19:45:27Z,spreads,Wisconsin Badgers,-111,10.0
2026-09-20T19:46:24+00:00,manual,cfb,9c5cf55e5371dd6178da97dcaef2bff5,2026-09-26T21:00:00Z,Penn State Nittany Lions,Wisconsin Badgers,lowvig,2026-09-20T19:45:27Z,totals,Over,-114,45.5
2026-09-20T19:46:24+00:00,manual,cfb,9c5cf55e5371dd6178da97dcaef2bff5,2026-09-26T21:00:00Z,Penn State Nittany Lions,Wisconsin Badgers,lowvig,2026-09-20T19:45:27Z,totals,Under,-103,45.5
2026-09-20T19:46:24+00:00,manual,cfb,9c5cf55e5371dd6178da97dcaef2bff5,2026-09-26T21:00:00Z,Penn State Nittany Lions,Wisconsin Badgers,betonlineag,2026-09-20T19:45:27Z,spreads,Penn State Nittany Lions,-105,-10.0
2026-09-20T19:46:24+00:00,manual,cfb,9c5cf55e5371dd6178da97dcaef2bff5,2026-09-26T21:00:00Z,Penn State Nittany Lions,Wisconsin Badgers,betonlineag,2026-09-20T19:45:27Z,spreads,Wisconsin Badgers,-115,10.0
2026-09-20T19:46:24+00:00,manual,cfb,9c5cf55e5371dd6178da97dcaef2bff5,2026-09-26T21:00:00Z,Penn State Nittany Lions,Wisconsin Badgers,betonlineag,2026-09-20T19:45:27Z,totals,Over,-115,45.5
2026-09-20T19:46:24+00:00,manual,cfb,9c5cf55e5371dd6178da97dcaef2bff5,2026-09-26T21:00:00Z,Penn State Nittany Lions,Wisconsin Badgers,betonlineag,2026-09-20T19:45:27Z,totals,Under,-105,45.5
2026-09-20T19:46:24+00:00,manual,cfb,ce4578738432ad6327f4e3a4909ddcb5,2026-09-26T22:00:00Z,Virginia Cavaliers,Delaware Blue Hens,fanduel,2026-09-20T19:46:06Z,h2h,Delaware Blue Hens,860,
2026-09-20T19:46:24+00:00,manual,cfb,ce4578738432ad6327f4e3a4909ddcb5,2026-09-26T22:00:00Z,Virginia Cavaliers,Delaware Blue Hens,fanduel,2026-09-20T19:46:06Z,h2h,Virginia Cavaliers,-1600,
2026-09-20T19:46:24+00:00,manual,cfb,ce4578738432ad6327f4e3a4909ddcb5,2026-09-26T22:00:00Z,Virginia Cavaliers,Delaware Blue Hens,fanduel,2026-09-20T19:46:06Z,spreads,Delaware Blue Hens,-110,20.5
2026-09-20T19:46:24+00:00,manual,cfb,ce4578738432ad6327f4e3a4909ddcb5,2026-09-26T22:00:00Z,Virginia Cavaliers,Delaware Blue Hens,fanduel,2026-09-20T19:46:06Z,spreads,Virginia Cavaliers,-110,-20.5
2026-09-20T19:46:24+00:00,manual,cfb,ce4578738432ad6327f4e3a4909ddcb5,2026-09-26T22:00:00Z,Virginia Cavaliers,Delaware Blue Hens,fanduel,2026-09-20T19:46:06Z,totals,Over,-110,52.5
2026-09-20T19:46:24+00:00,manual,cfb,ce4578738432ad6327f4e3a4909ddcb5,2026-09-26T22:00:00Z,Virginia Cavaliers,Delaware Blue Hens,fanduel,2026-09-20T19:46:06Z,totals,Under,-110,52.5
2026-09-20T19:46:24+00:00,manual,cfb,ce4578738432ad6327f4e3a4909ddcb5,2026-09-26T22:00:00Z,Virginia Cavaliers,Delaware Blue Hens,draftkings,2026-09-20T19:45:46Z,h2h,Delaware Blue Hens,1000,
2026-09-20T19:46:24+00:00,manual,cfb,ce4578738432ad6327f4e3a4909ddcb5,2026-09-26T22:00:00Z,Virginia Cavaliers,Delaware Blue Hens,draftkings,2026-09-20T19:45:46Z,h2h,Virginia Cavaliers,-1800,
2026-09-20T19:46:24+00:00,manual,cfb,ce4578738432ad6327f4e3a4909ddcb5,2026-09-26T22:00:00Z,Virginia Cavaliers,Delaware Blue Hens,draftkings,2026-09-20T19:45:46Z,spreads,Delaware Blue Hens,-110,21.0
2026-09-20T19:46:24+00:00,manual,cfb,ce4578738432ad6327f4e3a4909ddcb5,2026-09-26T22:00:00Z,Virginia Cavaliers,Delaware Blue Hens,draftkings,2026-09-20T19:45:46Z,spreads,Virginia Cavaliers,-110,-21.0
2026-09-20T19:46:24+00:00,manual,cfb,ce4578738432ad6327f4e3a4909ddcb5,2026-09-26T22:00:00Z,Virginia Cavaliers,Delaware Blue Hens,draftkings,2026-09-20T19:45:46Z,totals,Over,-110,52.5
2026-09-20T19:46:24+00:00,manual,cfb,ce4578738432ad6327f4e3a4909ddcb5,2026-09-26T22:00:00Z,Virginia Cavaliers,Delaware Blue Hens,draftkings,2026-09-20T19:45:46Z,totals,Under,-110,52.5
2026-09-20T19:46:24+00:00,manual,cfb,ce4578738432ad6327f4e3a4909ddcb5,2026-09-26T22:00:00Z,Virginia Cavaliers,Delaware Blue Hens,lowvig,2026-09-20T19:45:27Z,spreads,Delaware Blue Hens,-106,20.5
2026-09-20T19:46:24+00:00,manual,cfb,ce4578738432ad6327f4e3a4909ddcb5,2026-09-26T22:00:00Z,Virginia Cavaliers,Delaware Blue Hens,lowvig,2026-09-20T19:45:27Z,spreads,Virginia Cavaliers,-106,-20.5
2026-09-20T19:46:24+00:00,manual,cfb,ce4578738432ad6327f4e3a4909ddcb5,2026-09-26T22:00:00Z,Virginia Cavaliers,Delaware Blue Hens,lowvig,2026-09-20T19:45:27Z,totals,Over,-108,52.5
2026-09-20T19:46:24+00:00,manual,cfb,ce4578738432ad6327f4e3a4909ddcb5,2026-09-26T22:00:00Z,Virginia Cavaliers,Delaware Blue Hens,lowvig,2026-09-20T19:45:27Z,totals,Under,-108,52.5
2026-09-20T19:46:24+00:00,manual,cfb,ce4578738432ad6327f4e3a4909ddcb5,2026-09-26T22:00:00Z,Virginia Cavaliers,Delaware Blue Hens,betonlineag,2026-09-20T19:45:27Z,spreads,Delaware Blue Hens,-110,20.5
2026-09-20T19:46:24+00:00,manual,cfb,ce4578738432ad6327f4e3a4909ddcb5,2026-09-26T22:00:00Z,Virginia Cavaliers,Delaware Blue Hens,betonlineag,2026-09-20T19:45:27Z,spreads,Virginia Cavaliers,-110,-20.5
2026-09-20T19:46:24+00:00,manual,cfb,ce4578738432ad6327f4e3a4909ddcb5,2026-09-26T22:00:00Z,Virginia Cavaliers,Delaware Blue Hens,betonlineag,2026-09-20T19:45:27Z,totals,Over,-110,52.5
2026-09-20T19:46:24+00:00,manual,cfb,ce4578738432ad6327f4e3a4909ddcb5,2026-09-26T22:00:00Z,Virginia Cavaliers,Delaware Blue Hens,betonlineag,2026-09-20T19:45:27Z,totals,Under,-110,52.5
2026-09-20T19:46:24+00:00,manual,cfb,ce4578738432ad6327f4e3a4909ddcb5,2026-09-26T22:00:00Z,Virginia Cavaliers,Delaware Blue Hens,betmgm,2026-09-20T19:46:05Z,h2h,Delaware Blue Hens,1050,
2026-09-20T19:46:24+00:00,manual,cfb,ce4578738432ad6327f4e3a4909ddcb5,2026-09-26T22:00:00Z,Virginia Cavaliers,Delaware Blue Hens,betmgm,2026-09-20T19:46:05Z,h2h,Virginia Cavaliers,-1600,
2026-09-20T19:46:24+00:00,manual,cfb,ce4578738432ad6327f4e3a4909ddcb5,2026-09-26T22:00:00Z,Virginia Cavaliers,Delaware Blue Hens,betmgm,2026-09-20T19:46:05Z,spreads,Delaware Blue Hens,-110,20.5
2026-09-20T19:46:24+00:00,manual,cfb,ce4578738432ad6327f4e3a4909ddcb5,2026-09-26T22:00:00Z,Virginia Cavaliers,Delaware Blue Hens,betmgm,2026-09-20T19:46:05Z,spreads,Virginia Cavaliers,-108,-20.5
2026-09-20T19:46:24+00:00,manual,cfb,ce4578738432ad6327f4e3a4909ddcb5,2026-09-26T22:00:00Z,Virginia Cavaliers,Delaware Blue Hens,betmgm,2026-09-20T19:46:05Z,totals,Over,-108,52.5
2026-09-20T19:46:24+00:00,manual,cfb,ce4578738432ad6327f4e3a4909ddcb5,2026-09-26T22:00:00Z,Virginia Cavaliers,Delaware Blue Hens,betmgm,2026-09-20T19:46:05Z,totals,Under,-110,52.5
2026-09-20T19:46:24+00:00,manual,cfb,008dd61e19c2456760593773da6a88ef,2026-09-26T22:00:00Z,Old Dominion Monarchs,James Madison Dukes,fanduel,2026-09-20T19:46:06Z,h2h,James Madison Dukes,-215,
2026-09-20T19:46:24+00:00,manual,cfb,008dd61e19c2456760593773da6a88ef,2026-09-26T22:00:00Z,Old Dominion Monarchs,James Madison Dukes,fanduel,2026-09-20T19:46:06Z,h2h,Old Dominion Monarchs,176,
2026-09-20T19:46:24+00:00,manual,cfb,008dd61e19c2456760593773da6a88ef,2026-09-26T22:00:00Z,Old Dominion Monarchs,James Madison Dukes,fanduel,2026-09-20T19:46:06Z,spreads,James Madison Dukes,-110,-5.5
2026-09-20T19:46:24+00:00,manual,cfb,008dd61e19c2456760593773da6a88ef,2026-09-26T22:00:00Z,Old Dominion Monarchs,James Madison Dukes,fanduel,2026-09-20T19:46:06Z,spreads,Old Dominion Monarchs,-110,5.5
2026-09-20T19:46:24+00:00,manual,cfb,008dd61e19c2456760593773da6a88ef,2026-09-26T22:00:00Z,Old Dominion Monarchs,James Madison Dukes,fanduel,2026-09-20T19:46:06Z,totals,Over,-105,49.5
2026-09-20T19:46:24+00:00,manual,cfb,008dd61e19c2456760593773da6a88ef,2026-09-26T22:00:00Z,Old Dominion Monarchs,James Madison Dukes,fanduel,2026-09-20T19:46:06Z,totals,Under,-115,49.5
2026-09-20T19:46:24+00:00,manual,cfb,008dd61e19c2456760593773da6a88ef,2026-09-26T22:00:00Z,Old Dominion Monarchs,James Madison Dukes,draftkings,2026-09-20T19:45:46Z,h2h,James Madison Dukes,-192,
2026-09-20T19:46:24+00:00,manual,cfb,008dd61e19c2456760593773da6a88ef,2026-09-26T22:00:00Z,Old Dominion Monarchs,James Madison Dukes,draftkings,2026-09-20T19:45:46Z,h2h,Old Dominion Monarchs,160,
2026-09-20T19:46:24+00:00,manual,cfb,008dd61e19c2456760593773da6a88ef,2026-09-26T22:00:00Z,Old Dominion Monarchs,James Madison Dukes,draftkings,2026-09-20T19:45:46Z,spreads,James Madison Dukes,-105,-5.5
2026-09-20T19:46:24+00:00,manual,cfb,008dd61e19c2456760593773da6a88ef,2026-09-26T22:00:00Z,Old Dominion Monarchs,James Madison Dukes,draftkings,2026-09-20T19:45:46Z,spreads,Old Dominion Monarchs,-115,5.5
2026-09-20T19:46:24+00:00,manual,cfb,008dd61e19c2456760593773da6a88ef,2026-09-26T22:00:00Z,Old Dominion Monarchs,James Madison Dukes,draftkings,2026-09-20T19:45:46Z,totals,Over,-105,48.5
2026-09-20T19:46:24+00:00,manual,cfb,008dd61e19c2456760593773da6a88ef,2026-09-26T22:00:00Z,Old Dominion Monarchs,James Madison Dukes,draftkings,2026-09-20T19:45:46Z,totals,Under,-115,48.5
2026-09-20T19:46:24+00:00,manual,cfb,008dd61e19c2456760593773da6a88ef,2026-09-26T22:00:00Z,Old Dominion Monarchs,James Madison Dukes,lowvig,2026-09-20T19:45:27Z,spreads,James Madison Dukes,-106,-4.5
2026-09-20T19:46:24+00:00,manual,cfb,008dd61e19c2456760593773da6a88ef,2026-09-26T22:00:00Z,Old Dominion Monarchs,James Madison Dukes,lowvig,2026-09-20T19:45:27Z,spreads,Old Dominion Monarchs,-106,4.5
2026-09-20T19:46:24+00:00,manual,cfb,008dd61e19c2456760593773da6a88ef,2026-09-26T22:00:00Z,Old Dominion Monarchs,James Madison Dukes,lowvig,2026-09-20T19:45:27Z,totals,Over,-114,47.0
2026-09-20T19:46:24+00:00,manual,cfb,008dd61e19c2456760593773da6a88ef,2026-09-26T22:00:00Z,Old Dominion Monarchs,James Madison Dukes,lowvig,2026-09-20T19:45:27Z,totals,Under,-103,47.0
2026-09-20T19:46:24+00:00,manual,cfb,008dd61e19c2456760593773da6a88ef,2026-09-26T22:00:00Z,Old Dominion Monarchs,James Madison Dukes,betonlineag,2026-09-20T19:45:27Z,spreads,James Madison Dukes,-110,-4.5
2026-09-20T19:46:24+00:00,manual,cfb,008dd61e19c2456760593773da6a88ef,2026-09-26T22:00:00Z,Old Dominion Monarchs,James Madison Dukes,betonlineag,2026-09-20T19:45:27Z,spreads,Old Dominion Monarchs,-110,4.5
2026-09-20T19:46:24+00:00,manual,cfb,008dd61e19c2456760593773da6a88ef,2026-09-26T22:00:00Z,Old Dominion Monarchs,James Madison Dukes,betonlineag,2026-09-20T19:45:27Z,totals,Over,-115,47.0
2026-09-20T19:46:24+00:00,manual,cfb,008dd61e19c2456760593773da6a88ef,2026-09-26T22:00:00Z,Old Dominion Monarchs,James Madison Dukes,betonlineag,2026-09-20T19:45:27Z,totals,Under,-105,47.0
2026-09-20T19:46:24+00:00,manual,cfb,008dd61e19c2456760593773da6a88ef,2026-09-26T22:00:00Z,Old Dominion Monarchs,James Madison Dukes,betmgm,2026-09-20T19:46:05Z,h2h,James Madison Dukes,-210,
2026-09-20T19:46:24+00:00,manual,cfb,008dd61e19c2456760593773da6a88ef,2026-09-26T22:00:00Z,Old Dominion Monarchs,James Madison Dukes,betmgm,2026-09-20T19:46:05Z,h2h,Old Dominion Monarchs,170,
2026-09-20T19:46:24+00:00,manual,cfb,008dd61e19c2456760593773da6a88ef,2026-09-26T22:00:00Z,Old Dominion Monarchs,James Madison Dukes,betmgm,2026-09-20T19:46:05Z,spreads,James Madison Dukes,-110,-5.0
2026-09-20T19:46:24+00:00,manual,cfb,008dd61e19c2456760593773da6a88ef,2026-09-26T22:00:00Z,Old Dominion Monarchs,James Madison Dukes,betmgm,2026-09-20T19:46:05Z,spreads,Old Dominion Monarchs,-108,5.0
2026-09-20T19:46:24+00:00,manual,cfb,008dd61e19c2456760593773da6a88ef,2026-09-26T22:00:00Z,Old Dominion Monarchs,James Madison Dukes,betmgm,2026-09-20T19:46:05Z,totals,Over,-110,48.5
2026-09-20T19:46:24+00:00,manual,cfb,008dd61e19c2456760593773da6a88ef,2026-09-26T22:00:00Z,Old Dominion Monarchs,James Madison Dukes,betmgm,2026-09-20T19:46:05Z,totals,Under,-108,48.5
2026-09-20T19:46:24+00:00,manual,cfb,1f0c9cd1941cbfe5c5ca28fa42e387d8,2026-09-26T22:30:00Z,Miami Hurricanes,Central Michigan Chippewas,draftkings,2026-09-20T19:45:46Z,spreads,Central Michigan Chippewas,-110,42.5
2026-09-20T19:46:24+00:00,manual,cfb,1f0c9cd1941cbfe5c5ca28fa42e387d8,2026-09-26T22:30:00Z,Miami Hurricanes,Central Michigan Chippewas,draftkings,2026-09-20T19:45:46Z,spreads,Miami Hurricanes,-110,-42.5
2026-09-20T19:46:24+00:00,manual,cfb,1f0c9cd1941cbfe5c5ca28fa42e387d8,2026-09-26T22:30:00Z,Miami Hurricanes,Central Michigan Chippewas,draftkings,2026-09-20T19:45:46Z,totals,Over,-110,54.5
2026-09-20T19:46:24+00:00,manual,cfb,1f0c9cd1941cbfe5c5ca28fa42e387d8,2026-09-26T22:30:00Z,Miami Hurricanes,Central Michigan Chippewas,draftkings,2026-09-20T19:45:46Z,totals,Under,-110,54.5
2026-09-20T19:46:24+00:00,manual,cfb,1f0c9cd1941cbfe5c5ca28fa42e387d8,2026-09-26T22:30:00Z,Miami Hurricanes,Central Michigan Chippewas,fanduel,2026-09-20T19:46:06Z,spreads,Central Michigan Chippewas,-105,41.5
2026-09-20T19:46:24+00:00,manual,cfb,1f0c9cd1941cbfe5c5ca28fa42e387d8,2026-09-26T22:30:00Z,Miami Hurricanes,Central Michigan Chippewas,fanduel,2026-09-20T19:46:06Z,spreads,Miami Hurricanes,-115,-41.5
2026-09-20T19:46:24+00:00,manual,cfb,1f0c9cd1941cbfe5c5ca28fa42e387d8,2026-09-26T22:30:00Z,Miami Hurricanes,Central Michigan Chippewas,fanduel,2026-09-20T19:46:06Z,totals,Over,-115,53.5
2026-09-20T19:46:24+00:00,manual,cfb,1f0c9cd1941cbfe5c5ca28fa42e387d8,2026-09-26T22:30:00Z,Miami Hurricanes,Central Michigan Chippewas,fanduel,2026-09-20T19:46:06Z,totals,Under,-105,53.5
2026-09-20T19:46:24+00:00,manual,cfb,1f0c9cd1941cbfe5c5ca28fa42e387d8,2026-09-26T22:30:00Z,Miami Hurricanes,Central Michigan Chippewas,lowvig,2026-09-20T19:45:27Z,spreads,Central Michigan Chippewas,-106,40.5
2026-09-20T19:46:24+00:00,manual,cfb,1f0c9cd1941cbfe5c5ca28fa42e387d8,2026-09-26T22:30:00Z,Miami Hurricanes,Central Michigan Chippewas,lowvig,2026-09-20T19:45:27Z,spreads,Miami Hurricanes,-106,-40.5
2026-09-20T19:46:24+00:00,manual,cfb,1f0c9cd1941cbfe5c5ca28fa42e387d8,2026-09-26T22:30:00Z,Miami Hurricanes,Central Michigan Chippewas,lowvig,2026-09-20T19:45:27Z,totals,Over,-108,55.5
2026-09-20T19:46:24+00:00,manual,cfb,1f0c9cd1941cbfe5c5ca28fa42e387d8,2026-09-26T22:30:00Z,Miami Hurricanes,Central Michigan Chippewas,lowvig,2026-09-20T19:45:27Z,totals,Under,-108,55.5
2026-09-20T19:46:24+00:00,manual,cfb,1f0c9cd1941cbfe5c5ca28fa42e387d8,2026-09-26T22:30:00Z,Miami Hurricanes,Central Michigan Chippewas,betonlineag,2026-09-20T19:45:27Z,spreads,Central Michigan Chippewas,-110,40.5
2026-09-20T19:46:24+00:00,manual,cfb,1f0c9cd1941cbfe5c5ca28fa42e387d8,2026-09-26T22:30:00Z,Miami Hurricanes,Central Michigan Chippewas,betonlineag,2026-09-20T19:45:27Z,spreads,Miami Hurricanes,-110,-40.5
2026-09-20T19:46:24+00:00,manual,cfb,1f0c9cd1941cbfe5c5ca28fa42e387d8,2026-09-26T22:30:00Z,Miami Hurricanes,Central Michigan Chippewas,betonlineag,2026-09-20T19:45:27Z,totals,Over,-110,55.5
2026-09-20T19:46:24+00:00,manual,cfb,1f0c9cd1941cbfe5c5ca28fa42e387d8,2026-09-26T22:30:00Z,Miami Hurricanes,Central Michigan Chippewas,betonlineag,2026-09-20T19:45:27Z,totals,Under,-110,55.5
2026-09-20T19:46:24+00:00,manual,cfb,1f0c9cd1941cbfe5c5ca28fa42e387d8,2026-09-26T22:30:00Z,Miami Hurricanes,Central Michigan Chippewas,betmgm,2026-09-20T19:46:05Z,spreads,Central Michigan Chippewas,110,41.5
2026-09-20T19:46:24+00:00,manual,cfb,1f0c9cd1941cbfe5c5ca28fa42e387d8,2026-09-26T22:30:00Z,Miami Hurricanes,Central Michigan Chippewas,betmgm,2026-09-20T19:46:05Z,spreads,Miami Hurricanes,-130,-41.5
2026-09-20T19:46:24+00:00,manual,cfb,1f0c9cd1941cbfe5c5ca28fa42e387d8,2026-09-26T22:30:00Z,Miami Hurricanes,Central Michigan Chippewas,betmgm,2026-09-20T19:46:05Z,totals,Over,-102,55.5
2026-09-20T19:46:24+00:00,manual,cfb,1f0c9cd1941cbfe5c5ca28fa42e387d8,2026-09-26T22:30:00Z,Miami Hurricanes,Central Michigan Chippewas,betmgm,2026-09-20T19:46:05Z,totals,Under,-118,55.5
2026-09-20T19:46:24+00:00,manual,cfb,c80f5f34b99b9346f4e40cf5304d941d,2026-09-26T22:30:00Z,Charlotte 49ers,Louisiana Ragin Cajuns,fanduel,2026-09-20T19:46:06Z,h2h,Charlotte 49ers,460,
2026-09-20T19:46:24+00:00,manual,cfb,c80f5f34b99b9346f4e40cf5304d941d,2026-09-26T22:30:00Z,Charlotte 49ers,Louisiana Ragin Cajuns,fanduel,2026-09-20T19:46:06Z,h2h,Louisiana Ragin Cajuns,-650,
2026-09-20T19:46:24+00:00,manual,cfb,c80f5f34b99b9346f4e40cf5304d941d,2026-09-26T22:30:00Z,Charlotte 49ers,Louisiana Ragin Cajuns,fanduel,2026-09-20T19:46:06Z,spreads,Charlotte 49ers,-105,12.5
2026-09-20T19:46:24+00:00,manual,cfb,c80f5f34b99b9346f4e40cf5304d941d,2026-09-26T22:30:00Z,Charlotte 49ers,Louisiana Ragin Cajuns,fanduel,2026-09-20T19:46:06Z,spreads,Louisiana Ragin Cajuns,-115,-12.5
2026-09-20T19:46:24+00:00,manual,cfb,c80f5f34b99b9346f4e40cf5304d941d,2026-09-26T22:30:00Z,Charlotte 49ers,Louisiana Ragin Cajuns,fanduel,2026-09-20T19:46:06Z,totals,Over,-110,50.5
2026-09-20T19:46:24+00:00,manual,cfb,c80f5f34b99b9346f4e40cf5304d941d,2026-09-26T22:30:00Z,Charlotte 49ers,Louisiana Ragin Cajuns,fanduel,2026-09-20T19:46:06Z,totals,Under,-110,50.5
2026-09-20T19:46:24+00:00,manual,cfb,c80f5f34b99b9346f4e40cf5304d941d,2026-09-26T22:30:00Z,Charlotte 49ers,Louisiana Ragin Cajuns,draftkings,2026-09-20T19:45:46Z,h2h,Charlotte 49ers,400,
2026-09-20T19:46:24+00:00,manual,cfb,c80f5f34b99b9346f4e40cf5304d941d,2026-09-26T22:30:00Z,Charlotte 49ers,Louisiana Ragin Cajuns,draftkings,2026-09-20T19:45:46Z,h2h,Louisiana Ragin Cajuns,-535,
2026-09-20T19:46:24+00:00,manual,cfb,c80f5f34b99b9346f4e40cf5304d941d,2026-09-26T22:30:00Z,Charlotte 49ers,Louisiana Ragin Cajuns,draftkings,2026-09-20T19:45:46Z,spreads,Charlotte 49ers,-110,13.5
2026-09-20T19:46:24+00:00,manual,cfb,c80f5f34b99b9346f4e40cf5304d941d,2026-09-26T22:30:00Z,Charlotte 49ers,Louisiana Ragin Cajuns,draftkings,2026-09-20T19:45:46Z,spreads,Louisiana Ragin Cajuns,-110,-13.5
2026-09-20T19:46:24+00:00,manual,cfb,c80f5f34b99b9346f4e40cf5304d941d,2026-09-26T22:30:00Z,Charlotte 49ers,Louisiana Ragin Cajuns,draftkings,2026-09-20T19:45:46Z,totals,Over,-118,51.5
2026-09-20T19:46:24+00:00,manual,cfb,c80f5f34b99b9346f4e40cf5304d941d,2026-09-26T22:30:00Z,Charlotte 49ers,Louisiana Ragin Cajuns,draftkings,2026-09-20T19:45:46Z,totals,Under,-102,51.5
2026-09-20T19:46:24+00:00,manual,cfb,c80f5f34b99b9346f4e40cf5304d941d,2026-09-26T22:30:00Z,Charlotte 49ers,Louisiana Ragin Cajuns,lowvig,2026-09-20T19:45:27Z,spreads,Charlotte 49ers,-111,12.5
2026-09-20T19:46:24+00:00,manual,cfb,c80f5f34b99b9346f4e40cf5304d941d,2026-09-26T22:30:00Z,Charlotte 49ers,Louisiana Ragin Cajuns,lowvig,2026-09-20T19:45:27Z,spreads,Louisiana Ragin Cajuns,-101,-12.5
2026-09-20T19:46:24+00:00,manual,cfb,c80f5f34b99b9346f4e40cf5304d941d,2026-09-26T22:30:00Z,Charlotte 49ers,Louisiana Ragin Cajuns,lowvig,2026-09-20T19:45:27Z,totals,Over,-108,50.5
2026-09-20T19:46:24+00:00,manual,cfb,c80f5f34b99b9346f4e40cf5304d941d,2026-09-26T22:30:00Z,Charlotte 49ers,Louisiana Ragin Cajuns,lowvig,2026-09-20T19:45:27Z,totals,Under,-108,50.5
2026-09-20T19:46:24+00:00,manual,cfb,c80f5f34b99b9346f4e40cf5304d941d,2026-09-26T22:30:00Z,Charlotte 49ers,Louisiana Ragin Cajuns,betonlineag,2026-09-20T19:45:27Z,spreads,Charlotte 49ers,-115,12.5
2026-09-20T19:46:24+00:00,manual,cfb,c80f5f34b99b9346f4e40cf5304d941d,2026-09-26T22:30:00Z,Charlotte 49ers,Louisiana Ragin Cajuns,betonlineag,2026-09-20T19:45:27Z,spreads,Louisiana Ragin Cajuns,-105,-12.5
2026-09-20T19:46:24+00:00,manual,cfb,c80f5f34b99b9346f4e40cf5304d941d,2026-09-26T22:30:00Z,Charlotte 49ers,Louisiana Ragin Cajuns,betonlineag,2026-09-20T19:45:27Z,totals,Over,-110,50.5
2026-09-20T19:46:24+00:00,manual,cfb,c80f5f34b99b9346f4e40cf5304d941d,2026-09-26T22:30:00Z,Charlotte 49ers,Louisiana Ragin Cajuns,betonlineag,2026-09-20T19:45:27Z,totals,Under,-110,50.5
2026-09-20T19:46:24+00:00,manual,cfb,c80f5f34b99b9346f4e40cf5304d941d,2026-09-26T22:30:00Z,Charlotte 49ers,Louisiana Ragin Cajuns,betmgm,2026-09-20T19:46:05Z,h2h,Charlotte 49ers,425,
2026-09-20T19:46:24+00:00,manual,cfb,c80f5f34b99b9346f4e40cf5304d941d,2026-09-26T22:30:00Z,Charlotte 49ers,Louisiana Ragin Cajuns,betmgm,2026-09-20T19:46:05Z,h2h,Louisiana Ragin Cajuns,-550,
2026-09-20T19:46:24+00:00,manual,cfb,c80f5f34b99b9346f4e40cf5304d941d,2026-09-26T22:30:00Z,Charlotte 49ers,Louisiana Ragin Cajuns,betmgm,2026-09-20T19:46:05Z,spreads,Charlotte 49ers,-110,13.0
2026-09-20T19:46:24+00:00,manual,cfb,c80f5f34b99b9346f4e40cf5304d941d,2026-09-26T22:30:00Z,Charlotte 49ers,Louisiana Ragin Cajuns,betmgm,2026-09-20T19:46:05Z,spreads,Louisiana Ragin Cajuns,-108,-13.0
2026-09-20T19:46:24+00:00,manual,cfb,c80f5f34b99b9346f4e40cf5304d941d,2026-09-26T22:30:00Z,Charlotte 49ers,Louisiana Ragin Cajuns,betmgm,2026-09-20T19:46:05Z,totals,Over,-110,50.5
2026-09-20T19:46:24+00:00,manual,cfb,c80f5f34b99b9346f4e40cf5304d941d,2026-09-26T22:30:00Z,Charlotte 49ers,Louisiana Ragin Cajuns,betmgm,2026-09-20T19:46:05Z,totals,Under,-110,50.5
2026-09-20T19:46:24+00:00,manual,cfb,e972bb2c0291b991de32cc0188c9d338,2026-09-26T23:00:00Z,Nevada Wolf Pack,Air Force Falcons,fanduel,2026-09-20T19:46:06Z,h2h,Air Force Falcons,-196,
2026-09-20T19:46:24+00:00,manual,cfb,e972bb2c0291b991de32cc0188c9d338,2026-09-26T23:00:00Z,Nevada Wolf Pack,Air Force Falcons,fanduel,2026-09-20T19:46:06Z,h2h,Nevada Wolf Pack,162,
2026-09-20T19:46:24+00:00,manual,cfb,e972bb2c0291b991de32cc0188c9d338,2026-09-26T23:00:00Z,Nevada Wolf Pack,Air Force Falcons,fanduel,2026-09-20T19:46:06Z,spreads,Air Force Falcons,-110,-4.5
2026-09-20T19:46:24+00:00,manual,cfb,e972bb2c0291b991de32cc0188c9d338,2026-09-26T23:00:00Z,Nevada Wolf Pack,Air Force Falcons,fanduel,2026-09-20T19:46:06Z,spreads,Nevada Wolf Pack,-110,4.5
2026-09-20T19:46:24+00:00,manual,cfb,e972bb2c0291b991de32cc0188c9d338,2026-09-26T23:00:00Z,Nevada Wolf Pack,Air Force Falcons,fanduel,2026-09-20T19:46:06Z,totals,Over,-110,49.5
2026-09-20T19:46:24+00:00,manual,cfb,e972bb2c0291b991de32cc0188c9d338,2026-09-26T23:00:00Z,Nevada Wolf Pack,Air Force Falcons,fanduel,2026-09-20T19:46:06Z,totals,Under,-110,49.5
2026-09-20T19:46:24+00:00,manual,cfb,e972bb2c0291b991de32cc0188c9d338,2026-09-26T23:00:00Z,Nevada Wolf Pack,Air Force Falcons,draftkings,2026-09-20T19:45:46Z,h2h,Air Force Falcons,-205,
2026-09-20T19:46:24+00:00,manual,cfb,e972bb2c0291b991de32cc0188c9d338,2026-09-26T23:00:00Z,Nevada Wolf Pack,Air Force Falcons,draftkings,2026-09-20T19:45:46Z,h2h,Nevada Wolf Pack,170,
2026-09-20T19:46:24+00:00,manual,cfb,e972bb2c0291b991de32cc0188c9d338,2026-09-26T23:00:00Z,Nevada Wolf Pack,Air Force Falcons,draftkings,2026-09-20T19:45:46Z,spreads,Air Force Falcons,-110,-4.5
2026-09-20T19:46:24+00:00,manual,cfb,e972bb2c0291b991de32cc0188c9d338,2026-09-26T23:00:00Z,Nevada Wolf Pack,Air Force Falcons,draftkings,2026-09-20T19:45:46Z,spreads,Nevada Wolf Pack,-110,4.5
2026-09-20T19:46:24+00:00,manual,cfb,e972bb2c0291b991de32cc0188c9d338,2026-09-26T23:00:00Z,Nevada Wolf Pack,Air Force Falcons,draftkings,2026-09-20T19:45:46Z,totals,Over,-110,48.5
2026-09-20T19:46:24+00:00,manual,cfb,e972bb2c0291b991de32cc0188c9d338,2026-09-26T23:00:00Z,Nevada Wolf Pack,Air Force Falcons,draftkings,2026-09-20T19:45:46Z,totals,Under,-110,48.5
2026-09-20T19:46:24+00:00,manual,cfb,e972bb2c0291b991de32cc0188c9d338,2026-09-26T23:00:00Z,Nevada Wolf Pack,Air Force Falcons,betonlineag,2026-09-20T19:45:27Z,spreads,Air Force Falcons,-108,-4.0
2026-09-20T19:46:24+00:00,manual,cfb,e972bb2c0291b991de32cc0188c9d338,2026-09-26T23:00:00Z,Nevada Wolf Pack,Air Force Falcons,betonlineag,2026-09-20T19:45:27Z,spreads,Nevada Wolf Pack,-112,4.0
2026-09-20T19:46:24+00:00,manual,cfb,e972bb2c0291b991de32cc0188c9d338,2026-09-26T23:00:00Z,Nevada Wolf Pack,Air Force Falcons,betonlineag,2026-09-20T19:45:27Z,totals,Over,-110,49.0
2026-09-20T19:46:24+00:00,manual,cfb,e972bb2c0291b991de32cc0188c9d338,2026-09-26T23:00:00Z,Nevada Wolf Pack,Air Force Falcons,betonlineag,2026-09-20T19:45:27Z,totals,Under,-110,49.0
2026-09-20T19:46:24+00:00,manual,cfb,e972bb2c0291b991de32cc0188c9d338,2026-09-26T23:00:00Z,Nevada Wolf Pack,Air Force Falcons,lowvig,2026-09-20T19:45:27Z,spreads,Air Force Falcons,-104,-4.0
2026-09-20T19:46:24+00:00,manual,cfb,e972bb2c0291b991de32cc0188c9d338,2026-09-26T23:00:00Z,Nevada Wolf Pack,Air Force Falcons,lowvig,2026-09-20T19:45:27Z,spreads,Nevada Wolf Pack,-108,4.0
2026-09-20T19:46:24+00:00,manual,cfb,e972bb2c0291b991de32cc0188c9d338,2026-09-26T23:00:00Z,Nevada Wolf Pack,Air Force Falcons,lowvig,2026-09-20T19:45:27Z,totals,Over,-108,49.0
2026-09-20T19:46:24+00:00,manual,cfb,e972bb2c0291b991de32cc0188c9d338,2026-09-26T23:00:00Z,Nevada Wolf Pack,Air Force Falcons,lowvig,2026-09-20T19:45:27Z,totals,Under,-108,49.0
2026-09-20T19:46:24+00:00,manual,cfb,e972bb2c0291b991de32cc0188c9d338,2026-09-26T23:00:00Z,Nevada Wolf Pack,Air Force Falcons,betmgm,2026-09-20T19:46:05Z,h2h,Air Force Falcons,-200,
2026-09-20T19:46:24+00:00,manual,cfb,e972bb2c0291b991de32cc0188c9d338,2026-09-26T23:00:00Z,Nevada Wolf Pack,Air Force Falcons,betmgm,2026-09-20T19:46:05Z,h2h,Nevada Wolf Pack,165,
2026-09-20T19:46:24+00:00,manual,cfb,e972bb2c0291b991de32cc0188c9d338,2026-09-26T23:00:00Z,Nevada Wolf Pack,Air Force Falcons,betmgm,2026-09-20T19:46:05Z,spreads,Air Force Falcons,-105,-4.5
2026-09-20T19:46:24+00:00,manual,cfb,e972bb2c0291b991de32cc0188c9d338,2026-09-26T23:00:00Z,Nevada Wolf Pack,Air Force Falcons,betmgm,2026-09-20T19:46:05Z,spreads,Nevada Wolf Pack,-112,4.5
2026-09-20T19:46:24+00:00,manual,cfb,e972bb2c0291b991de32cc0188c9d338,2026-09-26T23:00:00Z,Nevada Wolf Pack,Air Force Falcons,betmgm,2026-09-20T19:46:05Z,totals,Over,-110,48.5
2026-09-20T19:46:24+00:00,manual,cfb,e972bb2c0291b991de32cc0188c9d338,2026-09-26T23:00:00Z,Nevada Wolf Pack,Air Force Falcons,betmgm,2026-09-20T19:46:05Z,totals,Under,-108,48.5
2026-09-20T19:46:24+00:00,manual,cfb,c843a3f97a410eedafcfbad440774ad2,2026-09-26T23:00:00Z,Alabama Crimson Tide,South Carolina Gamecocks,draftkings,2026-09-20T19:45:46Z,h2h,Alabama Crimson Tide,-455,
2026-09-20T19:46:24+00:00,manual,cfb,c843a3f97a410eedafcfbad440774ad2,2026-09-26T23:00:00Z,Alabama Crimson Tide,South Carolina Gamecocks,draftkings,2026-09-20T19:45:46Z,h2h,South Carolina Gamecocks,350,
2026-09-20T19:46:24+00:00,manual,cfb,c843a3f97a410eedafcfbad440774ad2,2026-09-26T23:00:00Z,Alabama Crimson Tide,South Carolina Gamecocks,draftkings,2026-09-20T19:45:46Z,spreads,Alabama Crimson Tide,-110,-11.5
2026-09-20T19:46:24+00:00,manual,cfb,c843a3f97a410eedafcfbad440774ad2,2026-09-26T23:00:00Z,Alabama Crimson Tide,South Carolina Gamecocks,draftkings,2026-09-20T19:45:46Z,spreads,South Carolina Gamecocks,-110,11.5
2026-09-20T19:46:24+00:00,manual,cfb,c843a3f97a410eedafcfbad440774ad2,2026-09-26T23:00:00Z,Alabama Crimson Tide,South Carolina Gamecocks,draftkings,2026-09-20T19:45:46Z,totals,Over,-115,53.5
2026-09-20T19:46:24+00:00,manual,cfb,c843a3f97a410eedafcfbad440774ad2,2026-09-26T23:00:00Z,Alabama Crimson Tide,South Carolina Gamecocks,draftkings,2026-09-20T19:45:46Z,totals,Under,-105,53.5
2026-09-20T19:46:24+00:00,manual,cfb,c843a3f97a410eedafcfbad440774ad2,2026-09-26T23:00:00Z,Alabama Crimson Tide,South Carolina Gamecocks,fanduel,2026-09-20T19:46:06Z,h2h,Alabama Crimson Tide,-520,
2026-09-20T19:46:24+00:00,manual,cfb,c843a3f97a410eedafcfbad440774ad2,2026-09-26T23:00:00Z,Alabama Crimson Tide,South Carolina Gamecocks,fanduel,2026-09-20T19:46:06Z,h2h,South Carolina Gamecocks,385,
2026-09-20T19:46:24+00:00,manual,cfb,c843a3f97a410eedafcfbad440774ad2,2026-09-26T23:00:00Z,Alabama Crimson Tide,South Carolina Gamecocks,fanduel,2026-09-20T19:46:06Z,spreads,Alabama Crimson Tide,-110,-12.5
2026-09-20T19:46:24+00:00,manual,cfb,c843a3f97a410eedafcfbad440774ad2,2026-09-26T23:00:00Z,Alabama Crimson Tide,South Carolina Gamecocks,fanduel,2026-09-20T19:46:06Z,spreads,South Carolina Gamecocks,-110,12.5
2026-09-20T19:46:24+00:00,manual,cfb,c843a3f97a410eedafcfbad440774ad2,2026-09-26T23:00:00Z,Alabama Crimson Tide,South Carolina Gamecocks,fanduel,2026-09-20T19:46:06Z,totals,Over,-114,54.5
2026-09-20T19:46:24+00:00,manual,cfb,c843a3f97a410eedafcfbad440774ad2,2026-09-26T23:00:00Z,Alabama Crimson Tide,South Carolina Gamecocks,fanduel,2026-09-20T19:46:06Z,totals,Under,-106,54.5
2026-09-20T19:46:24+00:00,manual,cfb,c843a3f97a410eedafcfbad440774ad2,2026-09-26T23:00:00Z,Alabama Crimson Tide,South Carolina Gamecocks,lowvig,2026-09-20T19:45:27Z,spreads,Alabama Crimson Tide,-106,-12.0
2026-09-20T19:46:24+00:00,manual,cfb,c843a3f97a410eedafcfbad440774ad2,2026-09-26T23:00:00Z,Alabama Crimson Tide,South Carolina Gamecocks,lowvig,2026-09-20T19:45:27Z,spreads,South Carolina Gamecocks,-106,12.0
2026-09-20T19:46:24+00:00,manual,cfb,c843a3f97a410eedafcfbad440774ad2,2026-09-26T23:00:00Z,Alabama Crimson Tide,South Carolina Gamecocks,lowvig,2026-09-20T19:45:27Z,totals,Over,-114,53.5
2026-09-20T19:46:24+00:00,manual,cfb,c843a3f97a410eedafcfbad440774ad2,2026-09-26T23:00:00Z,Alabama Crimson Tide,South Carolina Gamecocks,lowvig,2026-09-20T19:45:27Z,totals,Under,-103,53.5
2026-09-20T19:46:24+00:00,manual,cfb,c843a3f97a410eedafcfbad440774ad2,2026-09-26T23:00:00Z,Alabama Crimson Tide,South Carolina Gamecocks,betonlineag,2026-09-20T19:45:27Z,spreads,Alabama Crimson Tide,-110,-12.0
2026-09-20T19:46:24+00:00,manual,cfb,c843a3f97a410eedafcfbad440774ad2,2026-09-26T23:00:00Z,Alabama Crimson Tide,South Carolina Gamecocks,betonlineag,2026-09-20T19:45:27Z,spreads,South Carolina Gamecocks,-110,12.0
2026-09-20T19:46:24+00:00,manual,cfb,c843a3f97a410eedafcfbad440774ad2,2026-09-26T23:00:00Z,Alabama Crimson Tide,South Carolina Gamecocks,betonlineag,2026-09-20T19:45:27Z,totals,Over,-115,53.5
2026-09-20T19:46:24+00:00,manual,cfb,c843a3f97a410eedafcfbad440774ad2,2026-09-26T23:00:00Z,Alabama Crimson Tide,South Carolina Gamecocks,betonlineag,2026-09-20T19:45:27Z,totals,Under,-105,53.5
2026-09-20T19:46:24+00:00,manual,cfb,c843a3f97a410eedafcfbad440774ad2,2026-09-26T23:00:00Z,Alabama Crimson Tide,South Carolina Gamecocks,betmgm,2026-09-20T19:46:05Z,h2h,Alabama Crimson Tide,-475,
2026-09-20T19:46:24+00:00,manual,cfb,c843a3f97a410eedafcfbad440774ad2,2026-09-26T23:00:00Z,Alabama Crimson Tide,South Carolina Gamecocks,betmgm,2026-09-20T19:46:05Z,h2h,South Carolina Gamecocks,375,
2026-09-20T19:46:24+00:00,manual,cfb,c843a3f97a410eedafcfbad440774ad2,2026-09-26T23:00:00Z,Alabama Crimson Tide,South Carolina Gamecocks,betmgm,2026-09-20T19:46:05Z,spreads,Alabama Crimson Tide,-110,-12.0
2026-09-20T19:46:24+00:00,manual,cfb,c843a3f97a410eedafcfbad440774ad2,2026-09-26T23:00:00Z,Alabama Crimson Tide,South Carolina Gamecocks,betmgm,2026-09-20T19:46:05Z,spreads,South Carolina Gamecocks,-108,12.0
2026-09-20T19:46:24+00:00,manual,cfb,c843a3f97a410eedafcfbad440774ad2,2026-09-26T23:00:00Z,Alabama Crimson Tide,South Carolina Gamecocks,betmgm,2026-09-20T19:46:05Z,totals,Over,-105,54.5
2026-09-20T19:46:24+00:00,manual,cfb,c843a3f97a410eedafcfbad440774ad2,2026-09-26T23:00:00Z,Alabama Crimson Tide,South Carolina Gamecocks,betmgm,2026-09-20T19:46:05Z,totals,Under,-112,54.5
2026-09-20T19:46:24+00:00,manual,cfb,77c3435e651e2d615870c2c25c8dbf71,2026-09-26T23:00:00Z,Arkansas State Red Wolves,Kennesaw State Owls,fanduel,2026-09-20T19:46:06Z,h2h,Arkansas State Red Wolves,-192,
2026-09-20T19:46:24+00:00,manual,cfb,77c3435e651e2d615870c2c25c8dbf71,2026-09-26T23:00:00Z,Arkansas State Red Wolves,Kennesaw State Owls,fanduel,2026-09-20T19:46:06Z,h2h,Kennesaw State Owls,158,
2026-09-20T19:46:24+00:00,manual,cfb,77c3435e651e2d615870c2c25c8dbf71,2026-09-26T23:00:00Z,Arkansas State Red Wolves,Kennesaw State Owls,fanduel,2026-09-20T19:46:06Z,spreads,Arkansas State Red Wolves,-110,-4.5
2026-09-20T19:46:24+00:00,manual,cfb,77c3435e651e2d615870c2c25c8dbf71,2026-09-26T23:00:00Z,Arkansas State Red Wolves,Kennesaw State Owls,fanduel,2026-09-20T19:46:06Z,spreads,Kennesaw State Owls,-110,4.5
2026-09-20T19:46:24+00:00,manual,cfb,77c3435e651e2d615870c2c25c8dbf71,2026-09-26T23:00:00Z,Arkansas State Red Wolves,Kennesaw State Owls,fanduel,2026-09-20T19:46:06Z,totals,Over,-110,54.5
2026-09-20T19:46:24+00:00,manual,cfb,77c3435e651e2d615870c2c25c8dbf71,2026-09-26T23:00:00Z,Arkansas State Red Wolves,Kennesaw State Owls,fanduel,2026-09-20T19:46:06Z,totals,Under,-110,54.5
2026-09-20T19:46:24+00:00,manual,cfb,77c3435e651e2d615870c2c25c8dbf71,2026-09-26T23:00:00Z,Arkansas State Red Wolves,Kennesaw State Owls,draftkings,2026-09-20T19:45:46Z,h2h,Arkansas State Red Wolves,-180,
2026-09-20T19:46:24+00:00,manual,cfb,77c3435e651e2d615870c2c25c8dbf71,2026-09-26T23:00:00Z,Arkansas State Red Wolves,Kennesaw State Owls,draftkings,2026-09-20T19:45:46Z,h2h,Kennesaw State Owls,150,
2026-09-20T19:46:24+00:00,manual,cfb,77c3435e651e2d615870c2c25c8dbf71,2026-09-26T23:00:00Z,Arkansas State Red Wolves,Kennesaw State Owls,draftkings,2026-09-20T19:45:46Z,spreads,Arkansas State Red Wolves,-105,-5.5
2026-09-20T19:46:24+00:00,manual,cfb,77c3435e651e2d615870c2c25c8dbf71,2026-09-26T23:00:00Z,Arkansas State Red Wolves,Kennesaw State Owls,draftkings,2026-09-20T19:45:46Z,spreads,Kennesaw State Owls,-115,5.5
2026-09-20T19:46:24+00:00,manual,cfb,77c3435e651e2d615870c2c25c8dbf71,2026-09-26T23:00:00Z,Arkansas State Red Wolves,Kennesaw State Owls,draftkings,2026-09-20T19:45:46Z,totals,Over,-110,54.5
2026-09-20T19:46:24+00:00,manual,cfb,77c3435e651e2d615870c2c25c8dbf71,2026-09-26T23:00:00Z,Arkansas State Red Wolves,Kennesaw State Owls,draftkings,2026-09-20T19:45:46Z,totals,Under,-110,54.5
2026-09-20T19:46:24+00:00,manual,cfb,77c3435e651e2d615870c2c25c8dbf71,2026-09-26T23:00:00Z,Arkansas State Red Wolves,Kennesaw State Owls,lowvig,2026-09-20T19:45:27Z,spreads,Arkansas State Red Wolves,-106,-5.0
2026-09-20T19:46:24+00:00,manual,cfb,77c3435e651e2d615870c2c25c8dbf71,2026-09-26T23:00:00Z,Arkansas State Red Wolves,Kennesaw State Owls,lowvig,2026-09-20T19:45:27Z,spreads,Kennesaw State Owls,-106,5.0
2026-09-20T19:46:24+00:00,manual,cfb,77c3435e651e2d615870c2c25c8dbf71,2026-09-26T23:00:00Z,Arkansas State Red Wolves,Kennesaw State Owls,lowvig,2026-09-20T19:45:27Z,totals,Over,-108,54.5
2026-09-20T19:46:24+00:00,manual,cfb,77c3435e651e2d615870c2c25c8dbf71,2026-09-26T23:00:00Z,Arkansas State Red Wolves,Kennesaw State Owls,lowvig,2026-09-20T19:45:27Z,totals,Under,-108,54.5
2026-09-20T19:46:24+00:00,manual,cfb,77c3435e651e2d615870c2c25c8dbf71,2026-09-26T23:00:00Z,Arkansas State Red Wolves,Kennesaw State Owls,betonlineag,2026-09-20T19:45:27Z,spreads,Arkansas State Red Wolves,-110,-5.0
2026-09-20T19:46:24+00:00,manual,cfb,77c3435e651e2d615870c2c25c8dbf71,2026-09-26T23:00:00Z,Arkansas State Red Wolves,Kennesaw State Owls,betonlineag,2026-09-20T19:45:27Z,spreads,Kennesaw State Owls,-110,5.0
2026-09-20T19:46:24+00:00,manual,cfb,77c3435e651e2d615870c2c25c8dbf71,2026-09-26T23:00:00Z,Arkansas State Red Wolves,Kennesaw State Owls,betonlineag,2026-09-20T19:45:27Z,totals,Over,-110,54.5
2026-09-20T19:46:24+00:00,manual,cfb,77c3435e651e2d615870c2c25c8dbf71,2026-09-26T23:00:00Z,Arkansas State Red Wolves,Kennesaw State Owls,betonlineag,2026-09-20T19:45:27Z,totals,Under,-110,54.5
2026-09-20T19:46:24+00:00,manual,cfb,77c3435e651e2d615870c2c25c8dbf71,2026-09-26T23:00:00Z,Arkansas State Red Wolves,Kennesaw State Owls,betmgm,2026-09-20T19:46:05Z,h2h,Arkansas State Red Wolves,-190,
2026-09-20T19:46:24+00:00,manual,cfb,77c3435e651e2d615870c2c25c8dbf71,2026-09-26T23:00:00Z,Arkansas State Red Wolves,Kennesaw State Owls,betmgm,2026-09-20T19:46:05Z,h2h,Kennesaw State Owls,155,
2026-09-20T19:46:24+00:00,manual,cfb,77c3435e651e2d615870c2c25c8dbf71,2026-09-26T23:00:00Z,Arkansas State Red Wolves,Kennesaw State Owls,betmgm,2026-09-20T19:46:05Z,spreads,Arkansas State Red Wolves,-108,-5.0
2026-09-20T19:46:24+00:00,manual,cfb,77c3435e651e2d615870c2c25c8dbf71,2026-09-26T23:00:00Z,Arkansas State Red Wolves,Kennesaw State Owls,betmgm,2026-09-20T19:46:05Z,spreads,Kennesaw State Owls,-110,5.0
2026-09-20T19:46:24+00:00,manual,cfb,77c3435e651e2d615870c2c25c8dbf71,2026-09-26T23:00:00Z,Arkansas State Red Wolves,Kennesaw State Owls,betmgm,2026-09-20T19:46:05Z,totals,Over,-108,54.5
2026-09-20T19:46:24+00:00,manual,cfb,77c3435e651e2d615870c2c25c8dbf71,2026-09-26T23:00:00Z,Arkansas State Red Wolves,Kennesaw State Owls,betmgm,2026-09-20T19:46:05Z,totals,Under,-110,54.5
2026-09-20T19:46:24+00:00,manual,cfb,058628758b85b178ffc5fa09416f3991,2026-09-26T23:00:00Z,Cincinnati Bearcats,Kansas State Wildcats,fanduel,2026-09-20T19:46:06Z,h2h,Cincinnati Bearcats,215,
2026-09-20T19:46:24+00:00,manual,cfb,058628758b85b178ffc5fa09416f3991,2026-09-26T23:00:00Z,Cincinnati Bearcats,Kansas State Wildcats,fanduel,2026-09-20T19:46:06Z,h2h,Kansas State Wildcats,-265,
2026-09-20T19:46:24+00:00,manual,cfb,058628758b85b178ffc5fa09416f3991,2026-09-26T23:00:00Z,Cincinnati Bearcats,Kansas State Wildcats,fanduel,2026-09-20T19:46:06Z,spreads,Cincinnati Bearcats,100,6.5
2026-09-20T19:46:24+00:00,manual,cfb,058628758b85b178ffc5fa09416f3991,2026-09-26T23:00:00Z,Cincinnati Bearcats,Kansas State Wildcats,fanduel,2026-09-20T19:46:06Z,spreads,Kansas State Wildcats,-122,-6.5
2026-09-20T19:46:24+00:00,manual,cfb,058628758b85b178ffc5fa09416f3991,2026-09-26T23:00:00Z,Cincinnati Bearcats,Kansas State Wildcats,fanduel,2026-09-20T19:46:06Z,totals,Over,-110,53.5
2026-09-20T19:46:24+00:00,manual,cfb,058628758b85b178ffc5fa09416f3991,2026-09-26T23:00:00Z,Cincinnati Bearcats,Kansas State Wildcats,fanduel,2026-09-20T19:46:06Z,totals,Under,-110,53.5
2026-09-20T19:46:24+00:00,manual,cfb,058628758b85b178ffc5fa09416f3991,2026-09-26T23:00:00Z,Cincinnati Bearcats,Kansas State Wildcats,draftkings,2026-09-20T19:45:46Z,h2h,Cincinnati Bearcats,190,
2026-09-20T19:46:24+00:00,manual,cfb,058628758b85b178ffc5fa09416f3991,2026-09-26T23:00:00Z,Cincinnati Bearcats,Kansas State Wildcats,draftkings,2026-09-20T19:45:46Z,h2h,Kansas State Wildcats,-230,
2026-09-20T19:46:24+00:00,manual,cfb,058628758b85b178ffc5fa09416f3991,2026-09-26T23:00:00Z,Cincinnati Bearcats,Kansas State Wildcats,draftkings,2026-09-20T19:45:46Z,spreads,Cincinnati Bearcats,-110,6.5
2026-09-20T19:46:24+00:00,manual,cfb,058628758b85b178ffc5fa09416f3991,2026-09-26T23:00:00Z,Cincinnati Bearcats,Kansas State Wildcats,draftkings,2026-09-20T19:45:46Z,spreads,Kansas State Wildcats,-110,-6.5
2026-09-20T19:46:24+00:00,manual,cfb,058628758b85b178ffc5fa09416f3991,2026-09-26T23:00:00Z,Cincinnati Bearcats,Kansas State Wildcats,draftkings,2026-09-20T19:45:46Z,totals,Over,-110,52.5
2026-09-20T19:46:24+00:00,manual,cfb,058628758b85b178ffc5fa09416f3991,2026-09-26T23:00:00Z,Cincinnati Bearcats,Kansas State Wildcats,draftkings,2026-09-20T19:45:46Z,totals,Under,-110,52.5
2026-09-20T19:46:24+00:00,manual,cfb,058628758b85b178ffc5fa09416f3991,2026-09-26T23:00:00Z,Cincinnati Bearcats,Kansas State Wildcats,lowvig,2026-09-20T19:45:27Z,spreads,Cincinnati Bearcats,-106,6.5
2026-09-20T19:46:24+00:00,manual,cfb,058628758b85b178ffc5fa09416f3991,2026-09-26T23:00:00Z,Cincinnati Bearcats,Kansas State Wildcats,lowvig,2026-09-20T19:45:27Z,spreads,Kansas State Wildcats,-106,-6.5
2026-09-20T19:46:24+00:00,manual,cfb,058628758b85b178ffc5fa09416f3991,2026-09-26T23:00:00Z,Cincinnati Bearcats,Kansas State Wildcats,lowvig,2026-09-20T19:45:27Z,totals,Over,-108,53.0
2026-09-20T19:46:24+00:00,manual,cfb,058628758b85b178ffc5fa09416f3991,2026-09-26T23:00:00Z,Cincinnati Bearcats,Kansas State Wildcats,lowvig,2026-09-20T19:45:27Z,totals,Under,-108,53.0
2026-09-20T19:46:24+00:00,manual,cfb,058628758b85b178ffc5fa09416f3991,2026-09-26T23:00:00Z,Cincinnati Bearcats,Kansas State Wildcats,betonlineag,2026-09-20T19:45:27Z,spreads,Cincinnati Bearcats,-110,6.5
2026-09-20T19:46:24+00:00,manual,cfb,058628758b85b178ffc5fa09416f3991,2026-09-26T23:00:00Z,Cincinnati Bearcats,Kansas State Wildcats,betonlineag,2026-09-20T19:45:27Z,spreads,Kansas State Wildcats,-110,-6.5
2026-09-20T19:46:24+00:00,manual,cfb,058628758b85b178ffc5fa09416f3991,2026-09-26T23:00:00Z,Cincinnati Bearcats,Kansas State Wildcats,betonlineag,2026-09-20T19:45:27Z,totals,Over,-110,53.0
2026-09-20T19:46:24+00:00,manual,cfb,058628758b85b178ffc5fa09416f3991,2026-09-26T23:00:00Z,Cincinnati Bearcats,Kansas State Wildcats,betonlineag,2026-09-20T19:45:27Z,totals,Under,-110,53.0
2026-09-20T19:46:24+00:00,manual,cfb,058628758b85b178ffc5fa09416f3991,2026-09-26T23:00:00Z,Cincinnati Bearcats,Kansas State Wildcats,betmgm,2026-09-20T19:46:05Z,h2h,Cincinnati Bearcats,200,
2026-09-20T19:46:24+00:00,manual,cfb,058628758b85b178ffc5fa09416f3991,2026-09-26T23:00:00Z,Cincinnati Bearcats,Kansas State Wildcats,betmgm,2026-09-20T19:46:05Z,h2h,Kansas State Wildcats,-250,
2026-09-20T19:46:24+00:00,manual,cfb,058628758b85b178ffc5fa09416f3991,2026-09-26T23:00:00Z,Cincinnati Bearcats,Kansas State Wildcats,betmgm,2026-09-20T19:46:05Z,spreads,Cincinnati Bearcats,-108,6.5
2026-09-20T19:46:24+00:00,manual,cfb,058628758b85b178ffc5fa09416f3991,2026-09-26T23:00:00Z,Cincinnati Bearcats,Kansas State Wildcats,betmgm,2026-09-20T19:46:05Z,spreads,Kansas State Wildcats,-110,-6.5
2026-09-20T19:46:24+00:00,manual,cfb,058628758b85b178ffc5fa09416f3991,2026-09-26T23:00:00Z,Cincinnati Bearcats,Kansas State Wildcats,betmgm,2026-09-20T19:46:05Z,totals,Over,-112,52.5
2026-09-20T19:46:24+00:00,manual,cfb,058628758b85b178ffc5fa09416f3991,2026-09-26T23:00:00Z,Cincinnati Bearcats,Kansas State Wildcats,betmgm,2026-09-20T19:46:05Z,totals,Under,-108,52.5
2026-09-20T19:46:24+00:00,manual,cfb,fe0fb2e29062d93898ebdd583329194d,2026-09-26T23:00:00Z,Jacksonville State Gamecocks,Middle Tennessee Blue Raiders,fanduel,2026-09-20T19:46:06Z,h2h,Jacksonville State Gamecocks,-335,
2026-09-20T19:46:24+00:00,manual,cfb,fe0fb2e29062d93898ebdd583329194d,2026-09-26T23:00:00Z,Jacksonville State Gamecocks,Middle Tennessee Blue Raiders,fanduel,2026-09-20T19:46:06Z,h2h,Middle Tennessee Blue Raiders,265,
2026-09-20T19:46:24+00:00,manual,cfb,fe0fb2e29062d93898ebdd583329194d,2026-09-26T23:00:00Z,Jacksonville State Gamecocks,Middle Tennessee Blue Raiders,fanduel,2026-09-20T19:46:06Z,spreads,Jacksonville State Gamecocks,-110,-8.5
2026-09-20T19:46:24+00:00,manual,cfb,fe0fb2e29062d93898ebdd583329194d,2026-09-26T23:00:00Z,Jacksonville State Gamecocks,Middle Tennessee Blue Raiders,fanduel,2026-09-20T19:46:06Z,spreads,Middle Tennessee Blue Raiders,-110,8.5
2026-09-20T19:46:24+00:00,manual,cfb,fe0fb2e29062d93898ebdd583329194d,2026-09-26T23:00:00Z,Jacksonville State Gamecocks,Middle Tennessee Blue Raiders,fanduel,2026-09-20T19:46:06Z,totals,Over,-110,53.5
2026-09-20T19:46:24+00:00,manual,cfb,fe0fb2e29062d93898ebdd583329194d,2026-09-26T23:00:00Z,Jacksonville State Gamecocks,Middle Tennessee Blue Raiders,fanduel,2026-09-20T19:46:06Z,totals,Under,-110,53.5
2026-09-20T19:46:24+00:00,manual,cfb,fe0fb2e29062d93898ebdd583329194d,2026-09-26T23:00:00Z,Jacksonville State Gamecocks,Middle Tennessee Blue Raiders,draftkings,2026-09-20T19:45:46Z,h2h,Jacksonville State Gamecocks,-325,
2026-09-20T19:46:24+00:00,manual,cfb,fe0fb2e29062d93898ebdd583329194d,2026-09-26T23:00:00Z,Jacksonville State Gamecocks,Middle Tennessee Blue Raiders,draftkings,2026-09-20T19:45:46Z,h2h,Middle Tennessee Blue Raiders,260,
2026-09-20T19:46:24+00:00,manual,cfb,fe0fb2e29062d93898ebdd583329194d,2026-09-26T23:00:00Z,Jacksonville State Gamecocks,Middle Tennessee Blue Raiders,draftkings,2026-09-20T19:45:46Z,spreads,Jacksonville State Gamecocks,-110,-9.5
2026-09-20T19:46:24+00:00,manual,cfb,fe0fb2e29062d93898ebdd583329194d,2026-09-26T23:00:00Z,Jacksonville State Gamecocks,Middle Tennessee Blue Raiders,draftkings,2026-09-20T19:45:46Z,spreads,Middle Tennessee Blue Raiders,-110,9.5
2026-09-20T19:46:24+00:00,manual,cfb,fe0fb2e29062d93898ebdd583329194d,2026-09-26T23:00:00Z,Jacksonville State Gamecocks,Middle Tennessee Blue Raiders,draftkings,2026-09-20T19:45:46Z,totals,Over,-110,54.5
2026-09-20T19:46:24+00:00,manual,cfb,fe0fb2e29062d93898ebdd583329194d,2026-09-26T23:00:00Z,Jacksonville State Gamecocks,Middle Tennessee Blue Raiders,draftkings,2026-09-20T19:45:46Z,totals,Under,-110,54.5
2026-09-20T19:46:24+00:00,manual,cfb,fe0fb2e29062d93898ebdd583329194d,2026-09-26T23:00:00Z,Jacksonville State Gamecocks,Middle Tennessee Blue Raiders,lowvig,2026-09-20T19:45:27Z,spreads,Jacksonville State Gamecocks,-106,-9.0
2026-09-20T19:46:24+00:00,manual,cfb,fe0fb2e29062d93898ebdd583329194d,2026-09-26T23:00:00Z,Jacksonville State Gamecocks,Middle Tennessee Blue Raiders,lowvig,2026-09-20T19:45:27Z,spreads,Middle Tennessee Blue Raiders,-106,9.0
2026-09-20T19:46:24+00:00,manual,cfb,fe0fb2e29062d93898ebdd583329194d,2026-09-26T23:00:00Z,Jacksonville State Gamecocks,Middle Tennessee Blue Raiders,lowvig,2026-09-20T19:45:27Z,totals,Over,-108,54.0
2026-09-20T19:46:24+00:00,manual,cfb,fe0fb2e29062d93898ebdd583329194d,2026-09-26T23:00:00Z,Jacksonville State Gamecocks,Middle Tennessee Blue Raiders,lowvig,2026-09-20T19:45:27Z,totals,Under,-108,54.0
2026-09-20T19:46:24+00:00,manual,cfb,fe0fb2e29062d93898ebdd583329194d,2026-09-26T23:00:00Z,Jacksonville State Gamecocks,Middle Tennessee Blue Raiders,betonlineag,2026-09-20T19:45:27Z,spreads,Jacksonville State Gamecocks,-110,-9.0
2026-09-20T19:46:24+00:00,manual,cfb,fe0fb2e29062d93898ebdd583329194d,2026-09-26T23:00:00Z,Jacksonville State Gamecocks,Middle Tennessee Blue Raiders,betonlineag,2026-09-20T19:45:27Z,spreads,Middle Tennessee Blue Raiders,-110,9.0
2026-09-20T19:46:24+00:00,manual,cfb,fe0fb2e29062d93898ebdd583329194d,2026-09-26T23:00:00Z,Jacksonville State Gamecocks,Middle Tennessee Blue Raiders,betonlineag,2026-09-20T19:45:27Z,totals,Over,-110,54.0
2026-09-20T19:46:24+00:00,manual,cfb,fe0fb2e29062d93898ebdd583329194d,2026-09-26T23:00:00Z,Jacksonville State Gamecocks,Middle Tennessee Blue Raiders,betonlineag,2026-09-20T19:45:27Z,totals,Under,-110,54.0
2026-09-20T19:46:24+00:00,manual,cfb,fe0fb2e29062d93898ebdd583329194d,2026-09-26T23:00:00Z,Jacksonville State Gamecocks,Middle Tennessee Blue Raiders,betmgm,2026-09-20T19:46:05Z,h2h,Jacksonville State Gamecocks,-325,
2026-09-20T19:46:24+00:00,manual,cfb,fe0fb2e29062d93898ebdd583329194d,2026-09-26T23:00:00Z,Jacksonville State Gamecocks,Middle Tennessee Blue Raiders,betmgm,2026-09-20T19:46:05Z,h2h,Middle Tennessee Blue Raiders,260,
2026-09-20T19:46:24+00:00,manual,cfb,fe0fb2e29062d93898ebdd583329194d,2026-09-26T23:00:00Z,Jacksonville State Gamecocks,Middle Tennessee Blue Raiders,betmgm,2026-09-20T19:46:05Z,spreads,Jacksonville State Gamecocks,-110,-9.0
2026-09-20T19:46:24+00:00,manual,cfb,fe0fb2e29062d93898ebdd583329194d,2026-09-26T23:00:00Z,Jacksonville State Gamecocks,Middle Tennessee Blue Raiders,betmgm,2026-09-20T19:46:05Z,spreads,Middle Tennessee Blue Raiders,-108,9.0
2026-09-20T19:46:24+00:00,manual,cfb,fe0fb2e29062d93898ebdd583329194d,2026-09-26T23:00:00Z,Jacksonville State Gamecocks,Middle Tennessee Blue Raiders,betmgm,2026-09-20T19:46:05Z,totals,Over,-110,53.5
2026-09-20T19:46:24+00:00,manual,cfb,fe0fb2e29062d93898ebdd583329194d,2026-09-26T23:00:00Z,Jacksonville State Gamecocks,Middle Tennessee Blue Raiders,betmgm,2026-09-20T19:46:05Z,totals,Under,-108,53.5
2026-09-20T19:46:24+00:00,manual,cfb,6c95114d806556a04a0d719e62c042d7,2026-09-26T23:00:00Z,West Virginia Mountaineers,Oklahoma State Cowboys,draftkings,2026-09-20T19:45:46Z,h2h,Oklahoma State Cowboys,100,
2026-09-20T19:46:24+00:00,manual,cfb,6c95114d806556a04a0d719e62c042d7,2026-09-26T23:00:00Z,West Virginia Mountaineers,Oklahoma State Cowboys,draftkings,2026-09-20T19:45:46Z,h2h,West Virginia Mountaineers,-120,
2026-09-20T19:46:24+00:00,manual,cfb,6c95114d806556a04a0d719e62c042d7,2026-09-26T23:00:00Z,West Virginia Mountaineers,Oklahoma State Cowboys,draftkings,2026-09-20T19:45:46Z,spreads,Oklahoma State Cowboys,-110,1.5
2026-09-20T19:46:24+00:00,manual,cfb,6c95114d806556a04a0d719e62c042d7,2026-09-26T23:00:00Z,West Virginia Mountaineers,Oklahoma State Cowboys,draftkings,2026-09-20T19:45:46Z,spreads,West Virginia Mountaineers,-110,-1.5
2026-09-20T19:46:24+00:00,manual,cfb,6c95114d806556a04a0d719e62c042d7,2026-09-26T23:00:00Z,West Virginia Mountaineers,Oklahoma State Cowboys,draftkings,2026-09-20T19:45:46Z,totals,Over,-115,59.5
2026-09-20T19:46:24+00:00,manual,cfb,6c95114d806556a04a0d719e62c042d7,2026-09-26T23:00:00Z,West Virginia Mountaineers,Oklahoma State Cowboys,draftkings,2026-09-20T19:45:46Z,totals,Under,-105,59.5
2026-09-20T19:46:24+00:00,manual,cfb,6c95114d806556a04a0d719e62c042d7,2026-09-26T23:00:00Z,West Virginia Mountaineers,Oklahoma State Cowboys,fanduel,2026-09-20T19:46:06Z,h2h,Oklahoma State Cowboys,105,
2026-09-20T19:46:24+00:00,manual,cfb,6c95114d806556a04a0d719e62c042d7,2026-09-26T23:00:00Z,West Virginia Mountaineers,Oklahoma State Cowboys,fanduel,2026-09-20T19:46:06Z,h2h,West Virginia Mountaineers,-126,
2026-09-20T19:46:24+00:00,manual,cfb,6c95114d806556a04a0d719e62c042d7,2026-09-26T23:00:00Z,West Virginia Mountaineers,Oklahoma State Cowboys,fanduel,2026-09-20T19:46:06Z,spreads,Oklahoma State Cowboys,-105,1.5
2026-09-20T19:46:24+00:00,manual,cfb,6c95114d806556a04a0d719e62c042d7,2026-09-26T23:00:00Z,West Virginia Mountaineers,Oklahoma State Cowboys,fanduel,2026-09-20T19:46:06Z,spreads,West Virginia Mountaineers,-115,-1.5
2026-09-20T19:46:24+00:00,manual,cfb,6c95114d806556a04a0d719e62c042d7,2026-09-26T23:00:00Z,West Virginia Mountaineers,Oklahoma State Cowboys,fanduel,2026-09-20T19:46:06Z,totals,Over,-110,60.5
2026-09-20T19:46:24+00:00,manual,cfb,6c95114d806556a04a0d719e62c042d7,2026-09-26T23:00:00Z,West Virginia Mountaineers,Oklahoma State Cowboys,fanduel,2026-09-20T19:46:06Z,totals,Under,-110,60.5
2026-09-20T19:46:24+00:00,manual,cfb,6c95114d806556a04a0d719e62c042d7,2026-09-26T23:00:00Z,West Virginia Mountaineers,Oklahoma State Cowboys,lowvig,2026-09-20T19:45:27Z,spreads,Oklahoma State Cowboys,-106,1.5
2026-09-20T19:46:24+00:00,manual,cfb,6c95114d806556a04a0d719e62c042d7,2026-09-26T23:00:00Z,West Virginia Mountaineers,Oklahoma State Cowboys,lowvig,2026-09-20T19:45:27Z,spreads,West Virginia Mountaineers,-106,-1.5
2026-09-20T19:46:24+00:00,manual,cfb,6c95114d806556a04a0d719e62c042d7,2026-09-26T23:00:00Z,West Virginia Mountaineers,Oklahoma State Cowboys,lowvig,2026-09-20T19:45:27Z,totals,Over,-108,60.5
2026-09-20T19:46:24+00:00,manual,cfb,6c95114d806556a04a0d719e62c042d7,2026-09-26T23:00:00Z,West Virginia Mountaineers,Oklahoma State Cowboys,lowvig,2026-09-20T19:45:27Z,totals,Under,-108,60.5
2026-09-20T19:46:24+00:00,manual,cfb,6c95114d806556a04a0d719e62c042d7,2026-09-26T23:00:00Z,West Virginia Mountaineers,Oklahoma State Cowboys,betonlineag,2026-09-20T19:45:27Z,spreads,Oklahoma State Cowboys,-110,1.5
2026-09-20T19:46:24+00:00,manual,cfb,6c95114d806556a04a0d719e62c042d7,2026-09-26T23:00:00Z,West Virginia Mountaineers,Oklahoma State Cowboys,betonlineag,2026-09-20T19:45:27Z,spreads,West Virginia Mountaineers,-110,-1.5
2026-09-20T19:46:24+00:00,manual,cfb,6c95114d806556a04a0d719e62c042d7,2026-09-26T23:00:00Z,West Virginia Mountaineers,Oklahoma State Cowboys,betonlineag,2026-09-20T19:45:27Z,totals,Over,-110,60.5
2026-09-20T19:46:24+00:00,manual,cfb,6c95114d806556a04a0d719e62c042d7,2026-09-26T23:00:00Z,West Virginia Mountaineers,Oklahoma State Cowboys,betonlineag,2026-09-20T19:45:27Z,totals,Under,-110,60.5
2026-09-20T19:46:24+00:00,manual,cfb,6c95114d806556a04a0d719e62c042d7,2026-09-26T23:00:00Z,West Virginia Mountaineers,Oklahoma State Cowboys,betmgm,2026-09-20T19:46:05Z,h2h,Oklahoma State Cowboys,100,
2026-09-20T19:46:24+00:00,manual,cfb,6c95114d806556a04a0d719e62c042d7,2026-09-26T23:00:00Z,West Virginia Mountaineers,Oklahoma State Cowboys,betmgm,2026-09-20T19:46:05Z,h2h,West Virginia Mountaineers,-120,
2026-09-20T19:46:24+00:00,manual,cfb,6c95114d806556a04a0d719e62c042d7,2026-09-26T23:00:00Z,West Virginia Mountaineers,Oklahoma State Cowboys,betmgm,2026-09-20T19:46:05Z,spreads,Oklahoma State Cowboys,-118,2.0
2026-09-20T19:46:24+00:00,manual,cfb,6c95114d806556a04a0d719e62c042d7,2026-09-26T23:00:00Z,West Virginia Mountaineers,Oklahoma State Cowboys,betmgm,2026-09-20T19:46:05Z,spreads,West Virginia Mountaineers,-102,-2.0
2026-09-20T19:46:24+00:00,manual,cfb,6c95114d806556a04a0d719e62c042d7,2026-09-26T23:00:00Z,West Virginia Mountaineers,Oklahoma State Cowboys,betmgm,2026-09-20T19:46:05Z,totals,Over,-110,60.5
2026-09-20T19:46:24+00:00,manual,cfb,6c95114d806556a04a0d719e62c042d7,2026-09-26T23:00:00Z,West Virginia Mountaineers,Oklahoma State Cowboys,betmgm,2026-09-20T19:46:05Z,totals,Under,-108,60.5
2026-09-20T19:46:24+00:00,manual,cfb,3281b4e05dfe8a0a41afe9868a9094fa,2026-09-26T23:00:00Z,Tulane Green Wave,Southern Mississippi Golden Eagles,fanduel,2026-09-20T19:46:06Z,h2h,Southern Mississippi Golden Eagles,810,
2026-09-20T19:46:24+00:00,manual,cfb,3281b4e05dfe8a0a41afe9868a9094fa,2026-09-26T23:00:00Z,Tulane Green Wave,Southern Mississippi Golden Eagles,fanduel,2026-09-20T19:46:06Z,h2h,Tulane Green Wave,-1450,
2026-09-20T19:46:24+00:00,manual,cfb,3281b4e05dfe8a0a41afe9868a9094fa,2026-09-26T23:00:00Z,Tulane Green Wave,Southern Mississippi Golden Eagles,fanduel,2026-09-20T19:46:06Z,spreads,Southern Mississippi Golden Eagles,-110,18.5
2026-09-20T19:46:24+00:00,manual,cfb,3281b4e05dfe8a0a41afe9868a9094fa,2026-09-26T23:00:00Z,Tulane Green Wave,Southern Mississippi Golden Eagles,fanduel,2026-09-20T19:46:06Z,spreads,Tulane Green Wave,-110,-18.5
2026-09-20T19:46:24+00:00,manual,cfb,3281b4e05dfe8a0a41afe9868a9094fa,2026-09-26T23:00:00Z,Tulane Green Wave,Southern Mississippi Golden Eagles,fanduel,2026-09-20T19:46:06Z,totals,Over,-110,53.5
2026-09-20T19:46:24+00:00,manual,cfb,3281b4e05dfe8a0a41afe9868a9094fa,2026-09-26T23:00:00Z,Tulane Green Wave,Southern Mississippi Golden Eagles,fanduel,2026-09-20T19:46:06Z,totals,Under,-110,53.5
2026-09-20T19:46:24+00:00,manual,cfb,3281b4e05dfe8a0a41afe9868a9094fa,2026-09-26T23:00:00Z,Tulane Green Wave,Southern Mississippi Golden Eagles,draftkings,2026-09-20T19:45:46Z,h2h,Southern Mississippi Golden Eagles,850,
2026-09-20T19:46:24+00:00,manual,cfb,3281b4e05dfe8a0a41afe9868a9094fa,2026-09-26T23:00:00Z,Tulane Green Wave,Southern Mississippi Golden Eagles,draftkings,2026-09-20T19:45:46Z,h2h,Tulane Green Wave,-1450,
2026-09-20T19:46:24+00:00,manual,cfb,3281b4e05dfe8a0a41afe9868a9094fa,2026-09-26T23:00:00Z,Tulane Green Wave,Southern Mississippi Golden Eagles,draftkings,2026-09-20T19:45:46Z,spreads,Southern Mississippi Golden Eagles,-110,18.5
2026-09-20T19:46:24+00:00,manual,cfb,3281b4e05dfe8a0a41afe9868a9094fa,2026-09-26T23:00:00Z,Tulane Green Wave,Southern Mississippi Golden Eagles,draftkings,2026-09-20T19:45:46Z,spreads,Tulane Green Wave,-110,-18.5
2026-09-20T19:46:24+00:00,manual,cfb,3281b4e05dfe8a0a41afe9868a9094fa,2026-09-26T23:00:00Z,Tulane Green Wave,Southern Mississippi Golden Eagles,draftkings,2026-09-20T19:45:46Z,totals,Over,-110,53.5
2026-09-20T19:46:24+00:00,manual,cfb,3281b4e05dfe8a0a41afe9868a9094fa,2026-09-26T23:00:00Z,Tulane Green Wave,Southern Mississippi Golden Eagles,draftkings,2026-09-20T19:45:46Z,totals,Under,-110,53.5
2026-09-20T19:46:24+00:00,manual,cfb,3281b4e05dfe8a0a41afe9868a9094fa,2026-09-26T23:00:00Z,Tulane Green Wave,Southern Mississippi Golden Eagles,lowvig,2026-09-20T19:45:27Z,spreads,Southern Mississippi Golden Eagles,-106,19.5
2026-09-20T19:46:24+00:00,manual,cfb,3281b4e05dfe8a0a41afe9868a9094fa,2026-09-26T23:00:00Z,Tulane Green Wave,Southern Mississippi Golden Eagles,lowvig,2026-09-20T19:45:27Z,spreads,Tulane Green Wave,-106,-19.5
2026-09-20T19:46:24+00:00,manual,cfb,3281b4e05dfe8a0a41afe9868a9094fa,2026-09-26T23:00:00Z,Tulane Green Wave,Southern Mississippi Golden Eagles,lowvig,2026-09-20T19:45:27Z,totals,Over,-108,52.5
2026-09-20T19:46:24+00:00,manual,cfb,3281b4e05dfe8a0a41afe9868a9094fa,2026-09-26T23:00:00Z,Tulane Green Wave,Southern Mississippi Golden Eagles,lowvig,2026-09-20T19:45:27Z,totals,Under,-108,52.5
2026-09-20T19:46:24+00:00,manual,cfb,3281b4e05dfe8a0a41afe9868a9094fa,2026-09-26T23:00:00Z,Tulane Green Wave,Southern Mississippi Golden Eagles,betonlineag,2026-09-20T19:45:27Z,spreads,Southern Mississippi Golden Eagles,-110,19.5
2026-09-20T19:46:24+00:00,manual,cfb,3281b4e05dfe8a0a41afe9868a9094fa,2026-09-26T23:00:00Z,Tulane Green Wave,Southern Mississippi Golden Eagles,betonlineag,2026-09-20T19:45:27Z,spreads,Tulane Green Wave,-110,-19.5
2026-09-20T19:46:24+00:00,manual,cfb,3281b4e05dfe8a0a41afe9868a9094fa,2026-09-26T23:00:00Z,Tulane Green Wave,Southern Mississippi Golden Eagles,betonlineag,2026-09-20T19:45:27Z,totals,Over,-110,52.5
2026-09-20T19:46:24+00:00,manual,cfb,3281b4e05dfe8a0a41afe9868a9094fa,2026-09-26T23:00:00Z,Tulane Green Wave,Southern Mississippi Golden Eagles,betonlineag,2026-09-20T19:45:27Z,totals,Under,-110,52.5
2026-09-20T19:46:24+00:00,manual,cfb,3281b4e05dfe8a0a41afe9868a9094fa,2026-09-26T23:00:00Z,Tulane Green Wave,Southern Mississippi Golden Eagles,betmgm,2026-09-20T19:46:05Z,h2h,Southern Mississippi Golden Eagles,850,
2026-09-20T19:46:24+00:00,manual,cfb,3281b4e05dfe8a0a41afe9868a9094fa,2026-09-26T23:00:00Z,Tulane Green Wave,Southern Mississippi Golden Eagles,betmgm,2026-09-20T19:46:05Z,h2h,Tulane Green Wave,-1200,
2026-09-20T19:46:24+00:00,manual,cfb,3281b4e05dfe8a0a41afe9868a9094fa,2026-09-26T23:00:00Z,Tulane Green Wave,Southern Mississippi Golden Eagles,betmgm,2026-09-20T19:46:05Z,spreads,Southern Mississippi Golden Eagles,-110,19.0
2026-09-20T19:46:24+00:00,manual,cfb,3281b4e05dfe8a0a41afe9868a9094fa,2026-09-26T23:00:00Z,Tulane Green Wave,Southern Mississippi Golden Eagles,betmgm,2026-09-20T19:46:05Z,spreads,Tulane Green Wave,-108,-19.0
2026-09-20T19:46:24+00:00,manual,cfb,3281b4e05dfe8a0a41afe9868a9094fa,2026-09-26T23:00:00Z,Tulane Green Wave,Southern Mississippi Golden Eagles,betmgm,2026-09-20T19:46:05Z,totals,Over,-108,53.5
2026-09-20T19:46:24+00:00,manual,cfb,3281b4e05dfe8a0a41afe9868a9094fa,2026-09-26T23:00:00Z,Tulane Green Wave,Southern Mississippi Golden Eagles,betmgm,2026-09-20T19:46:05Z,totals,Under,-110,53.5
2026-09-20T19:46:24+00:00,manual,cfb,d4cee1a13bc1d87828ec7809d56b9496,2026-09-26T23:30:00Z,NC State Wolfpack,Appalachian State Mountaineers,fanduel,2026-09-20T19:46:06Z,h2h,Appalachian State Mountaineers,420,
2026-09-20T19:46:24+00:00,manual,cfb,d4cee1a13bc1d87828ec7809d56b9496,2026-09-26T23:30:00Z,NC State Wolfpack,Appalachian State Mountaineers,fanduel,2026-09-20T19:46:06Z,h2h,NC State Wolfpack,-580,
2026-09-20T19:46:24+00:00,manual,cfb,d4cee1a13bc1d87828ec7809d56b9496,2026-09-26T23:30:00Z,NC State Wolfpack,Appalachian State Mountaineers,fanduel,2026-09-20T19:46:06Z,spreads,Appalachian State Mountaineers,-110,13.5
2026-09-20T19:46:24+00:00,manual,cfb,d4cee1a13bc1d87828ec7809d56b9496,2026-09-26T23:30:00Z,NC State Wolfpack,Appalachian State Mountaineers,fanduel,2026-09-20T19:46:06Z,spreads,NC State Wolfpack,-110,-13.5
2026-09-20T19:46:24+00:00,manual,cfb,d4cee1a13bc1d87828ec7809d56b9496,2026-09-26T23:30:00Z,NC State Wolfpack,Appalachian State Mountaineers,fanduel,2026-09-20T19:46:06Z,totals,Over,-110,54.5
2026-09-20T19:46:24+00:00,manual,cfb,d4cee1a13bc1d87828ec7809d56b9496,2026-09-26T23:30:00Z,NC State Wolfpack,Appalachian State Mountaineers,fanduel,2026-09-20T19:46:06Z,totals,Under,-110,54.5
2026-09-20T19:46:24+00:00,manual,cfb,d4cee1a13bc1d87828ec7809d56b9496,2026-09-26T23:30:00Z,NC State Wolfpack,Appalachian State Mountaineers,draftkings,2026-09-20T19:45:46Z,h2h,Appalachian State Mountaineers,400,
2026-09-20T19:46:24+00:00,manual,cfb,d4cee1a13bc1d87828ec7809d56b9496,2026-09-26T23:30:00Z,NC State Wolfpack,Appalachian State Mountaineers,draftkings,2026-09-20T19:45:46Z,h2h,NC State Wolfpack,-535,
2026-09-20T19:46:24+00:00,manual,cfb,d4cee1a13bc1d87828ec7809d56b9496,2026-09-26T23:30:00Z,NC State Wolfpack,Appalachian State Mountaineers,draftkings,2026-09-20T19:45:46Z,spreads,Appalachian State Mountaineers,-110,14.0
2026-09-20T19:46:24+00:00,manual,cfb,d4cee1a13bc1d87828ec7809d56b9496,2026-09-26T23:30:00Z,NC State Wolfpack,Appalachian State Mountaineers,draftkings,2026-09-20T19:45:46Z,spreads,NC State Wolfpack,-110,-14.0
2026-09-20T19:46:24+00:00,manual,cfb,d4cee1a13bc1d87828ec7809d56b9496,2026-09-26T23:30:00Z,NC State Wolfpack,Appalachian State Mountaineers,draftkings,2026-09-20T19:45:46Z,totals,Over,-110,55.5
2026-09-20T19:46:24+00:00,manual,cfb,d4cee1a13bc1d87828ec7809d56b9496,2026-09-26T23:30:00Z,NC State Wolfpack,Appalachian State Mountaineers,draftkings,2026-09-20T19:45:46Z,totals,Under,-110,55.5
2026-09-20T19:46:24+00:00,manual,cfb,d4cee1a13bc1d87828ec7809d56b9496,2026-09-26T23:30:00Z,NC State Wolfpack,Appalachian State Mountaineers,betonlineag,2026-09-20T19:45:27Z,spreads,Appalachian State Mountaineers,-115,13.5
2026-09-20T19:46:24+00:00,manual,cfb,d4cee1a13bc1d87828ec7809d56b9496,2026-09-26T23:30:00Z,NC State Wolfpack,Appalachian State Mountaineers,betonlineag,2026-09-20T19:45:27Z,spreads,NC State Wolfpack,-105,-13.5
2026-09-20T19:46:24+00:00,manual,cfb,d4cee1a13bc1d87828ec7809d56b9496,2026-09-26T23:30:00Z,NC State Wolfpack,Appalachian State Mountaineers,betonlineag,2026-09-20T19:45:27Z,totals,Over,-110,55.0
2026-09-20T19:46:24+00:00,manual,cfb,d4cee1a13bc1d87828ec7809d56b9496,2026-09-26T23:30:00Z,NC State Wolfpack,Appalachian State Mountaineers,betonlineag,2026-09-20T19:45:27Z,totals,Under,-110,55.0
2026-09-20T19:46:24+00:00,manual,cfb,d4cee1a13bc1d87828ec7809d56b9496,2026-09-26T23:30:00Z,NC State Wolfpack,Appalachian State Mountaineers,lowvig,2026-09-20T19:45:27Z,spreads,Appalachian State Mountaineers,-111,13.5
2026-09-20T19:46:24+00:00,manual,cfb,d4cee1a13bc1d87828ec7809d56b9496,2026-09-26T23:30:00Z,NC State Wolfpack,Appalachian State Mountaineers,lowvig,2026-09-20T19:45:27Z,spreads,NC State Wolfpack,-101,-13.5
2026-09-20T19:46:24+00:00,manual,cfb,d4cee1a13bc1d87828ec7809d56b9496,2026-09-26T23:30:00Z,NC State Wolfpack,Appalachian State Mountaineers,lowvig,2026-09-20T19:45:27Z,totals,Over,-108,55.0
2026-09-20T19:46:24+00:00,manual,cfb,d4cee1a13bc1d87828ec7809d56b9496,2026-09-26T23:30:00Z,NC State Wolfpack,Appalachian State Mountaineers,lowvig,2026-09-20T19:45:27Z,totals,Under,-108,55.0
2026-09-20T19:46:24+00:00,manual,cfb,d4cee1a13bc1d87828ec7809d56b9496,2026-09-26T23:30:00Z,NC State Wolfpack,Appalachian State Mountaineers,betmgm,2026-09-20T19:46:05Z,h2h,Appalachian State Mountaineers,425,
2026-09-20T19:46:24+00:00,manual,cfb,d4cee1a13bc1d87828ec7809d56b9496,2026-09-26T23:30:00Z,NC State Wolfpack,Appalachian State Mountaineers,betmgm,2026-09-20T19:46:05Z,h2h,NC State Wolfpack,-550,
2026-09-20T19:46:24+00:00,manual,cfb,d4cee1a13bc1d87828ec7809d56b9496,2026-09-26T23:30:00Z,NC State Wolfpack,Appalachian State Mountaineers,betmgm,2026-09-20T19:46:05Z,spreads,Appalachian State Mountaineers,-108,13.5
2026-09-20T19:46:24+00:00,manual,cfb,d4cee1a13bc1d87828ec7809d56b9496,2026-09-26T23:30:00Z,NC State Wolfpack,Appalachian State Mountaineers,betmgm,2026-09-20T19:46:05Z,spreads,NC State Wolfpack,-110,-13.5
2026-09-20T19:46:24+00:00,manual,cfb,d4cee1a13bc1d87828ec7809d56b9496,2026-09-26T23:30:00Z,NC State Wolfpack,Appalachian State Mountaineers,betmgm,2026-09-20T19:46:05Z,totals,Over,-118,54.5
2026-09-20T19:46:24+00:00,manual,cfb,d4cee1a13bc1d87828ec7809d56b9496,2026-09-26T23:30:00Z,NC State Wolfpack,Appalachian State Mountaineers,betmgm,2026-09-20T19:46:05Z,totals,Under,-102,54.5
2026-09-20T19:46:24+00:00,manual,cfb,b8ee197b0b6ebb070f0f4b4a94a31bae,2026-09-26T23:30:00Z,Washington State Cougars,Arizona Wildcats,fanduel,2026-09-20T19:46:06Z,h2h,Arizona Wildcats,-550,
2026-09-20T19:46:24+00:00,manual,cfb,b8ee197b0b6ebb070f0f4b4a94a31bae,2026-09-26T23:30:00Z,Washington State Cougars,Arizona Wildcats,fanduel,2026-09-20T19:46:06Z,h2h,Washington State Cougars,400,
2026-09-20T19:46:24+00:00,manual,cfb,b8ee197b0b6ebb070f0f4b4a94a31bae,2026-09-26T23:30:00Z,Washington State Cougars,Arizona Wildcats,fanduel,2026-09-20T19:46:06Z,spreads,Arizona Wildcats,-110,-12.5
2026-09-20T19:46:24+00:00,manual,cfb,b8ee197b0b6ebb070f0f4b4a94a31bae,2026-09-26T23:30:00Z,Washington State Cougars,Arizona Wildcats,fanduel,2026-09-20T19:46:06Z,spreads,Washington State Cougars,-110,12.5
2026-09-20T19:46:24+00:00,manual,cfb,b8ee197b0b6ebb070f0f4b4a94a31bae,2026-09-26T23:30:00Z,Washington State Cougars,Arizona Wildcats,fanduel,2026-09-20T19:46:06Z,totals,Over,-105,49.5
2026-09-20T19:46:24+00:00,manual,cfb,b8ee197b0b6ebb070f0f4b4a94a31bae,2026-09-26T23:30:00Z,Washington State Cougars,Arizona Wildcats,fanduel,2026-09-20T19:46:06Z,totals,Under,-115,49.5
2026-09-20T19:46:24+00:00,manual,cfb,b8ee197b0b6ebb070f0f4b4a94a31bae,2026-09-26T23:30:00Z,Washington State Cougars,Arizona Wildcats,draftkings,2026-09-20T19:45:46Z,h2h,Arizona Wildcats,-575,
2026-09-20T19:46:24+00:00,manual,cfb,b8ee197b0b6ebb070f0f4b4a94a31bae,2026-09-26T23:30:00Z,Washington State Cougars,Arizona Wildcats,draftkings,2026-09-20T19:45:46Z,h2h,Washington State Cougars,425,
2026-09-20T19:46:24+00:00,manual,cfb,b8ee197b0b6ebb070f0f4b4a94a31bae,2026-09-26T23:30:00Z,Washington State Cougars,Arizona Wildcats,draftkings,2026-09-20T19:45:46Z,spreads,Arizona Wildcats,-110,-13.5
2026-09-20T19:46:24+00:00,manual,cfb,b8ee197b0b6ebb070f0f4b4a94a31bae,2026-09-26T23:30:00Z,Washington State Cougars,Arizona Wildcats,draftkings,2026-09-20T19:45:46Z,spreads,Washington State Cougars,-110,13.5
2026-09-20T19:46:24+00:00,manual,cfb,b8ee197b0b6ebb070f0f4b4a94a31bae,2026-09-26T23:30:00Z,Washington State Cougars,Arizona Wildcats,draftkings,2026-09-20T19:45:46Z,totals,Over,-110,48.5
2026-09-20T19:46:24+00:00,manual,cfb,b8ee197b0b6ebb070f0f4b4a94a31bae,2026-09-26T23:30:00Z,Washington State Cougars,Arizona Wildcats,draftkings,2026-09-20T19:45:46Z,totals,Under,-110,48.5
2026-09-20T19:46:24+00:00,manual,cfb,b8ee197b0b6ebb070f0f4b4a94a31bae,2026-09-26T23:30:00Z,Washington State Cougars,Arizona Wildcats,lowvig,2026-09-20T19:45:27Z,spreads,Arizona Wildcats,-106,-11.5
2026-09-20T19:46:24+00:00,manual,cfb,b8ee197b0b6ebb070f0f4b4a94a31bae,2026-09-26T23:30:00Z,Washington State Cougars,Arizona Wildcats,lowvig,2026-09-20T19:45:27Z,spreads,Washington State Cougars,-106,11.5
2026-09-20T19:46:24+00:00,manual,cfb,b8ee197b0b6ebb070f0f4b4a94a31bae,2026-09-26T23:30:00Z,Washington State Cougars,Arizona Wildcats,lowvig,2026-09-20T19:45:27Z,totals,Over,-108,47.5
2026-09-20T19:46:24+00:00,manual,cfb,b8ee197b0b6ebb070f0f4b4a94a31bae,2026-09-26T23:30:00Z,Washington State Cougars,Arizona Wildcats,lowvig,2026-09-20T19:45:27Z,totals,Under,-108,47.5
2026-09-20T19:46:24+00:00,manual,cfb,b8ee197b0b6ebb070f0f4b4a94a31bae,2026-09-26T23:30:00Z,Washington State Cougars,Arizona Wildcats,betonlineag,2026-09-20T19:45:27Z,spreads,Arizona Wildcats,-110,-11.5
2026-09-20T19:46:24+00:00,manual,cfb,b8ee197b0b6ebb070f0f4b4a94a31bae,2026-09-26T23:30:00Z,Washington State Cougars,Arizona Wildcats,betonlineag,2026-09-20T19:45:27Z,spreads,Washington State Cougars,-110,11.5
2026-09-20T19:46:24+00:00,manual,cfb,b8ee197b0b6ebb070f0f4b4a94a31bae,2026-09-26T23:30:00Z,Washington State Cougars,Arizona Wildcats,betonlineag,2026-09-20T19:45:27Z,totals,Over,-110,47.5
2026-09-20T19:46:24+00:00,manual,cfb,b8ee197b0b6ebb070f0f4b4a94a31bae,2026-09-26T23:30:00Z,Washington State Cougars,Arizona Wildcats,betonlineag,2026-09-20T19:45:27Z,totals,Under,-110,47.5
2026-09-20T19:46:24+00:00,manual,cfb,b8ee197b0b6ebb070f0f4b4a94a31bae,2026-09-26T23:30:00Z,Washington State Cougars,Arizona Wildcats,betmgm,2026-09-20T19:46:05Z,h2h,Arizona Wildcats,-550,
2026-09-20T19:46:24+00:00,manual,cfb,b8ee197b0b6ebb070f0f4b4a94a31bae,2026-09-26T23:30:00Z,Washington State Cougars,Arizona Wildcats,betmgm,2026-09-20T19:46:05Z,h2h,Washington State Cougars,425,
2026-09-20T19:46:24+00:00,manual,cfb,b8ee197b0b6ebb070f0f4b4a94a31bae,2026-09-26T23:30:00Z,Washington State Cougars,Arizona Wildcats,betmgm,2026-09-20T19:46:05Z,spreads,Arizona Wildcats,-105,-12.5
2026-09-20T19:46:24+00:00,manual,cfb,b8ee197b0b6ebb070f0f4b4a94a31bae,2026-09-26T23:30:00Z,Washington State Cougars,Arizona Wildcats,betmgm,2026-09-20T19:46:05Z,spreads,Washington State Cougars,-112,12.5
2026-09-20T19:46:24+00:00,manual,cfb,b8ee197b0b6ebb070f0f4b4a94a31bae,2026-09-26T23:30:00Z,Washington State Cougars,Arizona Wildcats,betmgm,2026-09-20T19:46:05Z,totals,Over,-102,48.5
2026-09-20T19:46:24+00:00,manual,cfb,b8ee197b0b6ebb070f0f4b4a94a31bae,2026-09-26T23:30:00Z,Washington State Cougars,Arizona Wildcats,betmgm,2026-09-20T19:46:05Z,totals,Under,-115,48.5
2026-09-20T19:46:24+00:00,manual,cfb,0c71c3230f930f30ac34160b38dbbaf0,2026-09-26T23:30:00Z,LSU Tigers,Texas A&M Aggies,draftkings,2026-09-20T19:45:46Z,h2h,LSU Tigers,-395,
2026-09-20T19:46:24+00:00,manual,cfb,0c71c3230f930f30ac34160b38dbbaf0,2026-09-26T23:30:00Z,LSU Tigers,Texas A&M Aggies,draftkings,2026-09-20T19:45:46Z,h2h,Texas A&M Aggies,310,
2026-09-20T19:46:24+00:00,manual,cfb,0c71c3230f930f30ac34160b38dbbaf0,2026-09-26T23:30:00Z,LSU Tigers,Texas A&M Aggies,draftkings,2026-09-20T19:45:46Z,spreads,LSU Tigers,-105,-8.5
2026-09-20T19:46:24+00:00,manual,cfb,0c71c3230f930f30ac34160b38dbbaf0,2026-09-26T23:30:00Z,LSU Tigers,Texas A&M Aggies,draftkings,2026-09-20T19:45:46Z,spreads,Texas A&M Aggies,-115,8.5
2026-09-20T19:46:24+00:00,manual,cfb,0c71c3230f930f30ac34160b38dbbaf0,2026-09-26T23:30:00Z,LSU Tigers,Texas A&M Aggies,draftkings,2026-09-20T19:45:46Z,totals,Over,-110,53.5
2026-09-20T19:46:24+00:00,manual,cfb,0c71c3230f930f30ac34160b38dbbaf0,2026-09-26T23:30:00Z,LSU Tigers,Texas A&M Aggies,draftkings,2026-09-20T19:45:46Z,totals,Under,-110,53.5
2026-09-20T19:46:24+00:00,manual,cfb,0c71c3230f930f30ac34160b38dbbaf0,2026-09-26T23:30:00Z,LSU Tigers,Texas A&M Aggies,fanduel,2026-09-20T19:46:06Z,h2h,LSU Tigers,-315,
2026-09-20T19:46:24+00:00,manual,cfb,0c71c3230f930f30ac34160b38dbbaf0,2026-09-26T23:30:00Z,LSU Tigers,Texas A&M Aggies,fanduel,2026-09-20T19:46:06Z,h2h,Texas A&M Aggies,250,
2026-09-20T19:46:24+00:00,manual,cfb,0c71c3230f930f30ac34160b38dbbaf0,2026-09-26T23:30:00Z,LSU Tigers,Texas A&M Aggies,fanduel,2026-09-20T19:46:06Z,spreads,LSU Tigers,-115,-7.5
2026-09-20T19:46:24+00:00,manual,cfb,0c71c3230f930f30ac34160b38dbbaf0,2026-09-26T23:30:00Z,LSU Tigers,Texas A&M Aggies,fanduel,2026-09-20T19:46:06Z,spreads,Texas A&M Aggies,-105,7.5
2026-09-20T19:46:24+00:00,manual,cfb,0c71c3230f930f30ac34160b38dbbaf0,2026-09-26T23:30:00Z,LSU Tigers,Texas A&M Aggies,fanduel,2026-09-20T19:46:06Z,totals,Over,-106,53.5
2026-09-20T19:46:24+00:00,manual,cfb,0c71c3230f930f30ac34160b38dbbaf0,2026-09-26T23:30:00Z,LSU Tigers,Texas A&M Aggies,fanduel,2026-09-20T19:46:06Z,totals,Under,-114,53.5
2026-09-20T19:46:24+00:00,manual,cfb,0c71c3230f930f30ac34160b38dbbaf0,2026-09-26T23:30:00Z,LSU Tigers,Texas A&M Aggies,betmgm,2026-09-20T19:46:05Z,h2h,LSU Tigers,-350,
2026-09-20T19:46:24+00:00,manual,cfb,0c71c3230f930f30ac34160b38dbbaf0,2026-09-26T23:30:00Z,LSU Tigers,Texas A&M Aggies,betmgm,2026-09-20T19:46:05Z,h2h,Texas A&M Aggies,275,
2026-09-20T19:46:24+00:00,manual,cfb,0c71c3230f930f30ac34160b38dbbaf0,2026-09-26T23:30:00Z,LSU Tigers,Texas A&M Aggies,betmgm,2026-09-20T19:46:05Z,spreads,LSU Tigers,-108,-8.5
2026-09-20T19:46:24+00:00,manual,cfb,0c71c3230f930f30ac34160b38dbbaf0,2026-09-26T23:30:00Z,LSU Tigers,Texas A&M Aggies,betmgm,2026-09-20T19:46:05Z,spreads,Texas A&M Aggies,-110,8.5
2026-09-20T19:46:24+00:00,manual,cfb,0c71c3230f930f30ac34160b38dbbaf0,2026-09-26T23:30:00Z,LSU Tigers,Texas A&M Aggies,betmgm,2026-09-20T19:46:05Z,totals,Over,-108,53.5
2026-09-20T19:46:24+00:00,manual,cfb,0c71c3230f930f30ac34160b38dbbaf0,2026-09-26T23:30:00Z,LSU Tigers,Texas A&M Aggies,betmgm,2026-09-20T19:46:05Z,totals,Under,-110,53.5
2026-09-20T19:46:24+00:00,manual,cfb,0c71c3230f930f30ac34160b38dbbaf0,2026-09-26T23:30:00Z,LSU Tigers,Texas A&M Aggies,betonlineag,2026-09-20T19:45:27Z,spreads,LSU Tigers,-115,-9.0
2026-09-20T19:46:24+00:00,manual,cfb,0c71c3230f930f30ac34160b38dbbaf0,2026-09-26T23:30:00Z,LSU Tigers,Texas A&M Aggies,betonlineag,2026-09-20T19:45:27Z,spreads,Texas A&M Aggies,-105,9.0
2026-09-20T19:46:24+00:00,manual,cfb,0c71c3230f930f30ac34160b38dbbaf0,2026-09-26T23:30:00Z,LSU Tigers,Texas A&M Aggies,betonlineag,2026-09-20T19:45:27Z,totals,Over,-110,53.5
2026-09-20T19:46:24+00:00,manual,cfb,0c71c3230f930f30ac34160b38dbbaf0,2026-09-26T23:30:00Z,LSU Tigers,Texas A&M Aggies,betonlineag,2026-09-20T19:45:27Z,totals,Under,-110,53.5
2026-09-20T19:46:24+00:00,manual,cfb,0c71c3230f930f30ac34160b38dbbaf0,2026-09-26T23:30:00Z,LSU Tigers,Texas A&M Aggies,lowvig,2026-09-20T19:45:27Z,spreads,LSU Tigers,-111,-9.0
2026-09-20T19:46:24+00:00,manual,cfb,0c71c3230f930f30ac34160b38dbbaf0,2026-09-26T23:30:00Z,LSU Tigers,Texas A&M Aggies,lowvig,2026-09-20T19:45:27Z,spreads,Texas A&M Aggies,-101,9.0
2026-09-20T19:46:24+00:00,manual,cfb,0c71c3230f930f30ac34160b38dbbaf0,2026-09-26T23:30:00Z,LSU Tigers,Texas A&M Aggies,lowvig,2026-09-20T19:45:27Z,totals,Over,-108,53.5
2026-09-20T19:46:24+00:00,manual,cfb,0c71c3230f930f30ac34160b38dbbaf0,2026-09-26T23:30:00Z,LSU Tigers,Texas A&M Aggies,lowvig,2026-09-20T19:45:27Z,totals,Under,-108,53.5
2026-09-20T19:46:24+00:00,manual,cfb,83516ad7ba3e8ef9f90498cfcaf10eb5,2026-09-26T23:30:00Z,USC Trojans,Oregon Ducks,draftkings,2026-09-20T19:45:46Z,h2h,Oregon Ducks,-122,
2026-09-20T19:46:24+00:00,manual,cfb,83516ad7ba3e8ef9f90498cfcaf10eb5,2026-09-26T23:30:00Z,USC Trojans,Oregon Ducks,draftkings,2026-09-20T19:45:46Z,h2h,USC Trojans,102,
2026-09-20T19:46:24+00:00,manual,cfb,83516ad7ba3e8ef9f90498cfcaf10eb5,2026-09-26T23:30:00Z,USC Trojans,Oregon Ducks,draftkings,2026-09-20T19:45:46Z,spreads,Oregon Ducks,-115,-1.5
2026-09-20T19:46:24+00:00,manual,cfb,83516ad7ba3e8ef9f90498cfcaf10eb5,2026-09-26T23:30:00Z,USC Trojans,Oregon Ducks,draftkings,2026-09-20T19:45:46Z,spreads,USC Trojans,-105,1.5
2026-09-20T19:46:24+00:00,manual,cfb,83516ad7ba3e8ef9f90498cfcaf10eb5,2026-09-26T23:30:00Z,USC Trojans,Oregon Ducks,draftkings,2026-09-20T19:45:46Z,totals,Over,-110,62.5
2026-09-20T19:46:24+00:00,manual,cfb,83516ad7ba3e8ef9f90498cfcaf10eb5,2026-09-26T23:30:00Z,USC Trojans,Oregon Ducks,draftkings,2026-09-20T19:45:46Z,totals,Under,-110,62.5
2026-09-20T19:46:24+00:00,manual,cfb,83516ad7ba3e8ef9f90498cfcaf10eb5,2026-09-26T23:30:00Z,USC Trojans,Oregon Ducks,fanduel,2026-09-20T19:46:06Z,h2h,Oregon Ducks,-128,
2026-09-20T19:46:24+00:00,manual,cfb,83516ad7ba3e8ef9f90498cfcaf10eb5,2026-09-26T23:30:00Z,USC Trojans,Oregon Ducks,fanduel,2026-09-20T19:46:06Z,h2h,USC Trojans,106,
2026-09-20T19:46:24+00:00,manual,cfb,83516ad7ba3e8ef9f90498cfcaf10eb5,2026-09-26T23:30:00Z,USC Trojans,Oregon Ducks,fanduel,2026-09-20T19:46:06Z,spreads,Oregon Ducks,-110,-2.5
2026-09-20T19:46:24+00:00,manual,cfb,83516ad7ba3e8ef9f90498cfcaf10eb5,2026-09-26T23:30:00Z,USC Trojans,Oregon Ducks,fanduel,2026-09-20T19:46:06Z,spreads,USC Trojans,-110,2.5
2026-09-20T19:46:24+00:00,manual,cfb,83516ad7ba3e8ef9f90498cfcaf10eb5,2026-09-26T23:30:00Z,USC Trojans,Oregon Ducks,fanduel,2026-09-20T19:46:06Z,totals,Over,-110,62.5
2026-09-20T19:46:24+00:00,manual,cfb,83516ad7ba3e8ef9f90498cfcaf10eb5,2026-09-26T23:30:00Z,USC Trojans,Oregon Ducks,fanduel,2026-09-20T19:46:06Z,totals,Under,-110,62.5
2026-09-20T19:46:24+00:00,manual,cfb,83516ad7ba3e8ef9f90498cfcaf10eb5,2026-09-26T23:30:00Z,USC Trojans,Oregon Ducks,betmgm,2026-09-20T19:46:05Z,h2h,Oregon Ducks,-125,
2026-09-20T19:46:24+00:00,manual,cfb,83516ad7ba3e8ef9f90498cfcaf10eb5,2026-09-26T23:30:00Z,USC Trojans,Oregon Ducks,betmgm,2026-09-20T19:46:05Z,h2h,USC Trojans,105,
2026-09-20T19:46:24+00:00,manual,cfb,83516ad7ba3e8ef9f90498cfcaf10eb5,2026-09-26T23:30:00Z,USC Trojans,Oregon Ducks,betmgm,2026-09-20T19:46:05Z,spreads,Oregon Ducks,-108,-2.5
2026-09-20T19:46:24+00:00,manual,cfb,83516ad7ba3e8ef9f90498cfcaf10eb5,2026-09-26T23:30:00Z,USC Trojans,Oregon Ducks,betmgm,2026-09-20T19:46:05Z,spreads,USC Trojans,-110,2.5
2026-09-20T19:46:24+00:00,manual,cfb,83516ad7ba3e8ef9f90498cfcaf10eb5,2026-09-26T23:30:00Z,USC Trojans,Oregon Ducks,betmgm,2026-09-20T19:46:05Z,totals,Over,-105,62.5
2026-09-20T19:46:24+00:00,manual,cfb,83516ad7ba3e8ef9f90498cfcaf10eb5,2026-09-26T23:30:00Z,USC Trojans,Oregon Ducks,betmgm,2026-09-20T19:46:05Z,totals,Under,-112,62.5
2026-09-20T19:46:24+00:00,manual,cfb,83516ad7ba3e8ef9f90498cfcaf10eb5,2026-09-26T23:30:00Z,USC Trojans,Oregon Ducks,lowvig,2026-09-20T19:45:27Z,spreads,Oregon Ducks,-106,-2.5
2026-09-20T19:46:24+00:00,manual,cfb,83516ad7ba3e8ef9f90498cfcaf10eb5,2026-09-26T23:30:00Z,USC Trojans,Oregon Ducks,lowvig,2026-09-20T19:45:27Z,spreads,USC Trojans,-106,2.5
2026-09-20T19:46:24+00:00,manual,cfb,83516ad7ba3e8ef9f90498cfcaf10eb5,2026-09-26T23:30:00Z,USC Trojans,Oregon Ducks,lowvig,2026-09-20T19:45:27Z,totals,Over,-108,61.5
2026-09-20T19:46:24+00:00,manual,cfb,83516ad7ba3e8ef9f90498cfcaf10eb5,2026-09-26T23:30:00Z,USC Trojans,Oregon Ducks,lowvig,2026-09-20T19:45:27Z,totals,Under,-108,61.5
2026-09-20T19:46:24+00:00,manual,cfb,83516ad7ba3e8ef9f90498cfcaf10eb5,2026-09-26T23:30:00Z,USC Trojans,Oregon Ducks,betonlineag,2026-09-20T19:45:27Z,spreads,Oregon Ducks,-110,-2.5
2026-09-20T19:46:24+00:00,manual,cfb,83516ad7ba3e8ef9f90498cfcaf10eb5,2026-09-26T23:30:00Z,USC Trojans,Oregon Ducks,betonlineag,2026-09-20T19:45:27Z,spreads,USC Trojans,-110,2.5
2026-09-20T19:46:24+00:00,manual,cfb,83516ad7ba3e8ef9f90498cfcaf10eb5,2026-09-26T23:30:00Z,USC Trojans,Oregon Ducks,betonlineag,2026-09-20T19:45:27Z,totals,Over,-110,61.5
2026-09-20T19:46:24+00:00,manual,cfb,83516ad7ba3e8ef9f90498cfcaf10eb5,2026-09-26T23:30:00Z,USC Trojans,Oregon Ducks,betonlineag,2026-09-20T19:45:27Z,totals,Under,-110,61.5
2026-09-20T19:46:24+00:00,manual,cfb,dbc89703b51acf3b8818134a1a2a0dc2,2026-09-26T23:30:00Z,Utah State Aggies,Troy Trojans,fanduel,2026-09-20T19:46:06Z,h2h,Troy Trojans,118,
2026-09-20T19:46:24+00:00,manual,cfb,dbc89703b51acf3b8818134a1a2a0dc2,2026-09-26T23:30:00Z,Utah State Aggies,Troy Trojans,fanduel,2026-09-20T19:46:06Z,h2h,Utah State Aggies,-142,
2026-09-20T19:46:24+00:00,manual,cfb,dbc89703b51acf3b8818134a1a2a0dc2,2026-09-26T23:30:00Z,Utah State Aggies,Troy Trojans,fanduel,2026-09-20T19:46:06Z,spreads,Troy Trojans,-104,2.5
2026-09-20T19:46:24+00:00,manual,cfb,dbc89703b51acf3b8818134a1a2a0dc2,2026-09-26T23:30:00Z,Utah State Aggies,Troy Trojans,fanduel,2026-09-20T19:46:06Z,spreads,Utah State Aggies,-118,-2.5
2026-09-20T19:46:24+00:00,manual,cfb,dbc89703b51acf3b8818134a1a2a0dc2,2026-09-26T23:30:00Z,Utah State Aggies,Troy Trojans,fanduel,2026-09-20T19:46:06Z,totals,Over,-110,50.5
2026-09-20T19:46:24+00:00,manual,cfb,dbc89703b51acf3b8818134a1a2a0dc2,2026-09-26T23:30:00Z,Utah State Aggies,Troy Trojans,fanduel,2026-09-20T19:46:06Z,totals,Under,-110,50.5
2026-09-20T19:46:24+00:00,manual,cfb,dbc89703b51acf3b8818134a1a2a0dc2,2026-09-26T23:30:00Z,Utah State Aggies,Troy Trojans,draftkings,2026-09-20T19:45:46Z,h2h,Troy Trojans,110,
2026-09-20T19:46:24+00:00,manual,cfb,dbc89703b51acf3b8818134a1a2a0dc2,2026-09-26T23:30:00Z,Utah State Aggies,Troy Trojans,draftkings,2026-09-20T19:45:46Z,h2h,Utah State Aggies,-130,
2026-09-20T19:46:24+00:00,manual,cfb,dbc89703b51acf3b8818134a1a2a0dc2,2026-09-26T23:30:00Z,Utah State Aggies,Troy Trojans,draftkings,2026-09-20T19:45:46Z,spreads,Troy Trojans,-110,2.5
2026-09-20T19:46:24+00:00,manual,cfb,dbc89703b51acf3b8818134a1a2a0dc2,2026-09-26T23:30:00Z,Utah State Aggies,Troy Trojans,draftkings,2026-09-20T19:45:46Z,spreads,Utah State Aggies,-110,-2.5
2026-09-20T19:46:24+00:00,manual,cfb,dbc89703b51acf3b8818134a1a2a0dc2,2026-09-26T23:30:00Z,Utah State Aggies,Troy Trojans,draftkings,2026-09-20T19:45:46Z,totals,Over,-110,50.5
2026-09-20T19:46:24+00:00,manual,cfb,dbc89703b51acf3b8818134a1a2a0dc2,2026-09-26T23:30:00Z,Utah State Aggies,Troy Trojans,draftkings,2026-09-20T19:45:46Z,totals,Under,-110,50.5
2026-09-20T19:46:24+00:00,manual,cfb,dbc89703b51acf3b8818134a1a2a0dc2,2026-09-26T23:30:00Z,Utah State Aggies,Troy Trojans,lowvig,2026-09-20T19:45:27Z,spreads,Troy Trojans,-101,2.5
2026-09-20T19:46:24+00:00,manual,cfb,dbc89703b51acf3b8818134a1a2a0dc2,2026-09-26T23:30:00Z,Utah State Aggies,Troy Trojans,lowvig,2026-09-20T19:45:27Z,spreads,Utah State Aggies,-111,-2.5
2026-09-20T19:46:24+00:00,manual,cfb,dbc89703b51acf3b8818134a1a2a0dc2,2026-09-26T23:30:00Z,Utah State Aggies,Troy Trojans,lowvig,2026-09-20T19:45:27Z,totals,Over,-108,50.5
2026-09-20T19:46:24+00:00,manual,cfb,dbc89703b51acf3b8818134a1a2a0dc2,2026-09-26T23:30:00Z,Utah State Aggies,Troy Trojans,lowvig,2026-09-20T19:45:27Z,totals,Under,-108,50.5
2026-09-20T19:46:24+00:00,manual,cfb,dbc89703b51acf3b8818134a1a2a0dc2,2026-09-26T23:30:00Z,Utah State Aggies,Troy Trojans,betonlineag,2026-09-20T19:45:27Z,spreads,Troy Trojans,-105,2.5
2026-09-20T19:46:24+00:00,manual,cfb,dbc89703b51acf3b8818134a1a2a0dc2,2026-09-26T23:30:00Z,Utah State Aggies,Troy Trojans,betonlineag,2026-09-20T19:45:27Z,spreads,Utah State Aggies,-115,-2.5
2026-09-20T19:46:24+00:00,manual,cfb,dbc89703b51acf3b8818134a1a2a0dc2,2026-09-26T23:30:00Z,Utah State Aggies,Troy Trojans,betonlineag,2026-09-20T19:45:27Z,totals,Over,-110,50.5
2026-09-20T19:46:24+00:00,manual,cfb,dbc89703b51acf3b8818134a1a2a0dc2,2026-09-26T23:30:00Z,Utah State Aggies,Troy Trojans,betonlineag,2026-09-20T19:45:27Z,totals,Under,-110,50.5
2026-09-20T19:46:24+00:00,manual,cfb,dbc89703b51acf3b8818134a1a2a0dc2,2026-09-26T23:30:00Z,Utah State Aggies,Troy Trojans,betmgm,2026-09-20T19:46:05Z,h2h,Troy Trojans,115,
2026-09-20T19:46:24+00:00,manual,cfb,dbc89703b51acf3b8818134a1a2a0dc2,2026-09-26T23:30:00Z,Utah State Aggies,Troy Trojans,betmgm,2026-09-20T19:46:05Z,h2h,Utah State Aggies,-140,
2026-09-20T19:46:24+00:00,manual,cfb,dbc89703b51acf3b8818134a1a2a0dc2,2026-09-26T23:30:00Z,Utah State Aggies,Troy Trojans,betmgm,2026-09-20T19:46:05Z,spreads,Troy Trojans,-108,2.5
2026-09-20T19:46:24+00:00,manual,cfb,dbc89703b51acf3b8818134a1a2a0dc2,2026-09-26T23:30:00Z,Utah State Aggies,Troy Trojans,betmgm,2026-09-20T19:46:05Z,spreads,Utah State Aggies,-110,-2.5
2026-09-20T19:46:24+00:00,manual,cfb,dbc89703b51acf3b8818134a1a2a0dc2,2026-09-26T23:30:00Z,Utah State Aggies,Troy Trojans,betmgm,2026-09-20T19:46:05Z,totals,Over,-108,50.5
2026-09-20T19:46:24+00:00,manual,cfb,dbc89703b51acf3b8818134a1a2a0dc2,2026-09-26T23:30:00Z,Utah State Aggies,Troy Trojans,betmgm,2026-09-20T19:46:05Z,totals,Under,-110,50.5
2026-09-20T19:46:24+00:00,manual,cfb,f154381c89953d3b0bd409a6bc4e28a6,2026-09-26T23:45:00Z,Mississippi State Bulldogs,Missouri Tigers,draftkings,2026-09-20T19:45:46Z,h2h,Mississippi State Bulldogs,-205,
2026-09-20T19:46:24+00:00,manual,cfb,f154381c89953d3b0bd409a6bc4e28a6,2026-09-26T23:45:00Z,Mississippi State Bulldogs,Missouri Tigers,draftkings,2026-09-20T19:45:46Z,h2h,Missouri Tigers,170,
2026-09-20T19:46:24+00:00,manual,cfb,f154381c89953d3b0bd409a6bc4e28a6,2026-09-26T23:45:00Z,Mississippi State Bulldogs,Missouri Tigers,draftkings,2026-09-20T19:45:46Z,spreads,Mississippi State Bulldogs,-115,-4.0
2026-09-20T19:46:24+00:00,manual,cfb,f154381c89953d3b0bd409a6bc4e28a6,2026-09-26T23:45:00Z,Mississippi State Bulldogs,Missouri Tigers,draftkings,2026-09-20T19:45:46Z,spreads,Missouri Tigers,-105,4.0
2026-09-20T19:46:24+00:00,manual,cfb,f154381c89953d3b0bd409a6bc4e28a6,2026-09-26T23:45:00Z,Mississippi State Bulldogs,Missouri Tigers,draftkings,2026-09-20T19:45:46Z,totals,Over,-112,59.5
2026-09-20T19:46:24+00:00,manual,cfb,f154381c89953d3b0bd409a6bc4e28a6,2026-09-26T23:45:00Z,Mississippi State Bulldogs,Missouri Tigers,draftkings,2026-09-20T19:45:46Z,totals,Under,-108,59.5
2026-09-20T19:46:24+00:00,manual,cfb,f154381c89953d3b0bd409a6bc4e28a6,2026-09-26T23:45:00Z,Mississippi State Bulldogs,Missouri Tigers,fanduel,2026-09-20T19:46:06Z,h2h,Mississippi State Bulldogs,-188,
2026-09-20T19:46:24+00:00,manual,cfb,f154381c89953d3b0bd409a6bc4e28a6,2026-09-26T23:45:00Z,Mississippi State Bulldogs,Missouri Tigers,fanduel,2026-09-20T19:46:06Z,h2h,Missouri Tigers,155,
2026-09-20T19:46:24+00:00,manual,cfb,f154381c89953d3b0bd409a6bc4e28a6,2026-09-26T23:45:00Z,Mississippi State Bulldogs,Missouri Tigers,fanduel,2026-09-20T19:46:06Z,spreads,Mississippi State Bulldogs,-110,-4.5
2026-09-20T19:46:24+00:00,manual,cfb,f154381c89953d3b0bd409a6bc4e28a6,2026-09-26T23:45:00Z,Mississippi State Bulldogs,Missouri Tigers,fanduel,2026-09-20T19:46:06Z,spreads,Missouri Tigers,-110,4.5
2026-09-20T19:46:24+00:00,manual,cfb,f154381c89953d3b0bd409a6bc4e28a6,2026-09-26T23:45:00Z,Mississippi State Bulldogs,Missouri Tigers,fanduel,2026-09-20T19:46:06Z,totals,Over,-110,59.5
2026-09-20T19:46:24+00:00,manual,cfb,f154381c89953d3b0bd409a6bc4e28a6,2026-09-26T23:45:00Z,Mississippi State Bulldogs,Missouri Tigers,fanduel,2026-09-20T19:46:06Z,totals,Under,-110,59.5
2026-09-20T19:46:24+00:00,manual,cfb,f154381c89953d3b0bd409a6bc4e28a6,2026-09-26T23:45:00Z,Mississippi State Bulldogs,Missouri Tigers,lowvig,2026-09-20T19:45:27Z,spreads,Mississippi State Bulldogs,-111,-5.5
2026-09-20T19:46:24+00:00,manual,cfb,f154381c89953d3b0bd409a6bc4e28a6,2026-09-26T23:45:00Z,Mississippi State Bulldogs,Missouri Tigers,lowvig,2026-09-20T19:45:27Z,spreads,Missouri Tigers,-101,5.5
2026-09-20T19:46:24+00:00,manual,cfb,f154381c89953d3b0bd409a6bc4e28a6,2026-09-26T23:45:00Z,Mississippi State Bulldogs,Missouri Tigers,lowvig,2026-09-20T19:45:27Z,totals,Over,-108,59.0
2026-09-20T19:46:24+00:00,manual,cfb,f154381c89953d3b0bd409a6bc4e28a6,2026-09-26T23:45:00Z,Mississippi State Bulldogs,Missouri Tigers,lowvig,2026-09-20T19:45:27Z,totals,Under,-108,59.0
2026-09-20T19:46:24+00:00,manual,cfb,f154381c89953d3b0bd409a6bc4e28a6,2026-09-26T23:45:00Z,Mississippi State Bulldogs,Missouri Tigers,betonlineag,2026-09-20T19:45:27Z,spreads,Mississippi State Bulldogs,-115,-5.5
2026-09-20T19:46:24+00:00,manual,cfb,f154381c89953d3b0bd409a6bc4e28a6,2026-09-26T23:45:00Z,Mississippi State Bulldogs,Missouri Tigers,betonlineag,2026-09-20T19:45:27Z,spreads,Missouri Tigers,-105,5.5
2026-09-20T19:46:24+00:00,manual,cfb,f154381c89953d3b0bd409a6bc4e28a6,2026-09-26T23:45:00Z,Mississippi State Bulldogs,Missouri Tigers,betonlineag,2026-09-20T19:45:27Z,totals,Over,-110,59.0
2026-09-20T19:46:24+00:00,manual,cfb,f154381c89953d3b0bd409a6bc4e28a6,2026-09-26T23:45:00Z,Mississippi State Bulldogs,Missouri Tigers,betonlineag,2026-09-20T19:45:27Z,totals,Under,-110,59.0
2026-09-20T19:46:24+00:00,manual,cfb,f154381c89953d3b0bd409a6bc4e28a6,2026-09-26T23:45:00Z,Mississippi State Bulldogs,Missouri Tigers,betmgm,2026-09-20T19:46:05Z,h2h,Mississippi State Bulldogs,-200,
2026-09-20T19:46:24+00:00,manual,cfb,f154381c89953d3b0bd409a6bc4e28a6,2026-09-26T23:45:00Z,Mississippi State Bulldogs,Missouri Tigers,betmgm,2026-09-20T19:46:05Z,h2h,Missouri Tigers,160,
2026-09-20T19:46:24+00:00,manual,cfb,f154381c89953d3b0bd409a6bc4e28a6,2026-09-26T23:45:00Z,Mississippi State Bulldogs,Missouri Tigers,betmgm,2026-09-20T19:46:05Z,spreads,Mississippi State Bulldogs,-108,-5.0
2026-09-20T19:46:24+00:00,manual,cfb,f154381c89953d3b0bd409a6bc4e28a6,2026-09-26T23:45:00Z,Mississippi State Bulldogs,Missouri Tigers,betmgm,2026-09-20T19:46:05Z,spreads,Missouri Tigers,-110,5.0
2026-09-20T19:46:24+00:00,manual,cfb,f154381c89953d3b0bd409a6bc4e28a6,2026-09-26T23:45:00Z,Mississippi State Bulldogs,Missouri Tigers,betmgm,2026-09-20T19:46:05Z,totals,Over,-105,59.5
2026-09-20T19:46:24+00:00,manual,cfb,f154381c89953d3b0bd409a6bc4e28a6,2026-09-26T23:45:00Z,Mississippi State Bulldogs,Missouri Tigers,betmgm,2026-09-20T19:46:05Z,totals,Under,-115,59.5
2026-09-20T19:46:24+00:00,manual,cfb,891673ae39457f51a701ca482c2f7280,2026-09-27T00:00:00Z,Arkansas Razorbacks,Tulsa Golden Hurricane,fanduel,2026-09-20T19:46:06Z,h2h,Arkansas Razorbacks,-300,
2026-09-20T19:46:24+00:00,manual,cfb,891673ae39457f51a701ca482c2f7280,2026-09-27T00:00:00Z,Arkansas Razorbacks,Tulsa Golden Hurricane,fanduel,2026-09-20T19:46:06Z,h2h,Tulsa Golden Hurricane,240,
2026-09-20T19:46:24+00:00,manual,cfb,891673ae39457f51a701ca482c2f7280,2026-09-27T00:00:00Z,Arkansas Razorbacks,Tulsa Golden Hurricane,fanduel,2026-09-20T19:46:06Z,spreads,Arkansas Razorbacks,-105,-7.5
2026-09-20T19:46:24+00:00,manual,cfb,891673ae39457f51a701ca482c2f7280,2026-09-27T00:00:00Z,Arkansas Razorbacks,Tulsa Golden Hurricane,fanduel,2026-09-20T19:46:06Z,spreads,Tulsa Golden Hurricane,-115,7.5
2026-09-20T19:46:24+00:00,manual,cfb,891673ae39457f51a701ca482c2f7280,2026-09-27T00:00:00Z,Arkansas Razorbacks,Tulsa Golden Hurricane,fanduel,2026-09-20T19:46:06Z,totals,Over,-110,52.5
2026-09-20T19:46:24+00:00,manual,cfb,891673ae39457f51a701ca482c2f7280,2026-09-27T00:00:00Z,Arkansas Razorbacks,Tulsa Golden Hurricane,fanduel,2026-09-20T19:46:06Z,totals,Under,-110,52.5
2026-09-20T19:46:24+00:00,manual,cfb,891673ae39457f51a701ca482c2f7280,2026-09-27T00:00:00Z,Arkansas Razorbacks,Tulsa Golden Hurricane,draftkings,2026-09-20T19:45:46Z,h2h,Arkansas Razorbacks,-285,
2026-09-20T19:46:24+00:00,manual,cfb,891673ae39457f51a701ca482c2f7280,2026-09-27T00:00:00Z,Arkansas Razorbacks,Tulsa Golden Hurricane,draftkings,2026-09-20T19:45:46Z,h2h,Tulsa Golden Hurricane,230,
2026-09-20T19:46:24+00:00,manual,cfb,891673ae39457f51a701ca482c2f7280,2026-09-27T00:00:00Z,Arkansas Razorbacks,Tulsa Golden Hurricane,draftkings,2026-09-20T19:45:46Z,spreads,Arkansas Razorbacks,-105,-8.5
2026-09-20T19:46:24+00:00,manual,cfb,891673ae39457f51a701ca482c2f7280,2026-09-27T00:00:00Z,Arkansas Razorbacks,Tulsa Golden Hurricane,draftkings,2026-09-20T19:45:46Z,spreads,Tulsa Golden Hurricane,-115,8.5
2026-09-20T19:46:24+00:00,manual,cfb,891673ae39457f51a701ca482c2f7280,2026-09-27T00:00:00Z,Arkansas Razorbacks,Tulsa Golden Hurricane,draftkings,2026-09-20T19:45:46Z,totals,Over,-108,52.5
2026-09-20T19:46:24+00:00,manual,cfb,891673ae39457f51a701ca482c2f7280,2026-09-27T00:00:00Z,Arkansas Razorbacks,Tulsa Golden Hurricane,draftkings,2026-09-20T19:45:46Z,totals,Under,-112,52.5
2026-09-20T19:46:24+00:00,manual,cfb,891673ae39457f51a701ca482c2f7280,2026-09-27T00:00:00Z,Arkansas Razorbacks,Tulsa Golden Hurricane,betonlineag,2026-09-20T19:45:27Z,spreads,Arkansas Razorbacks,-120,-7.0
2026-09-20T19:46:24+00:00,manual,cfb,891673ae39457f51a701ca482c2f7280,2026-09-27T00:00:00Z,Arkansas Razorbacks,Tulsa Golden Hurricane,betonlineag,2026-09-20T19:45:27Z,spreads,Tulsa Golden Hurricane,100,7.0
2026-09-20T19:46:24+00:00,manual,cfb,891673ae39457f51a701ca482c2f7280,2026-09-27T00:00:00Z,Arkansas Razorbacks,Tulsa Golden Hurricane,betonlineag,2026-09-20T19:45:27Z,totals,Over,-115,53.0
2026-09-20T19:46:24+00:00,manual,cfb,891673ae39457f51a701ca482c2f7280,2026-09-27T00:00:00Z,Arkansas Razorbacks,Tulsa Golden Hurricane,betonlineag,2026-09-20T19:45:27Z,totals,Under,-105,53.0
2026-09-20T19:46:24+00:00,manual,cfb,891673ae39457f51a701ca482c2f7280,2026-09-27T00:00:00Z,Arkansas Razorbacks,Tulsa Golden Hurricane,lowvig,2026-09-20T19:45:27Z,spreads,Arkansas Razorbacks,-116,-7.0
2026-09-20T19:46:24+00:00,manual,cfb,891673ae39457f51a701ca482c2f7280,2026-09-27T00:00:00Z,Arkansas Razorbacks,Tulsa Golden Hurricane,lowvig,2026-09-20T19:45:27Z,spreads,Tulsa Golden Hurricane,104,7.0
2026-09-20T19:46:24+00:00,manual,cfb,891673ae39457f51a701ca482c2f7280,2026-09-27T00:00:00Z,Arkansas Razorbacks,Tulsa Golden Hurricane,lowvig,2026-09-20T19:45:27Z,totals,Over,-114,53.0
2026-09-20T19:46:24+00:00,manual,cfb,891673ae39457f51a701ca482c2f7280,2026-09-27T00:00:00Z,Arkansas Razorbacks,Tulsa Golden Hurricane,lowvig,2026-09-20T19:45:27Z,totals,Under,-103,53.0
2026-09-20T19:46:24+00:00,manual,cfb,891673ae39457f51a701ca482c2f7280,2026-09-27T00:00:00Z,Arkansas Razorbacks,Tulsa Golden Hurricane,betmgm,2026-09-20T19:46:05Z,h2h,Arkansas Razorbacks,-295,
2026-09-20T19:46:24+00:00,manual,cfb,891673ae39457f51a701ca482c2f7280,2026-09-27T00:00:00Z,Arkansas Razorbacks,Tulsa Golden Hurricane,betmgm,2026-09-20T19:46:05Z,h2h,Tulsa Golden Hurricane,240,
2026-09-20T19:46:24+00:00,manual,cfb,891673ae39457f51a701ca482c2f7280,2026-09-27T00:00:00Z,Arkansas Razorbacks,Tulsa Golden Hurricane,betmgm,2026-09-20T19:46:05Z,spreads,Arkansas Razorbacks,-108,-7.5
2026-09-20T19:46:24+00:00,manual,cfb,891673ae39457f51a701ca482c2f7280,2026-09-27T00:00:00Z,Arkansas Razorbacks,Tulsa Golden Hurricane,betmgm,2026-09-20T19:46:05Z,spreads,Tulsa Golden Hurricane,-110,7.5
2026-09-20T19:46:24+00:00,manual,cfb,891673ae39457f51a701ca482c2f7280,2026-09-27T00:00:00Z,Arkansas Razorbacks,Tulsa Golden Hurricane,betmgm,2026-09-20T19:46:05Z,totals,Over,-110,52.5
2026-09-20T19:46:24+00:00,manual,cfb,891673ae39457f51a701ca482c2f7280,2026-09-27T00:00:00Z,Arkansas Razorbacks,Tulsa Golden Hurricane,betmgm,2026-09-20T19:46:05Z,totals,Under,-108,52.5
2026-09-20T19:46:24+00:00,manual,cfb,8fd491e65439f5d6b6a1edc9da7f036b,2026-09-27T00:00:00Z,UL Monroe Warhawks,Florida Atlantic Owls,fanduel,2026-09-20T19:46:06Z,h2h,Florida Atlantic Owls,-550,
2026-09-20T19:46:24+00:00,manual,cfb,8fd491e65439f5d6b6a1edc9da7f036b,2026-09-27T00:00:00Z,UL Monroe Warhawks,Florida Atlantic Owls,fanduel,2026-09-20T19:46:06Z,h2h,UL Monroe Warhawks,400,
2026-09-20T19:46:24+00:00,manual,cfb,8fd491e65439f5d6b6a1edc9da7f036b,2026-09-27T00:00:00Z,UL Monroe Warhawks,Florida Atlantic Owls,fanduel,2026-09-20T19:46:06Z,spreads,Florida Atlantic Owls,-105,-13.5
2026-09-20T19:46:24+00:00,manual,cfb,8fd491e65439f5d6b6a1edc9da7f036b,2026-09-27T00:00:00Z,UL Monroe Warhawks,Florida Atlantic Owls,fanduel,2026-09-20T19:46:06Z,spreads,UL Monroe Warhawks,-115,13.5
2026-09-20T19:46:24+00:00,manual,cfb,8fd491e65439f5d6b6a1edc9da7f036b,2026-09-27T00:00:00Z,UL Monroe Warhawks,Florida Atlantic Owls,fanduel,2026-09-20T19:46:06Z,totals,Over,-110,58.5
2026-09-20T19:46:24+00:00,manual,cfb,8fd491e65439f5d6b6a1edc9da7f036b,2026-09-27T00:00:00Z,UL Monroe Warhawks,Florida Atlantic Owls,fanduel,2026-09-20T19:46:06Z,totals,Under,-110,58.5
2026-09-20T19:46:24+00:00,manual,cfb,8fd491e65439f5d6b6a1edc9da7f036b,2026-09-27T00:00:00Z,UL Monroe Warhawks,Florida Atlantic Owls,draftkings,2026-09-20T19:45:46Z,h2h,Florida Atlantic Owls,-600,
2026-09-20T19:46:24+00:00,manual,cfb,8fd491e65439f5d6b6a1edc9da7f036b,2026-09-27T00:00:00Z,UL Monroe Warhawks,Florida Atlantic Owls,draftkings,2026-09-20T19:45:46Z,h2h,UL Monroe Warhawks,440,
2026-09-20T19:46:24+00:00,manual,cfb,8fd491e65439f5d6b6a1edc9da7f036b,2026-09-27T00:00:00Z,UL Monroe Warhawks,Florida Atlantic Owls,draftkings,2026-09-20T19:45:46Z,spreads,Florida Atlantic Owls,-110,-13.5
2026-09-20T19:46:24+00:00,manual,cfb,8fd491e65439f5d6b6a1edc9da7f036b,2026-09-27T00:00:00Z,UL Monroe Warhawks,Florida Atlantic Owls,draftkings,2026-09-20T19:45:46Z,spreads,UL Monroe Warhawks,-110,13.5
2026-09-20T19:46:24+00:00,manual,cfb,8fd491e65439f5d6b6a1edc9da7f036b,2026-09-27T00:00:00Z,UL Monroe Warhawks,Florida Atlantic Owls,draftkings,2026-09-20T19:45:46Z,totals,Over,-110,59.5
2026-09-20T19:46:24+00:00,manual,cfb,8fd491e65439f5d6b6a1edc9da7f036b,2026-09-27T00:00:00Z,UL Monroe Warhawks,Florida Atlantic Owls,draftkings,2026-09-20T19:45:46Z,totals,Under,-110,59.5
2026-09-20T19:46:24+00:00,manual,cfb,8fd491e65439f5d6b6a1edc9da7f036b,2026-09-27T00:00:00Z,UL Monroe Warhawks,Florida Atlantic Owls,lowvig,2026-09-20T19:45:27Z,spreads,Florida Atlantic Owls,-110,-13.5
2026-09-20T19:46:24+00:00,manual,cfb,8fd491e65439f5d6b6a1edc9da7f036b,2026-09-27T00:00:00Z,UL Monroe Warhawks,Florida Atlantic Owls,lowvig,2026-09-20T19:45:27Z,spreads,UL Monroe Warhawks,-102,13.5
2026-09-20T19:46:24+00:00,manual,cfb,8fd491e65439f5d6b6a1edc9da7f036b,2026-09-27T00:00:00Z,UL Monroe Warhawks,Florida Atlantic Owls,lowvig,2026-09-20T19:45:27Z,totals,Over,-108,59.0
2026-09-20T19:46:24+00:00,manual,cfb,8fd491e65439f5d6b6a1edc9da7f036b,2026-09-27T00:00:00Z,UL Monroe Warhawks,Florida Atlantic Owls,lowvig,2026-09-20T19:45:27Z,totals,Under,-108,59.0
2026-09-20T19:46:24+00:00,manual,cfb,8fd491e65439f5d6b6a1edc9da7f036b,2026-09-27T00:00:00Z,UL Monroe Warhawks,Florida Atlantic Owls,betonlineag,2026-09-20T19:45:27Z,spreads,Florida Atlantic Owls,-114,-13.5
2026-09-20T19:46:24+00:00,manual,cfb,8fd491e65439f5d6b6a1edc9da7f036b,2026-09-27T00:00:00Z,UL Monroe Warhawks,Florida Atlantic Owls,betonlineag,2026-09-20T19:45:27Z,spreads,UL Monroe Warhawks,-106,13.5
2026-09-20T19:46:24+00:00,manual,cfb,8fd491e65439f5d6b6a1edc9da7f036b,2026-09-27T00:00:00Z,UL Monroe Warhawks,Florida Atlantic Owls,betonlineag,2026-09-20T19:45:27Z,totals,Over,-110,59.0
2026-09-20T19:46:24+00:00,manual,cfb,8fd491e65439f5d6b6a1edc9da7f036b,2026-09-27T00:00:00Z,UL Monroe Warhawks,Florida Atlantic Owls,betonlineag,2026-09-20T19:45:27Z,totals,Under,-110,59.0
2026-09-20T19:46:24+00:00,manual,cfb,8fd491e65439f5d6b6a1edc9da7f036b,2026-09-27T00:00:00Z,UL Monroe Warhawks,Florida Atlantic Owls,betmgm,2026-09-20T19:46:05Z,h2h,Florida Atlantic Owls,-550,
2026-09-20T19:46:24+00:00,manual,cfb,8fd491e65439f5d6b6a1edc9da7f036b,2026-09-27T00:00:00Z,UL Monroe Warhawks,Florida Atlantic Owls,betmgm,2026-09-20T19:46:05Z,h2h,UL Monroe Warhawks,425,
2026-09-20T19:46:24+00:00,manual,cfb,8fd491e65439f5d6b6a1edc9da7f036b,2026-09-27T00:00:00Z,UL Monroe Warhawks,Florida Atlantic Owls,betmgm,2026-09-20T19:46:05Z,spreads,Florida Atlantic Owls,-108,-13.5
2026-09-20T19:46:24+00:00,manual,cfb,8fd491e65439f5d6b6a1edc9da7f036b,2026-09-27T00:00:00Z,UL Monroe Warhawks,Florida Atlantic Owls,betmgm,2026-09-20T19:46:05Z,spreads,UL Monroe Warhawks,-110,13.5
2026-09-20T19:46:24+00:00,manual,cfb,8fd491e65439f5d6b6a1edc9da7f036b,2026-09-27T00:00:00Z,UL Monroe Warhawks,Florida Atlantic Owls,betmgm,2026-09-20T19:46:05Z,totals,Over,-118,58.5
2026-09-20T19:46:24+00:00,manual,cfb,8fd491e65439f5d6b6a1edc9da7f036b,2026-09-27T00:00:00Z,UL Monroe Warhawks,Florida Atlantic Owls,betmgm,2026-09-20T19:46:05Z,totals,Under,-102,58.5
2026-09-20T19:46:24+00:00,manual,cfb,4d76388c84fc859e6bae8ff267266872,2026-09-27T01:00:00Z,SMU Mustangs,Missouri State Bears,fanduel,2026-09-20T19:46:06Z,h2h,Missouri State Bears,4000,
2026-09-20T19:46:24+00:00,manual,cfb,4d76388c84fc859e6bae8ff267266872,2026-09-27T01:00:00Z,SMU Mustangs,Missouri State Bears,fanduel,2026-09-20T19:46:06Z,h2h,SMU Mustangs,-30000,
2026-09-20T19:46:24+00:00,manual,cfb,4d76388c84fc859e6bae8ff267266872,2026-09-27T01:00:00Z,SMU Mustangs,Missouri State Bears,fanduel,2026-09-20T19:46:06Z,spreads,Missouri State Bears,-110,34.5
2026-09-20T19:46:24+00:00,manual,cfb,4d76388c84fc859e6bae8ff267266872,2026-09-27T01:00:00Z,SMU Mustangs,Missouri State Bears,fanduel,2026-09-20T19:46:06Z,spreads,SMU Mustangs,-110,-34.5
2026-09-20T19:46:24+00:00,manual,cfb,4d76388c84fc859e6bae8ff267266872,2026-09-27T01:00:00Z,SMU Mustangs,Missouri State Bears,fanduel,2026-09-20T19:46:06Z,totals,Over,-105,59.5
2026-09-20T19:46:24+00:00,manual,cfb,4d76388c84fc859e6bae8ff267266872,2026-09-27T01:00:00Z,SMU Mustangs,Missouri State Bears,fanduel,2026-09-20T19:46:06Z,totals,Under,-115,59.5
2026-09-20T19:46:24+00:00,manual,cfb,4d76388c84fc859e6bae8ff267266872,2026-09-27T01:00:00Z,SMU Mustangs,Missouri State Bears,draftkings,2026-09-20T19:45:46Z,h2h,Missouri State Bears,3500,
2026-09-20T19:46:24+00:00,manual,cfb,4d76388c84fc859e6bae8ff267266872,2026-09-27T01:00:00Z,SMU Mustangs,Missouri State Bears,draftkings,2026-09-20T19:45:46Z,h2h,SMU Mustangs,-20000,
2026-09-20T19:46:24+00:00,manual,cfb,4d76388c84fc859e6bae8ff267266872,2026-09-27T01:00:00Z,SMU Mustangs,Missouri State Bears,draftkings,2026-09-20T19:45:46Z,spreads,Missouri State Bears,-110,34.5
2026-09-20T19:46:24+00:00,manual,cfb,4d76388c84fc859e6bae8ff267266872,2026-09-27T01:00:00Z,SMU Mustangs,Missouri State Bears,draftkings,2026-09-20T19:45:46Z,spreads,SMU Mustangs,-110,-34.5
2026-09-20T19:46:24+00:00,manual,cfb,4d76388c84fc859e6bae8ff267266872,2026-09-27T01:00:00Z,SMU Mustangs,Missouri State Bears,draftkings,2026-09-20T19:45:46Z,totals,Over,-110,59.5
2026-09-20T19:46:24+00:00,manual,cfb,4d76388c84fc859e6bae8ff267266872,2026-09-27T01:00:00Z,SMU Mustangs,Missouri State Bears,draftkings,2026-09-20T19:45:46Z,totals,Under,-110,59.5
2026-09-20T19:46:24+00:00,manual,cfb,4d76388c84fc859e6bae8ff267266872,2026-09-27T01:00:00Z,SMU Mustangs,Missouri State Bears,lowvig,2026-09-20T19:45:27Z,spreads,Missouri State Bears,-106,34.5
2026-09-20T19:46:24+00:00,manual,cfb,4d76388c84fc859e6bae8ff267266872,2026-09-27T01:00:00Z,SMU Mustangs,Missouri State Bears,lowvig,2026-09-20T19:45:27Z,spreads,SMU Mustangs,-106,-34.5
2026-09-20T19:46:24+00:00,manual,cfb,4d76388c84fc859e6bae8ff267266872,2026-09-27T01:00:00Z,SMU Mustangs,Missouri State Bears,lowvig,2026-09-20T19:45:27Z,totals,Over,-108,59.5
2026-09-20T19:46:24+00:00,manual,cfb,4d76388c84fc859e6bae8ff267266872,2026-09-27T01:00:00Z,SMU Mustangs,Missouri State Bears,lowvig,2026-09-20T19:45:27Z,totals,Under,-108,59.5
2026-09-20T19:46:24+00:00,manual,cfb,4d76388c84fc859e6bae8ff267266872,2026-09-27T01:00:00Z,SMU Mustangs,Missouri State Bears,betonlineag,2026-09-20T19:45:27Z,spreads,Missouri State Bears,-110,34.5
2026-09-20T19:46:24+00:00,manual,cfb,4d76388c84fc859e6bae8ff267266872,2026-09-27T01:00:00Z,SMU Mustangs,Missouri State Bears,betonlineag,2026-09-20T19:45:27Z,spreads,SMU Mustangs,-110,-34.5
2026-09-20T19:46:24+00:00,manual,cfb,4d76388c84fc859e6bae8ff267266872,2026-09-27T01:00:00Z,SMU Mustangs,Missouri State Bears,betonlineag,2026-09-20T19:45:27Z,totals,Over,-110,59.5
2026-09-20T19:46:24+00:00,manual,cfb,4d76388c84fc859e6bae8ff267266872,2026-09-27T01:00:00Z,SMU Mustangs,Missouri State Bears,betonlineag,2026-09-20T19:45:27Z,totals,Under,-110,59.5
2026-09-20T19:46:24+00:00,manual,cfb,4d76388c84fc859e6bae8ff267266872,2026-09-27T01:00:00Z,SMU Mustangs,Missouri State Bears,betmgm,2026-09-20T19:46:05Z,h2h,Missouri State Bears,4500,
2026-09-20T19:46:24+00:00,manual,cfb,4d76388c84fc859e6bae8ff267266872,2026-09-27T01:00:00Z,SMU Mustangs,Missouri State Bears,betmgm,2026-09-20T19:46:05Z,h2h,SMU Mustangs,-25000,
2026-09-20T19:46:24+00:00,manual,cfb,4d76388c84fc859e6bae8ff267266872,2026-09-27T01:00:00Z,SMU Mustangs,Missouri State Bears,betmgm,2026-09-20T19:46:05Z,spreads,Missouri State Bears,-110,34.5
2026-09-20T19:46:24+00:00,manual,cfb,4d76388c84fc859e6bae8ff267266872,2026-09-27T01:00:00Z,SMU Mustangs,Missouri State Bears,betmgm,2026-09-20T19:46:05Z,spreads,SMU Mustangs,-108,-34.5
2026-09-20T19:46:24+00:00,manual,cfb,4d76388c84fc859e6bae8ff267266872,2026-09-27T01:00:00Z,SMU Mustangs,Missouri State Bears,betmgm,2026-09-20T19:46:05Z,totals,Over,-108,59.5
2026-09-20T19:46:24+00:00,manual,cfb,4d76388c84fc859e6bae8ff267266872,2026-09-27T01:00:00Z,SMU Mustangs,Missouri State Bears,betmgm,2026-09-20T19:46:05Z,totals,Under,-110,59.5
2026-09-20T19:46:24+00:00,manual,cfb,a48c4a759a03a93bf42e23d2f8bf769e,2026-09-27T01:00:00Z,UTEP Miners,Oregon State Beavers,fanduel,2026-09-20T19:46:06Z,h2h,Oregon State Beavers,-550,
2026-09-20T19:46:24+00:00,manual,cfb,a48c4a759a03a93bf42e23d2f8bf769e,2026-09-27T01:00:00Z,UTEP Miners,Oregon State Beavers,fanduel,2026-09-20T19:46:06Z,h2h,UTEP Miners,400,
2026-09-20T19:46:24+00:00,manual,cfb,a48c4a759a03a93bf42e23d2f8bf769e,2026-09-27T01:00:00Z,UTEP Miners,Oregon State Beavers,fanduel,2026-09-20T19:46:06Z,spreads,Oregon State Beavers,-110,-12.5
2026-09-20T19:46:24+00:00,manual,cfb,a48c4a759a03a93bf42e23d2f8bf769e,2026-09-27T01:00:00Z,UTEP Miners,Oregon State Beavers,fanduel,2026-09-20T19:46:06Z,spreads,UTEP Miners,-110,12.5
2026-09-20T19:46:24+00:00,manual,cfb,a48c4a759a03a93bf42e23d2f8bf769e,2026-09-27T01:00:00Z,UTEP Miners,Oregon State Beavers,fanduel,2026-09-20T19:46:06Z,totals,Over,-110,56.5
2026-09-20T19:46:24+00:00,manual,cfb,a48c4a759a03a93bf42e23d2f8bf769e,2026-09-27T01:00:00Z,UTEP Miners,Oregon State Beavers,fanduel,2026-09-20T19:46:06Z,totals,Under,-110,56.5
2026-09-20T19:46:24+00:00,manual,cfb,a48c4a759a03a93bf42e23d2f8bf769e,2026-09-27T01:00:00Z,UTEP Miners,Oregon State Beavers,draftkings,2026-09-20T19:45:46Z,h2h,Oregon State Beavers,-575,
2026-09-20T19:46:24+00:00,manual,cfb,a48c4a759a03a93bf42e23d2f8bf769e,2026-09-27T01:00:00Z,UTEP Miners,Oregon State Beavers,draftkings,2026-09-20T19:45:46Z,h2h,UTEP Miners,425,
2026-09-20T19:46:24+00:00,manual,cfb,a48c4a759a03a93bf42e23d2f8bf769e,2026-09-27T01:00:00Z,UTEP Miners,Oregon State Beavers,draftkings,2026-09-20T19:45:46Z,spreads,Oregon State Beavers,-110,-12.5
2026-09-20T19:46:24+00:00,manual,cfb,a48c4a759a03a93bf42e23d2f8bf769e,2026-09-27T01:00:00Z,UTEP Miners,Oregon State Beavers,draftkings,2026-09-20T19:45:46Z,spreads,UTEP Miners,-110,12.5
2026-09-20T19:46:24+00:00,manual,cfb,a48c4a759a03a93bf42e23d2f8bf769e,2026-09-27T01:00:00Z,UTEP Miners,Oregon State Beavers,draftkings,2026-09-20T19:45:46Z,totals,Over,-110,55.5
2026-09-20T19:46:24+00:00,manual,cfb,a48c4a759a03a93bf42e23d2f8bf769e,2026-09-27T01:00:00Z,UTEP Miners,Oregon State Beavers,draftkings,2026-09-20T19:45:46Z,totals,Under,-110,55.5
2026-09-20T19:46:24+00:00,manual,cfb,a48c4a759a03a93bf42e23d2f8bf769e,2026-09-27T01:00:00Z,UTEP Miners,Oregon State Beavers,lowvig,2026-09-20T19:45:27Z,spreads,Oregon State Beavers,-106,-11.5
2026-09-20T19:46:24+00:00,manual,cfb,a48c4a759a03a93bf42e23d2f8bf769e,2026-09-27T01:00:00Z,UTEP Miners,Oregon State Beavers,lowvig,2026-09-20T19:45:27Z,spreads,UTEP Miners,-106,11.5
2026-09-20T19:46:24+00:00,manual,cfb,a48c4a759a03a93bf42e23d2f8bf769e,2026-09-27T01:00:00Z,UTEP Miners,Oregon State Beavers,lowvig,2026-09-20T19:45:27Z,totals,Over,-108,56.0
2026-09-20T19:46:24+00:00,manual,cfb,a48c4a759a03a93bf42e23d2f8bf769e,2026-09-27T01:00:00Z,UTEP Miners,Oregon State Beavers,lowvig,2026-09-20T19:45:27Z,totals,Under,-108,56.0
2026-09-20T19:46:24+00:00,manual,cfb,a48c4a759a03a93bf42e23d2f8bf769e,2026-09-27T01:00:00Z,UTEP Miners,Oregon State Beavers,betonlineag,2026-09-20T19:45:27Z,spreads,Oregon State Beavers,-110,-11.5
2026-09-20T19:46:24+00:00,manual,cfb,a48c4a759a03a93bf42e23d2f8bf769e,2026-09-27T01:00:00Z,UTEP Miners,Oregon State Beavers,betonlineag,2026-09-20T19:45:27Z,spreads,UTEP Miners,-110,11.5
2026-09-20T19:46:24+00:00,manual,cfb,a48c4a759a03a93bf42e23d2f8bf769e,2026-09-27T01:00:00Z,UTEP Miners,Oregon State Beavers,betonlineag,2026-09-20T19:45:27Z,totals,Over,-110,56.0
2026-09-20T19:46:24+00:00,manual,cfb,a48c4a759a03a93bf42e23d2f8bf769e,2026-09-27T01:00:00Z,UTEP Miners,Oregon State Beavers,betonlineag,2026-09-20T19:45:27Z,totals,Under,-110,56.0
2026-09-20T19:46:24+00:00,manual,cfb,a48c4a759a03a93bf42e23d2f8bf769e,2026-09-27T01:00:00Z,UTEP Miners,Oregon State Beavers,betmgm,2026-09-20T19:46:05Z,h2h,Oregon State Beavers,-550,
2026-09-20T19:46:24+00:00,manual,cfb,a48c4a759a03a93bf42e23d2f8bf769e,2026-09-27T01:00:00Z,UTEP Miners,Oregon State Beavers,betmgm,2026-09-20T19:46:05Z,h2h,UTEP Miners,425,
2026-09-20T19:46:24+00:00,manual,cfb,a48c4a759a03a93bf42e23d2f8bf769e,2026-09-27T01:00:00Z,UTEP Miners,Oregon State Beavers,betmgm,2026-09-20T19:46:05Z,spreads,Oregon State Beavers,-110,-12.0
2026-09-20T19:46:24+00:00,manual,cfb,a48c4a759a03a93bf42e23d2f8bf769e,2026-09-27T01:00:00Z,UTEP Miners,Oregon State Beavers,betmgm,2026-09-20T19:46:05Z,spreads,UTEP Miners,-108,12.0
2026-09-20T19:46:24+00:00,manual,cfb,a48c4a759a03a93bf42e23d2f8bf769e,2026-09-27T01:00:00Z,UTEP Miners,Oregon State Beavers,betmgm,2026-09-20T19:46:05Z,totals,Over,-108,56.5
2026-09-20T19:46:24+00:00,manual,cfb,a48c4a759a03a93bf42e23d2f8bf769e,2026-09-27T01:00:00Z,UTEP Miners,Oregon State Beavers,betmgm,2026-09-20T19:46:05Z,totals,Under,-110,56.5
2026-09-20T19:46:24+00:00,manual,cfb,271438149d3f0afb2ff01736101b5e20,2026-09-27T02:00:00Z,Fresno State Bulldogs,Rice Owls,fanduel,2026-09-20T19:46:06Z,h2h,Fresno State Bulldogs,-550,
2026-09-20T19:46:24+00:00,manual,cfb,271438149d3f0afb2ff01736101b5e20,2026-09-27T02:00:00Z,Fresno State Bulldogs,Rice Owls,fanduel,2026-09-20T19:46:06Z,h2h,Rice Owls,400,
2026-09-20T19:46:24+00:00,manual,cfb,271438149d3f0afb2ff01736101b5e20,2026-09-27T02:00:00Z,Fresno State Bulldogs,Rice Owls,fanduel,2026-09-20T19:46:06Z,spreads,Fresno State Bulldogs,-110,-12.5
2026-09-20T19:46:24+00:00,manual,cfb,271438149d3f0afb2ff01736101b5e20,2026-09-27T02:00:00Z,Fresno State Bulldogs,Rice Owls,fanduel,2026-09-20T19:46:06Z,spreads,Rice Owls,-110,12.5
2026-09-20T19:46:24+00:00,manual,cfb,271438149d3f0afb2ff01736101b5e20,2026-09-27T02:00:00Z,Fresno State Bulldogs,Rice Owls,fanduel,2026-09-20T19:46:06Z,totals,Over,-110,44.5
2026-09-20T19:46:24+00:00,manual,cfb,271438149d3f0afb2ff01736101b5e20,2026-09-27T02:00:00Z,Fresno State Bulldogs,Rice Owls,fanduel,2026-09-20T19:46:06Z,totals,Under,-110,44.5
2026-09-20T19:46:24+00:00,manual,cfb,271438149d3f0afb2ff01736101b5e20,2026-09-27T02:00:00Z,Fresno State Bulldogs,Rice Owls,draftkings,2026-09-20T19:45:46Z,h2h,Fresno State Bulldogs,-520,
2026-09-20T19:46:24+00:00,manual,cfb,271438149d3f0afb2ff01736101b5e20,2026-09-27T02:00:00Z,Fresno State Bulldogs,Rice Owls,draftkings,2026-09-20T19:45:46Z,h2h,Rice Owls,390,
2026-09-20T19:46:24+00:00,manual,cfb,271438149d3f0afb2ff01736101b5e20,2026-09-27T02:00:00Z,Fresno State Bulldogs,Rice Owls,draftkings,2026-09-20T19:45:46Z,spreads,Fresno State Bulldogs,-110,-13.5
2026-09-20T19:46:24+00:00,manual,cfb,271438149d3f0afb2ff01736101b5e20,2026-09-27T02:00:00Z,Fresno State Bulldogs,Rice Owls,draftkings,2026-09-20T19:45:46Z,spreads,Rice Owls,-110,13.5
2026-09-20T19:46:24+00:00,manual,cfb,271438149d3f0afb2ff01736101b5e20,2026-09-27T02:00:00Z,Fresno State Bulldogs,Rice Owls,draftkings,2026-09-20T19:45:46Z,totals,Over,-110,43.5
2026-09-20T19:46:24+00:00,manual,cfb,271438149d3f0afb2ff01736101b5e20,2026-09-27T02:00:00Z,Fresno State Bulldogs,Rice Owls,draftkings,2026-09-20T19:45:46Z,totals,Under,-110,43.5
2026-09-20T19:46:24+00:00,manual,cfb,271438149d3f0afb2ff01736101b5e20,2026-09-27T02:00:00Z,Fresno State Bulldogs,Rice Owls,betonlineag,2026-09-20T19:45:27Z,spreads,Fresno State Bulldogs,-115,-13.5
2026-09-20T19:46:24+00:00,manual,cfb,271438149d3f0afb2ff01736101b5e20,2026-09-27T02:00:00Z,Fresno State Bulldogs,Rice Owls,betonlineag,2026-09-20T19:45:27Z,spreads,Rice Owls,-105,13.5
2026-09-20T19:46:24+00:00,manual,cfb,271438149d3f0afb2ff01736101b5e20,2026-09-27T02:00:00Z,Fresno State Bulldogs,Rice Owls,betonlineag,2026-09-20T19:45:27Z,totals,Over,-110,44.0
2026-09-20T19:46:24+00:00,manual,cfb,271438149d3f0afb2ff01736101b5e20,2026-09-27T02:00:00Z,Fresno State Bulldogs,Rice Owls,betonlineag,2026-09-20T19:45:27Z,totals,Under,-110,44.0
2026-09-20T19:46:24+00:00,manual,cfb,271438149d3f0afb2ff01736101b5e20,2026-09-27T02:00:00Z,Fresno State Bulldogs,Rice Owls,lowvig,2026-09-20T19:45:27Z,spreads,Fresno State Bulldogs,-111,-13.5
2026-09-20T19:46:24+00:00,manual,cfb,271438149d3f0afb2ff01736101b5e20,2026-09-27T02:00:00Z,Fresno State Bulldogs,Rice Owls,lowvig,2026-09-20T19:45:27Z,spreads,Rice Owls,-101,13.5
2026-09-20T19:46:24+00:00,manual,cfb,271438149d3f0afb2ff01736101b5e20,2026-09-27T02:00:00Z,Fresno State Bulldogs,Rice Owls,lowvig,2026-09-20T19:45:27Z,totals,Over,-108,44.0
2026-09-20T19:46:24+00:00,manual,cfb,271438149d3f0afb2ff01736101b5e20,2026-09-27T02:00:00Z,Fresno State Bulldogs,Rice Owls,lowvig,2026-09-20T19:45:27Z,totals,Under,-108,44.0
2026-09-20T19:46:24+00:00,manual,cfb,271438149d3f0afb2ff01736101b5e20,2026-09-27T02:00:00Z,Fresno State Bulldogs,Rice Owls,betmgm,2026-09-20T19:46:05Z,h2h,Fresno State Bulldogs,-525,
2026-09-20T19:46:24+00:00,manual,cfb,271438149d3f0afb2ff01736101b5e20,2026-09-27T02:00:00Z,Fresno State Bulldogs,Rice Owls,betmgm,2026-09-20T19:46:05Z,h2h,Rice Owls,400,
2026-09-20T19:46:24+00:00,manual,cfb,271438149d3f0afb2ff01736101b5e20,2026-09-27T02:00:00Z,Fresno State Bulldogs,Rice Owls,betmgm,2026-09-20T19:46:05Z,spreads,Fresno State Bulldogs,-110,-13.0
2026-09-20T19:46:24+00:00,manual,cfb,271438149d3f0afb2ff01736101b5e20,2026-09-27T02:00:00Z,Fresno State Bulldogs,Rice Owls,betmgm,2026-09-20T19:46:05Z,spreads,Rice Owls,-108,13.0
2026-09-20T19:46:24+00:00,manual,cfb,271438149d3f0afb2ff01736101b5e20,2026-09-27T02:00:00Z,Fresno State Bulldogs,Rice Owls,betmgm,2026-09-20T19:46:05Z,totals,Over,-102,44.5
2026-09-20T19:46:24+00:00,manual,cfb,271438149d3f0afb2ff01736101b5e20,2026-09-27T02:00:00Z,Fresno State Bulldogs,Rice Owls,betmgm,2026-09-20T19:46:05Z,totals,Under,-118,44.5
2026-09-20T19:46:24+00:00,manual,cfb,0c86537a10b805d25a4ab4f4efdd4c30,2026-09-27T02:30:00Z,Stanford Cardinal,Georgia Tech Yellow Jackets,fanduel,2026-09-20T19:46:06Z,h2h,Georgia Tech Yellow Jackets,-194,
2026-09-20T19:46:24+00:00,manual,cfb,0c86537a10b805d25a4ab4f4efdd4c30,2026-09-27T02:30:00Z,Stanford Cardinal,Georgia Tech Yellow Jackets,fanduel,2026-09-20T19:46:06Z,h2h,Stanford Cardinal,160,
2026-09-20T19:46:24+00:00,manual,cfb,0c86537a10b805d25a4ab4f4efdd4c30,2026-09-27T02:30:00Z,Stanford Cardinal,Georgia Tech Yellow Jackets,fanduel,2026-09-20T19:46:06Z,spreads,Georgia Tech Yellow Jackets,-105,-5.5
2026-09-20T19:46:24+00:00,manual,cfb,0c86537a10b805d25a4ab4f4efdd4c30,2026-09-27T02:30:00Z,Stanford Cardinal,Georgia Tech Yellow Jackets,fanduel,2026-09-20T19:46:06Z,spreads,Stanford Cardinal,-115,5.5
2026-09-20T19:46:24+00:00,manual,cfb,0c86537a10b805d25a4ab4f4efdd4c30,2026-09-27T02:30:00Z,Stanford Cardinal,Georgia Tech Yellow Jackets,fanduel,2026-09-20T19:46:06Z,totals,Over,-110,46.5
2026-09-20T19:46:24+00:00,manual,cfb,0c86537a10b805d25a4ab4f4efdd4c30,2026-09-27T02:30:00Z,Stanford Cardinal,Georgia Tech Yellow Jackets,fanduel,2026-09-20T19:46:06Z,totals,Under,-110,46.5
2026-09-20T19:46:24+00:00,manual,cfb,0c86537a10b805d25a4ab4f4efdd4c30,2026-09-27T02:30:00Z,Stanford Cardinal,Georgia Tech Yellow Jackets,draftkings,2026-09-20T19:45:46Z,h2h,Georgia Tech Yellow Jackets,-185,
2026-09-20T19:46:24+00:00,manual,cfb,0c86537a10b805d25a4ab4f4efdd4c30,2026-09-27T02:30:00Z,Stanford Cardinal,Georgia Tech Yellow Jackets,draftkings,2026-09-20T19:45:46Z,h2h,Stanford Cardinal,154,
2026-09-20T19:46:24+00:00,manual,cfb,0c86537a10b805d25a4ab4f4efdd4c30,2026-09-27T02:30:00Z,Stanford Cardinal,Georgia Tech Yellow Jackets,draftkings,2026-09-20T19:45:46Z,spreads,Georgia Tech Yellow Jackets,-110,-4.5
2026-09-20T19:46:24+00:00,manual,cfb,0c86537a10b805d25a4ab4f4efdd4c30,2026-09-27T02:30:00Z,Stanford Cardinal,Georgia Tech Yellow Jackets,draftkings,2026-09-20T19:45:46Z,spreads,Stanford Cardinal,-110,4.5
2026-09-20T19:46:24+00:00,manual,cfb,0c86537a10b805d25a4ab4f4efdd4c30,2026-09-27T02:30:00Z,Stanford Cardinal,Georgia Tech Yellow Jackets,draftkings,2026-09-20T19:45:46Z,totals,Over,-110,47.5
2026-09-20T19:46:24+00:00,manual,cfb,0c86537a10b805d25a4ab4f4efdd4c30,2026-09-27T02:30:00Z,Stanford Cardinal,Georgia Tech Yellow Jackets,draftkings,2026-09-20T19:45:46Z,totals,Under,-110,47.5
2026-09-20T19:46:24+00:00,manual,cfb,0c86537a10b805d25a4ab4f4efdd4c30,2026-09-27T02:30:00Z,Stanford Cardinal,Georgia Tech Yellow Jackets,betonlineag,2026-09-20T19:45:27Z,spreads,Georgia Tech Yellow Jackets,-110,-5.0
2026-09-20T19:46:24+00:00,manual,cfb,0c86537a10b805d25a4ab4f4efdd4c30,2026-09-27T02:30:00Z,Stanford Cardinal,Georgia Tech Yellow Jackets,betonlineag,2026-09-20T19:45:27Z,spreads,Stanford Cardinal,-110,5.0
2026-09-20T19:46:24+00:00,manual,cfb,0c86537a10b805d25a4ab4f4efdd4c30,2026-09-27T02:30:00Z,Stanford Cardinal,Georgia Tech Yellow Jackets,betonlineag,2026-09-20T19:45:27Z,totals,Over,-110,47.5
2026-09-20T19:46:24+00:00,manual,cfb,0c86537a10b805d25a4ab4f4efdd4c30,2026-09-27T02:30:00Z,Stanford Cardinal,Georgia Tech Yellow Jackets,betonlineag,2026-09-20T19:45:27Z,totals,Under,-110,47.5
2026-09-20T19:46:24+00:00,manual,cfb,0c86537a10b805d25a4ab4f4efdd4c30,2026-09-27T02:30:00Z,Stanford Cardinal,Georgia Tech Yellow Jackets,lowvig,2026-09-20T19:45:27Z,spreads,Georgia Tech Yellow Jackets,-106,-5.0
2026-09-20T19:46:24+00:00,manual,cfb,0c86537a10b805d25a4ab4f4efdd4c30,2026-09-27T02:30:00Z,Stanford Cardinal,Georgia Tech Yellow Jackets,lowvig,2026-09-20T19:45:27Z,spreads,Stanford Cardinal,-106,5.0
2026-09-20T19:46:24+00:00,manual,cfb,0c86537a10b805d25a4ab4f4efdd4c30,2026-09-27T02:30:00Z,Stanford Cardinal,Georgia Tech Yellow Jackets,lowvig,2026-09-20T19:45:27Z,totals,Over,-108,47.5
2026-09-20T19:46:24+00:00,manual,cfb,0c86537a10b805d25a4ab4f4efdd4c30,2026-09-27T02:30:00Z,Stanford Cardinal,Georgia Tech Yellow Jackets,lowvig,2026-09-20T19:45:27Z,totals,Under,-108,47.5
2026-09-20T19:46:24+00:00,manual,cfb,0c86537a10b805d25a4ab4f4efdd4c30,2026-09-27T02:30:00Z,Stanford Cardinal,Georgia Tech Yellow Jackets,betmgm,2026-09-20T19:46:05Z,h2h,Georgia Tech Yellow Jackets,-190,
2026-09-20T19:46:24+00:00,manual,cfb,0c86537a10b805d25a4ab4f4efdd4c30,2026-09-27T02:30:00Z,Stanford Cardinal,Georgia Tech Yellow Jackets,betmgm,2026-09-20T19:46:05Z,h2h,Stanford Cardinal,155,
2026-09-20T19:46:24+00:00,manual,cfb,0c86537a10b805d25a4ab4f4efdd4c30,2026-09-27T02:30:00Z,Stanford Cardinal,Georgia Tech Yellow Jackets,betmgm,2026-09-20T19:46:05Z,spreads,Georgia Tech Yellow Jackets,-110,-4.5
2026-09-20T19:46:24+00:00,manual,cfb,0c86537a10b805d25a4ab4f4efdd4c30,2026-09-27T02:30:00Z,Stanford Cardinal,Georgia Tech Yellow Jackets,betmgm,2026-09-20T19:46:05Z,spreads,Stanford Cardinal,-108,4.5
2026-09-20T19:46:24+00:00,manual,cfb,0c86537a10b805d25a4ab4f4efdd4c30,2026-09-27T02:30:00Z,Stanford Cardinal,Georgia Tech Yellow Jackets,betmgm,2026-09-20T19:46:05Z,totals,Over,-105,47.5
2026-09-20T19:46:24+00:00,manual,cfb,0c86537a10b805d25a4ab4f4efdd4c30,2026-09-27T02:30:00Z,Stanford Cardinal,Georgia Tech Yellow Jackets,betmgm,2026-09-20T19:46:05Z,totals,Under,-115,47.5
2026-09-20T19:46:24+00:00,manual,cfb,e497e36c59bded468da11878568e7c80,2026-09-27T03:00:00Z,Washington Huskies,Minnesota Golden Gophers,fanduel,2026-09-20T19:46:06Z,h2h,Minnesota Golden Gophers,280,
2026-09-20T19:46:24+00:00,manual,cfb,e497e36c59bded468da11878568e7c80,2026-09-27T03:00:00Z,Washington Huskies,Minnesota Golden Gophers,fanduel,2026-09-20T19:46:06Z,h2h,Washington Huskies,-360,
2026-09-20T19:46:24+00:00,manual,cfb,e497e36c59bded468da11878568e7c80,2026-09-27T03:00:00Z,Washington Huskies,Minnesota Golden Gophers,fanduel,2026-09-20T19:46:06Z,spreads,Minnesota Golden Gophers,-105,8.5
2026-09-20T19:46:24+00:00,manual,cfb,e497e36c59bded468da11878568e7c80,2026-09-27T03:00:00Z,Washington Huskies,Minnesota Golden Gophers,fanduel,2026-09-20T19:46:06Z,spreads,Washington Huskies,-115,-8.5
2026-09-20T19:46:24+00:00,manual,cfb,e497e36c59bded468da11878568e7c80,2026-09-27T03:00:00Z,Washington Huskies,Minnesota Golden Gophers,fanduel,2026-09-20T19:46:06Z,totals,Over,-105,45.5
2026-09-20T19:46:24+00:00,manual,cfb,e497e36c59bded468da11878568e7c80,2026-09-27T03:00:00Z,Washington Huskies,Minnesota Golden Gophers,fanduel,2026-09-20T19:46:06Z,totals,Under,-115,45.5
2026-09-20T19:46:24+00:00,manual,cfb,e497e36c59bded468da11878568e7c80,2026-09-27T03:00:00Z,Washington Huskies,Minnesota Golden Gophers,draftkings,2026-09-20T19:45:46Z,h2h,Minnesota Golden Gophers,320,
2026-09-20T19:46:24+00:00,manual,cfb,e497e36c59bded468da11878568e7c80,2026-09-27T03:00:00Z,Washington Huskies,Minnesota Golden Gophers,draftkings,2026-09-20T19:45:46Z,h2h,Washington Huskies,-410,
2026-09-20T19:46:24+00:00,manual,cfb,e497e36c59bded468da11878568e7c80,2026-09-27T03:00:00Z,Washington Huskies,Minnesota Golden Gophers,draftkings,2026-09-20T19:45:46Z,spreads,Minnesota Golden Gophers,-110,9.5
2026-09-20T19:46:24+00:00,manual,cfb,e497e36c59bded468da11878568e7c80,2026-09-27T03:00:00Z,Washington Huskies,Minnesota Golden Gophers,draftkings,2026-09-20T19:45:46Z,spreads,Washington Huskies,-110,-9.5
2026-09-20T19:46:24+00:00,manual,cfb,e497e36c59bded468da11878568e7c80,2026-09-27T03:00:00Z,Washington Huskies,Minnesota Golden Gophers,draftkings,2026-09-20T19:45:46Z,totals,Over,-110,45.5
2026-09-20T19:46:24+00:00,manual,cfb,e497e36c59bded468da11878568e7c80,2026-09-27T03:00:00Z,Washington Huskies,Minnesota Golden Gophers,draftkings,2026-09-20T19:45:46Z,totals,Under,-110,45.5
2026-09-20T19:46:24+00:00,manual,cfb,e497e36c59bded468da11878568e7c80,2026-09-27T03:00:00Z,Washington Huskies,Minnesota Golden Gophers,betonlineag,2026-09-20T19:45:27Z,spreads,Minnesota Golden Gophers,-110,8.5
2026-09-20T19:46:24+00:00,manual,cfb,e497e36c59bded468da11878568e7c80,2026-09-27T03:00:00Z,Washington Huskies,Minnesota Golden Gophers,betonlineag,2026-09-20T19:45:27Z,spreads,Washington Huskies,-110,-8.5
2026-09-20T19:46:24+00:00,manual,cfb,e497e36c59bded468da11878568e7c80,2026-09-27T03:00:00Z,Washington Huskies,Minnesota Golden Gophers,betonlineag,2026-09-20T19:45:27Z,totals,Over,-110,46.0
2026-09-20T19:46:24+00:00,manual,cfb,e497e36c59bded468da11878568e7c80,2026-09-27T03:00:00Z,Washington Huskies,Minnesota Golden Gophers,betonlineag,2026-09-20T19:45:27Z,totals,Under,-110,46.0
2026-09-20T19:46:24+00:00,manual,cfb,e497e36c59bded468da11878568e7c80,2026-09-27T03:00:00Z,Washington Huskies,Minnesota Golden Gophers,lowvig,2026-09-20T19:45:27Z,spreads,Minnesota Golden Gophers,-106,8.5
2026-09-20T19:46:24+00:00,manual,cfb,e497e36c59bded468da11878568e7c80,2026-09-27T03:00:00Z,Washington Huskies,Minnesota Golden Gophers,lowvig,2026-09-20T19:45:27Z,spreads,Washington Huskies,-106,-8.5
2026-09-20T19:46:24+00:00,manual,cfb,e497e36c59bded468da11878568e7c80,2026-09-27T03:00:00Z,Washington Huskies,Minnesota Golden Gophers,lowvig,2026-09-20T19:45:27Z,totals,Over,-108,46.0
2026-09-20T19:46:24+00:00,manual,cfb,e497e36c59bded468da11878568e7c80,2026-09-27T03:00:00Z,Washington Huskies,Minnesota Golden Gophers,lowvig,2026-09-20T19:45:27Z,totals,Under,-108,46.0
2026-09-20T19:46:24+00:00,manual,cfb,e497e36c59bded468da11878568e7c80,2026-09-27T03:00:00Z,Washington Huskies,Minnesota Golden Gophers,betmgm,2026-09-20T19:46:05Z,h2h,Minnesota Golden Gophers,310,
2026-09-20T19:46:24+00:00,manual,cfb,e497e36c59bded468da11878568e7c80,2026-09-27T03:00:00Z,Washington Huskies,Minnesota Golden Gophers,betmgm,2026-09-20T19:46:05Z,h2h,Washington Huskies,-375,
2026-09-20T19:46:24+00:00,manual,cfb,e497e36c59bded468da11878568e7c80,2026-09-27T03:00:00Z,Washington Huskies,Minnesota Golden Gophers,betmgm,2026-09-20T19:46:05Z,spreads,Minnesota Golden Gophers,-108,9.0
2026-09-20T19:46:24+00:00,manual,cfb,e497e36c59bded468da11878568e7c80,2026-09-27T03:00:00Z,Washington Huskies,Minnesota Golden Gophers,betmgm,2026-09-20T19:46:05Z,spreads,Washington Huskies,-110,-9.0
2026-09-20T19:46:24+00:00,manual,cfb,e497e36c59bded468da11878568e7c80,2026-09-27T03:00:00Z,Washington Huskies,Minnesota Golden Gophers,betmgm,2026-09-20T19:46:05Z,totals,Over,-108,45.5
2026-09-20T19:46:24+00:00,manual,cfb,e497e36c59bded468da11878568e7c80,2026-09-27T03:00:00Z,Washington Huskies,Minnesota Golden Gophers,betmgm,2026-09-20T19:46:05Z,totals,Under,-110,45.5
